Season,Site,Test #,Full Date,Year,Month,Day,Hour,Minute,Total Counts,Live Time [Minutes],% Counts (A),% Counts (B),% Counts (C),% Counts (D),High Voltage,HV Duty Cycle,Air Temperature [Celsius],Relative Humidity [%],Leakage Current,Battery Voltage,Pump Current [mA],Flags Byte,Radon [pCi/L],Radon 2-Sigma Uncert. [pCi/L],Units Byte,Run #,Cycle #,C/A Count Ratio,Mode,Calculated Radon [Dpm/L],Calculated Radon 2-Sigma Uncert. [Dpm/L],Calculated Thoron [Dpm/L],Calculated Thoron 2-Sigma Uncert. [Dpm/L],Radon In Water [Dpm/L],Thoron In Water [Dpm/L],Water Temperature [Celsius],Meaningful Thoron Threshold (Air) [Dpm/L],Meaningful Thoron Threshold (Water) [Dpm/L],Total Counts (A),Total Counts (B),Total Counts (C),Total Counts (D),Total Counts (Other),Avg. CPM (A),Avg. CPM (B),Avg. CPM (C),Avg. CPM (D),Avg. CPM (Other)
Dry,Cabral,20,8/9/2021 7:04,21,8,9,7,4,1,4.6,100,0,0,0,2218,9,23.8,14,2,6.27,50,134,0.8730766,4.215587,255,3,1,0,Sniff,0,10,0,17,0.3,0,35,0,0,1,0,0,0,0,0.217,0,0,0,0
Dry,Cabral,21,8/9/2021 7:09,21,8,9,7,9,27,4.6,77.8,3.7,0,0,2218,9,24.1,12,2,6.3,50,134,18.43318,9.989758,255,3,2,0,Sniff,45,25,4,21,6.6,6,35,0,0,21,1,0,0,5,4.57,0.217,0,0,1.09
Dry,Cabral,22,8/9/2021 7:14,21,8,9,7,14,52,4.6,86.6,1.9,0,0,2218,9,24.1,11,2,6.27,50,134,39.49968,13.6622,255,3,3,0,Sniff,96,33,4,21,14,10,35,0,0,45,1,0,0,6,9.79,0.215,0,0,1.3
Dry,Cabral,23,8/9/2021 7:19,21,8,9,7,19,67,4.6,97,0,1.5,0,2218,9,24.1,10,2,6.3,50,134,57.05508,16.01762,255,3,4,0.0155,Sniff,137,38,0,17,20,0,35,0.683,0.996,65,0,1,0,1,14.1,0,0.218,0,0.218
Dry,Cabral,24,8/9/2021 7:24,21,8,9,7,24,95,4.6,92.6,0,4.2,0,2201,9,24.4,10,2,6.3,50,134,77.66132,18.41629,255,3,5,0.0454,Sniff,184,44,0,17,26.8,0,35,1.37,1.99,88,0,4,0,3,19.1,0,0.867,0,0.661
Dry,Cabral,25,8/9/2021 7:29,21,8,9,7,29,138,4.6,84.1,0,9.4,0,2201,9,24.4,9,2,6.3,50,134,102.3718,20.85675,255,3,6,0.112,Sniff,241,49,0,17,35.2,0,35,2.46,3.59,116,0,13,0,9,25.2,0,2.82,0,1.95
Dry,Cabral,26,8/9/2021 7:34,21,8,9,7,34,149,4.6,81.2,0.7,11.4,0,2218,9,24.4,9,2,6.3,50,134,106.7843,21.26042,255,3,7,0.14,Sniff,250,50,0,20,36.5,5,35,2.96,4.31,121,1,17,0,10,26.3,0.227,3.69,0,2.17
Dry,Cabral,27,8/9/2021 7:39,21,8,9,7,39,185,4.6,80.6,0,9.2,0,2201,9,24.7,9,2,6.3,50,134,132.2094,23.50923,255,3,8,0.114,Sniff,308,55,0,17,44.9,0,35,2.82,4.11,149,0,17,0,19,32.4,0,3.7,0,4.1
Dry,Cabral,28,8/9/2021 7:44,21,8,9,7,44,175,4.6,78.3,0.6,15.4,0.6,2218,9,24.7,9,2,6.3,50,134,120.9046,22.49944,255,3,9,0.197,Sniff,282,53,0,20,41.1,4,35,3.72,5.43,137,1,27,1,9,29.8,0.228,5.86,0.228,1.94
Dry,Cabral,29,8/9/2021 7:49,21,8,9,7,49,249,4.6,77.9,0.4,17.3,0.8,2218,8,24.7,8,2,6.33,50,134,171.2511,26.55588,255,3,10,0.222,Sniff,398,62,2,17,57.9,3,35,4.69,6.83,194,1,43,2,9,42.2,0.217,9.36,0.433,1.95
Dry,Cabral,30,8/9/2021 7:54,21,8,9,7,54,213,4.6,80.3,0,15.5,0,2218,9,24.7,8,2,6.3,50,134,151.7303,25.04858,255,3,11,0.193,Sniff,351,58,0,16,51.1,0,35,3.93,5.72,171,0,33,0,9,37.2,0,7.18,0,1.94
Dry,Cabral,31,8/9/2021 7:59,21,8,9,7,59,270,4.6,76.7,0.4,17.8,0.4,2218,9,25,8,2,6.3,50,134,183.6735,27.3686,255,3,12,0.232,Sniff,423,63,2,16,61.7,3,35,4.93,7.18,207,1,48,1,13,45,0.235,10.4,0.235,2.76
Dry,Cabral,32,8/9/2021 8:04,21,8,9,8,4,271,4.6,68.3,0.8,25.8,0.4,2218,9,25,8,2,6.3,50,134,164.1526,25.97726,255,3,13,0.378,Sniff,380,60,10,20,55.1,7,35,5.95,8.67,185,2,70,1,13,40.2,0.471,15.2,0.236,2.77
Dry,Cabral,33,8/9/2021 8:09,21,8,9,8,9,260,4.6,66.9,0.4,26.9,0.4,2218,9,25,8,2,6.3,50,134,154.3922,25.25068,255,3,14,0.402,Sniff,355,58,0,16,51.8,1,35,5.95,8.67,174,1,70,1,14,37.8,0.226,15.2,0.226,3.05
Dry,Cabral,34,8/9/2021 8:14,21,8,9,8,14,265,4.6,65.3,1.5,29.8,0,2218,9,25.3,8,2,6.3,50,134,153.5049,25.18351,255,3,15,0.456,Sniff,355,58,12,25,51.7,18,35,6.33,9.22,173,4,79,0,9,37.6,0.864,17.2,0,1.96
Dry,Cabral,35,8/9/2021 8:19,21,8,9,8,19,302,4.6,59.3,0.3,37.1,0,2218,8,25.3,8,2,6.3,50,134,158.8288,25.58369,255,3,16,0.626,Sniff,368,59,0,16,53.6,0,35,7.23,10.5,179,1,112,0,10,38.9,0.197,24.4,0,2.17
Dry,Cabral,36,8/9/2021 8:24,21,8,9,8,24,349,4.5,63.3,0.9,30.1,0,2218,9,25.3,8,2,6.3,50,134,197.1674,28.3701,255,3,17,0.476,Sniff,463,67,7,23,67.5,11,35,7.46,10.9,221,3,105,0,20,49.1,0.698,23.3,0,4.42
Dry,Cabral,37,8/9/2021 8:29,21,8,9,8,29,311,4.6,64.6,0.7,31.5,0.3,2201,9,25.3,7,2,6.3,50,134,178.3496,26.99675,255,3,18,0.488,Sniff,410,62,0,20,59.8,5,35,7.03,10.2,201,2,98,1,9,43.7,0.473,21.3,0.203,1.96
Dry,Cabral,38,8/9/2021 8:34,21,8,9,8,34,355,4.5,64,0.6,31.3,0,2201,9,25.3,7,2,6.3,50,134,202.5204,28.72697,255,3,19,0.489,Sniff,473,67,0,20,68.9,4,35,7.61,11.1,227,2,111,0,15,50.5,0.473,24.7,0,3.23
Dry,Cabral,39,8/9/2021 8:39,21,8,9,8,39,327,4.6,60.9,0,34.9,0.3,2218,9,25.6,7,2,6.3,50,134,175.6877,26.87158,255,3,20,0.573,Sniff,404,62,0,16,58.8,0,35,7.3,10.6,199,0,114,1,13,43.3,0,24.8,0.213,2.77
Dry,Cabral,40,8/9/2021 8:44,21,8,9,8,44,378,4.5,56.1,0.8,38.6,0.3,2218,8,25.6,7,2,6.3,50,134,188.2458,27.82562,255,3,21,0.688,Sniff,439,65,0,20,64,7,35,8.71,12.7,212,3,146,1,16,47.1,0.672,32.4,0.252,3.53
Dry,Cabral,41,8/9/2021 8:49,21,8,9,8,49,398,4.5,54.5,0.5,41.5,0.3,2218,9,25.6,7,2,6.27,50,134,193.5988,28.1295,255,3,22,0.761,Sniff,449,66,0,17,65.5,0,35,8.97,13.1,217,2,165,1,13,48.2,0.442,36.7,0.265,2.83
Dry,Cabral,42,8/9/2021 8:54,21,8,9,8,54,339,4.5,52.5,1.8,42.8,0,2218,8,25.6,7,2,6.33,50,134,158.8045,25.6569,255,3,23,0.815,Sniff,370,60,17,27,53.9,25,35,8.68,12.6,178,6,145,0,10,39.6,1.36,32.2,0,2.18
Dry,Cabral,43,8/9/2021 8:59,21,8,9,8,59,386,4.5,51.6,0,45.1,0.5,2218,9,25.9,7,2,6.3,50,134,176.6477,27.01842,255,3,24,0.874,Sniff,412,63,0,17,60.1,0,35,9.21,13.4,199,0,174,2,11,44.3,0,38.7,0.429,2.4
Dry,Cabral,44,8/9/2021 9:04,21,8,9,9,4,426,4.5,54,1,41.8,0,2218,9,26.2,7,2,6.27,50,134,205.1969,28.90364,255,3,25,0.774,Sniff,479,68,8,23,69.8,12,35,9.65,14.1,230,4,178,0,14,51.1,0.947,39.6,0,3.03
Dry,Cabral,45,8/9/2021 9:09,21,8,9,9,9,409,4.5,54,0.3,42.8,0.7,2218,9,26.5,7,2,6.27,50,134,196.2753,28.4299,255,3,26,0.793,Sniff,458,67,0,17,66.7,0,35,9.24,13.5,221,1,175,3,9,49.1,0.273,38.9,0.636,2
Dry,Cabral,46,8/9/2021 9:14,21,8,9,9,14,406,4.5,51.7,0,44.1,0.5,2218,9,26.8,7,2,6.3,50,134,186.4615,27.76442,255,3,27,0.853,Sniff,436,65,0,17,63.6,0,35,9.34,13.6,210,0,179,2,15,46.6,0,39.8,0.451,3.34
Dry,Cabral,47,8/9/2021 9:19,21,8,9,9,19,393,4.5,48.6,1,47.8,0,2218,9,27.1,7,2,6.3,50,134,170.4026,26.50859,255,3,28,0.984,Sniff,400,62,6,23,58.2,9,35,9.95,14.5,191,4,188,0,10,42.4,0.873,41.7,0,2.27
Dry,Cabral,48,8/9/2021 9:24,21,8,9,9,24,407,4.5,49.9,0.7,45.5,0.3,2218,9,27.5,7,2,6.3,50,134,180.2164,27.26951,255,3,29,0.912,Sniff,424,64,0,20,61.8,0,35,9.89,14.4,203,3,185,1,15,45.1,0.633,41.2,0.271,3.26
Dry,Cabral,49,8/9/2021 9:29,21,8,9,9,29,402,4.5,42.8,0.5,52.3,0.5,2218,8,27.5,7,2,6.3,50,134,152.5594,25.2534,255,3,30,1.22,Sniff,360,60,0,17,52.2,0,35,10.1,14.7,172,2,210,2,16,38.2,0.447,46.7,0.447,3.48
Dry,Cabral,50,8/9/2021 9:34,21,8,9,9,34,352,4.6,42.9,0.9,54.3,0,2218,9,27.8,7,2,6.3,50,134,133.984,23.65364,255,3,31,1.27,Sniff,310,55,3,16,45.2,4,35,9.85,14.3,151,3,191,0,7,32.8,0.689,41.6,0,1.45
Dry,Cabral,51,8/9/2021 9:39,21,8,9,9,39,335,4.6,40.6,0.3,56.4,0,2218,9,28.1,7,2,6.3,50,134,120.6744,22.54605,255,3,32,1.39,Sniff,280,52,0,17,40.8,0,35,9.39,13.7,136,1,189,0,9,29.6,0.218,41.1,0,1.97
Dry,Cabral,52,8/9/2021 9:44,21,8,9,9,44,332,4.6,40.4,1.2,56,0,2218,9,28.4,7,2,6.27,50,134,118.8997,22.39388,255,3,33,1.39,Sniff,276,52,6,23,40.2,9,35,9.74,14.2,134,4,186,0,8,29.2,0.866,40.4,0,1.73
Dry,Cabral,53,8/9/2021 9:49,21,8,9,9,49,276,4.6,35.2,1.1,59.4,1.1,2218,9,29,7,2,6.3,50,134,85.18191,19.4319,255,3,34,1.69,Sniff,197,45,0,20,28.7,5,35,9.17,13.4,97,3,164,3,9,21.1,0.66,35.6,0.66,1.92
Dry,Cabral,54,8/9/2021 9:54,21,8,9,9,54,295,4.6,35.9,1.7,60,0,2218,9,29.3,7,2,6.3,50,134,94.05503,20.13147,255,3,35,1.67,Sniff,219,47,11,25,31.9,16,35,9.54,13.9,106,5,177,0,7,23,1.09,38.5,0,1.54
Dry,Cabral,55,8/9/2021 9:59,21,8,9,9,59,289,4.6,30.8,1.7,63.3,0.4,2218,9,29.9,7,2,6.3,50,134,78.97073,18.61017,255,3,36,2.06,Sniff,183,44,10,25,26.7,15,35,9.74,14.2,89,5,183,1,11,19.4,1.07,39.8,0.251,2.39
Dry,Cabral,56,8/9/2021 10:04,21,8,9,10,4,306,4.6,32,1.6,65.4,0,2218,9,29.9,7,2,6.3,50,134,86.95653,19.4319,255,3,37,2.04,Sniff,203,45,9,23,29.6,14,35,10.2,14.8,98,5,200,0,3,21.3,1.06,43.5,0,0.665
Dry,Cabral,57,8/9/2021 10:09,21,8,9,10,9,265,4.6,33.2,0.8,61.9,1.1,2201,9,30.2,7,2,6.3,50,134,77.1961,18.61017,255,3,38,1.86,Sniff,179,44,0,17,26.2,0,35,8.75,12.8,88,2,164,3,8,19.1,0.461,35.7,0.634,1.73
Dry,Cabral,58,8/9/2021 10:14,21,8,9,10,14,279,4.6,30.8,0.4,66.7,0.7,2218,9,30.2,7,2,6.3,50,134,75.42148,18.3272,255,3,39,2.17,Sniff,176,43,0,17,25.7,0,35,9.32,13.6,86,1,186,2,4,18.7,0.243,40.5,0.425,0.849
Dry,Cabral,59,8/9/2021 10:19,21,8,9,10,19,252,4.6,29,1.2,66.3,0,2218,9,30.5,7,2,6.27,50,134,64.77374,17.04051,255,3,40,2.29,Sniff,150,40,0,20,22.2,5,35,9.34,13.6,73,3,167,0,9,15.9,0.657,36.3,0,1.92
Dry,Cabral,60,8/9/2021 10:24,21,8,9,10,24,287,4.6,28.6,0.7,69.4,0,2218,9,30.8,7,2,6.27,50,134,72.75954,17.94221,255,3,41,2.43,Sniff,171,42,0,17,25,0,35,9.64,14,82,2,199,0,4,17.8,0.437,43.3,0,0.811
Dry,Cabral,61,8/9/2021 10:29,21,8,9,10,29,238,4.6,35.3,2.1,60.1,0.9,2218,9,30.8,7,2,6.3,50,134,73.64685,18.13584,255,3,42,1.7,Sniff,173,43,13,25,25.2,19,35,8.66,12.6,84,5,143,2,4,18.3,1.09,31.1,0.466,0.828
Dry,Cabral,62,8/9/2021 10:34,21,8,9,10,34,227,4.6,30.8,0.9,66.5,0,2236,9,30.8,7,2,6.3,50,134,62.11181,16.72786,255,3,43,2.16,Sniff,146,39,0,17,21.3,0,35,8.9,13,70,2,151,0,4,15.2,0.444,32.8,0,0.888
Dry,Cabral,63,8/9/2021 10:39,21,8,9,10,39,230,4.6,40.4,1.3,54.8,1.8,2218,9,30.8,7,2,6.3,50,134,80.74534,19.07151,255,3,44,1.36,Sniff,189,45,10,20,27.5,10,35,8.13,11.8,93,3,126,4,4,20.2,0.65,27.4,0.9,0.85
Dry,Cabral,64,8/9/2021 10:44,21,8,9,10,44,228,4.6,33.3,1.8,61.4,0,2218,9,30.8,7,2,6.3,50,134,67.43568,17.34688,255,3,45,1.84,Sniff,158,41,9,23,23.1,14,35,8.57,12.5,76,4,140,0,8,16.5,0.892,30.4,0,1.73
Dry,Cabral,65,8/9/2021 10:49,21,8,9,10,49,233,4.6,32.6,0.9,64,0,2218,9,30.5,7,2,6.27,50,134,67.43568,17.34688,255,3,46,1.96,Sniff,158,41,1,17,23.1,1,35,8.83,12.9,76,2,149,0,6,16.5,0.456,32.4,0,1.27
Dry,Cabral,66,8/9/2021 10:54,21,8,9,10,54,235,4.6,38.3,1.3,56.6,0.9,2218,9,30.2,7,2,6.3,50,134,78.97073,18.70344,255,3,47,1.48,Sniff,185,44,10,20,26.9,8,35,8.32,12.1,90,3,133,2,7,19.6,0.664,28.9,0.46,1.48
Dry,Cabral,67,8/9/2021 10:59,21,8,9,10,59,193,4.6,32.7,0,63.7,1.6,2218,8,30.2,7,2,6.3,50,134,54.71594,15.99516,255,3,48,1.95,Sniff,128,38,0,17,18.6,0,35,7.58,11,63,0,123,3,4,13.7,0,26.7,0.671,0.839
Dry,Cabral,68,8/9/2021 11:04,21,8,9,11,4,228,4.6,40.4,1.3,55.3,0,2218,9,30.2,7,2,6.27,50,134,81.63267,18.88847,255,3,49,1.37,Sniff,191,44,10,20,27.9,8,35,8.1,11.8,92,3,126,0,7,20,0.644,27.4,0,1.49
Dry,Cabral,69,8/9/2021 11:09,21,8,9,11,9,217,4.6,35.5,1.4,59,0.9,2218,9,29.9,7,2,6.3,50,134,67.07115,17.35335,255,3,50,1.66,Sniff,157,41,10,20,22.9,8,35,8.15,11.9,77,3,128,2,7,16.7,0.66,27.8,0.425,1.51
Dry,Cabral,70,8/9/2021 11:14,21,8,9,11,14,219,4.6,35.2,0.5,60.3,0.9,2218,9,29.9,7,2,6.27,50,134,67.07115,17.35335,255,3,51,1.71,Sniff,158,41,0,17,23,0,35,7.85,11.4,77,1,132,2,7,16.8,0.238,28.7,0.428,1.48
Dry,Cabral,71,8/9/2021 11:19,21,8,9,11,19,193,4.6,34.2,1.6,62.2,0,2218,9,30.2,6,2,6.3,50,134,58.246,16.21243,255,3,52,1.82,Sniff,137,38,10,20,19.9,9,35,7.87,11.5,66,3,120,0,4,14.3,0.671,26.1,0,0.839
Dry,Cabral,72,8/9/2021 11:24,21,8,9,11,24,200,4.6,39.5,0.5,57.5,0,2218,9,30.2,7,2,6.27,50,134,69.7187,17.55194,255,3,53,1.46,Sniff,163,41,0,17,23.8,0,35,7.33,10.7,79,1,115,0,5,17.2,0.217,25,0,1.09
Dry,Cabral,73,8/9/2021 11:29,21,8,9,11,29,181,4.6,31.5,1.7,63.5,0.6,2236,9,31.1,7,2,6.3,50,134,50.30336,15.2071,255,3,54,2.02,Sniff,117,36,10,20,17.1,9,35,7.75,11.3,57,3,115,1,5,12.4,0.669,25,0.236,1.06
Dry,Cabral,74,8/9/2021 11:34,21,8,9,11,34,166,4.6,33.1,1.8,62.7,0,2218,9,32.9,7,2,6.27,50,134,48.53833,14.97331,255,3,55,1.89,Sniff,116,36,7,23,16.9,10,35,7.49,10.9,55,3,104,0,4,11.9,0.65,22.6,0,0.866
Dry,Cabral,75,8/9/2021 11:39,21,8,9,11,39,158,4.6,38,1.9,57.6,0,2201,8,34.2,7,2,6.3,50,134,52.95092,15.55036,255,3,56,1.52,Sniff,128,38,8,23,18.7,11,35,7.07,10.3,60,3,91,0,4,13.1,0.653,19.8,0,0.859
Dry,Cabral,76,8/9/2021 11:44,21,8,9,11,44,151,4.6,35.8,0.7,60.3,0.7,2218,8,34.2,7,2,6.3,50,134,46.7733,14.85485,255,3,57,1.68,Sniff,114,36,0,17,16.6,0,35,6.52,9.5,54,1,91,1,4,11.8,0.23,19.8,0.23,0.821
Dry,Cabral,77,8/9/2021 11:49,21,8,9,11,49,149,4.6,34.9,0.7,61.8,0.7,2218,9,33.9,7,2,6.3,50,134,45.89079,14.61464,255,3,58,1.77,Sniff,110,35,0,17,16,0,35,6.55,9.55,52,1,92,1,3,11.3,0.227,20,0.227,0.615
Dry,Cabral,78,8/9/2021 11:54,21,8,9,11,54,161,4.6,31.1,1.3,65.9,0,2218,9,33.5,7,2,6.27,50,134,44.12576,14.36987,255,3,59,2.12,Sniff,106,35,3,21,15.5,0,35,7.59,11.1,50,2,106,0,3,10.9,0.455,23.1,0,0.595
Dry,Cabral,79,8/9/2021 11:59,21,8,9,11,59,149,4.6,32.9,0.7,61.8,0.7,2236,9,33.2,7,2,6.3,50,134,42.36072,14.24568,255,3,60,1.88,Sniff,103,34,0,17,15,0,35,6.55,9.55,49,1,92,1,6,10.7,0.227,20,0.227,1.26
Dry,Cabral,80,8/9/2021 12:05,21,8,9,12,5,145,4.6,26.9,1.4,66.9,0,2218,8,32.9,6,2,6.27,50,134,34.41809,12.92806,255,3,61,2.49,Sniff,82,31,0,20,12,0,35,7.2,10.5,39,2,97,0,7,8.48,0.441,21.1,0,1.51
Dry,Cabral,81,8/9/2021 12:10,21,8,9,12,10,147,4.6,40.1,0.7,56.5,0,2218,9,32.6,6,2,6.27,50,134,52.06839,15.4369,255,3,62,1.41,Sniff,123,36,0,17,17.9,0,35,6.22,9.07,59,1,83,0,4,12.8,0.224,18.1,0,0.863
Dry,Cabral,82,8/9/2021 12:15,21,8,9,12,15,166,4.6,44,0,52.4,0,2218,9,32.3,6,2,6.3,50,134,64.42361,16.9484,255,3,63,1.19,Sniff,150,40,0,17,22,0,35,6.37,9.29,73,0,87,0,6,15.9,0,18.9,0,1.3
Dry,Cabral,83,8/9/2021 12:20,21,8,9,12,20,151,4.6,42.4,0.7,53.7,0,2218,8,32,7,2,6.27,50,134,56.48097,15.99516,255,3,64,1.27,Sniff,133,38,0,17,19.4,0,35,6.15,8.96,64,1,81,0,5,13.9,0.23,17.6,0,1.05
Dry,Cabral,84,8/9/2021 12:25,21,8,9,12,25,148,4.6,43.3,0.7,53.4,0.7,2218,8,31.7,6,2,6.27,50,134,56.48097,15.99516,255,3,65,1.23,Sniff,132,38,0,17,19.3,0,35,6.07,8.85,64,1,79,1,3,13.9,0.225,17.2,0.225,0.611
Dry,Cabral,85,8/9/2021 12:30,21,8,9,12,30,158,4.6,50.6,1.3,47.5,0,2201,9,31.7,7,2,6.3,50,134,70.60122,17.65031,255,3,66,0.939,Sniff,166,42,0,20,24.2,6,35,6.26,9.12,80,2,75,0,1,17.4,0.447,16.3,0,0.206
Dry,Cabral,86,8/9/2021 12:35,21,8,9,12,35,139,4.6,48.2,1.5,43.2,0.7,2218,9,31.7,6,2,6.27,50,134,59.12852,16.31984,255,3,67,0.896,Sniff,138,39,10,20,20.1,8,35,5.6,8.15,67,2,60,1,9,14.6,0.453,13.1,0.212,1.93
Dry,Cabral,87,8/9/2021 12:40,21,8,9,12,40,162,4.6,40.1,0.6,54.3,0,2218,9,32,6,2,6.27,50,134,57.36348,16.1042,255,3,68,1.35,Sniff,135,38,0,17,19.7,0,35,6.41,9.34,65,1,88,0,8,14.1,0.211,19.1,0,1.76
Dry,Cabral,88,8/9/2021 12:45,21,8,9,12,45,157,4.6,49.7,0,47.1,0.6,2218,9,32,6,2,6.3,50,134,68.83618,17.45296,255,3,69,0.948,Sniff,160,41,0,17,23.3,0,35,5.88,8.57,78,0,74,1,4,17,0,16.1,0.205,0.887
Dry,Cabral,89,8/9/2021 12:50,21,8,9,12,50,166,4.6,48.8,0,47.6,0.6,2218,9,32,7,2,6.27,50,134,71.48372,17.74806,255,3,70,0.975,Sniff,167,42,0,17,24.3,0,35,6.07,8.85,81,0,79,1,5,17.6,0,17.2,0.217,1.08
Dry,Cabral,90,8/9/2021 12:55,21,8,9,12,55,141,4.6,44.7,0.7,51.8,0.7,2218,9,32,6,2,6.27,50,134,54.71594,15.88527,255,3,71,1.16,Sniff,130,38,0,17,19,0,35,6.18,9.01,63,1,73,1,3,13.7,0.215,15.9,0.215,0.644
Dry,Cabral,91,8/9/2021 13:00,21,8,9,13,0,145,4.6,47.6,0,45.5,1.4,2218,9,32,6,2,6.27,50,134,60.01103,16.53233,255,3,72,0.956,Sniff,141,39,0,17,20.5,0,35,5.55,8.09,69,0,66,2,8,15,0,14.3,0.441,1.73
Dry,Cabral,92,8/9/2021 13:05,21,8,9,13,5,155,4.6,45.8,1.9,49.7,0.7,2218,9,31.7,6,2,6.3,50,134,61.77606,16.74181,255,3,73,1.09,Sniff,145,39,8,23,21.1,12,35,6.28,9.16,71,3,77,1,3,15.4,0.64,16.7,0.236,0.64
Dry,Cabral,93,8/9/2021 13:10,21,8,9,13,10,141,4.6,45.4,0.7,52.5,0,2218,9,31.4,6,2,6.3,50,134,56.48097,15.99516,255,3,74,1.16,Sniff,132,37,0,17,19.2,0,35,6.15,8.96,64,1,74,0,2,13.9,0.215,16.1,0,0.429
Dry,Cabral,94,8/9/2021 13:15,21,8,9,13,15,141,4.6,45.4,0.7,52.5,0,2218,9,31.4,6,2,6.3,50,134,56.48097,15.99516,255,3,75,1.16,Sniff,132,37,0,17,19.2,0,35,6.15,8.96,64,1,74,0,2,13.9,0.215,16.1,0,0.429
Dry,Cabral,95,8/9/2021 13:20,21,8,9,13,20,135,4.6,43.7,2.2,50.4,0.8,2218,9,32,7,2,6.27,50,134,51.18588,15.4369,255,3,76,1.15,Sniff,121,36,9,23,17.6,13,35,5.94,8.66,59,3,68,1,4,12.8,0.646,14.8,0.235,0.851
Dry,Cabral,96,8/9/2021 13:25,21,8,9,13,25,133,4.6,44.4,0,54.1,0,2218,8,32.6,7,2,6.27,50,134,52.06839,15.4369,255,3,77,1.22,Sniff,124,37,0,17,18.1,0,35,5.8,8.45,59,0,72,0,2,12.8,0,15.6,0,0.434
Dry,Cabral,97,8/9/2021 13:30,21,8,9,13,30,157,4.6,43.3,0,52.9,0.6,2218,9,33.9,7,2,6.27,50,134,60.01103,16.42647,255,3,78,1.22,Sniff,140,40,0,17,20.9,0,35,6.22,9.07,68,0,83,1,5,14.8,0,18.1,0.205,1.09
Dry,Cabral,98,8/9/2021 13:35,21,8,9,13,35,132,4.6,44.7,3.8,47.7,1.5,2218,9,36.6,7,2,6.27,50,134,51.18588,15.4369,255,3,79,1.07,Sniff,125,38,18,28,18.3,27,35,5.97,8.7,59,5,63,2,3,12.8,1.09,13.7,0.43,0.66
Dry,Cabral,99,8/9/2021 13:40,21,8,9,13,40,151,4.6,45.7,1.3,49.7,0,2218,9,37.8,7,2,6.27,50,134,60.89355,16.53233,255,3,80,1.09,Sniff,151,41,4,21,22,6,35,6.57,9.57,69,2,75,0,5,15,0.427,16.3,0,1.08
Dry,Cabral,100,8/9/2021 13:45,21,8,9,13,45,160,4.6,43.8,0.6,53.8,0,2218,9,36.9,7,2,6.3,40,134,61.77606,16.63744,255,3,81,1.23,Sniff,152,41,0,17,22.2,0,35,6.34,9.23,70,1,86,0,3,15.2,0.209,18.7,0,0.626
Dry,Cabral,101,8/9/2021 13:50,21,8,9,13,50,132,4.6,44.7,1.5,50,0.8,2201,9,36,7,2,6.27,50,134,52.06839,15.4369,255,3,82,1.12,Sniff,126,38,5,21,18.4,7,35,6.09,8.87,59,2,66,1,4,12.8,0.43,14.3,0.23,0.861
Dry,Cabral,102,8/9/2021 13:55,21,8,9,13,55,162,4.6,50.6,0,46.9,0,2218,9,35.1,6,2,6.27,40,134,72.36625,17.84522,255,3,83,0.927,Sniff,175,43,0,17,25.5,0,35,5.96,8.68,82,0,76,0,4,17.8,0,16.5,0,0.88
Dry,Cabral,103,8/9/2021 14:00,21,8,9,14,0,144,4.6,41.7,0.7,52.8,0,2218,9,34.2,6,2,6.27,50,134,52.95092,15.55036,255,3,84,1.27,Sniff,126,37,0,17,18.4,0,35,5.96,8.68,60,1,76,0,7,13.1,0.219,16.5,0,1.5
Dry,Cabral,104,8/9/2021 14:05,21,8,9,14,5,120,4.6,35,0.8,57.5,0,2218,9,33.5,6,2,6.27,40,134,37.06564,13.33911,255,3,85,1.64,Sniff,88,32,0,17,12.8,0,35,6.01,8.76,42,1,69,0,8,9.13,0.209,15,0,1.75
Dry,Cabral,105,8/9/2021 14:10,21,8,9,14,10,137,4.6,35.8,3.7,56.9,1.5,2218,9,32.9,6,2,6.27,50,134,42.36072,14.24568,255,3,86,1.59,Sniff,99,34,17,27,14.5,25,35,6.37,9.28,49,5,78,2,3,10.7,1.1,16.9,0.447,0.625
Dry,Cabral,106,8/9/2021 14:15,21,8,9,14,15,127,4.6,34.7,3.2,57.5,0.8,2218,9,32.6,6,2,6.27,50,134,38.83066,13.60521,255,3,87,1.66,Sniff,90,32,13,25,13.1,19,35,6.15,8.96,44,4,73,1,5,9.58,0.883,15.9,0.221,1.05
Dry,Cabral,107,8/9/2021 14:20,21,8,9,14,20,124,4.6,39.5,0.8,55.7,0,2218,8,32.3,6,2,6.27,50,134,43.24325,14.24568,255,3,88,1.41,Sniff,101,33,0,17,14.8,0,35,5.97,8.69,49,1,69,0,5,10.6,0.216,15,0,1.08
Dry,Cabral,108,8/9/2021 14:25,21,8,9,14,25,133,4.6,41.4,0,54.1,0,2201,9,32.3,6,2,6.27,50,134,48.53833,14.97331,255,3,89,1.31,Sniff,114,35,0,17,16.6,0,35,5.8,8.45,55,0,72,0,6,12,0,15.6,0,1.3
Dry,Cabral,109,8/9/2021 14:30,21,8,9,14,30,119,4.6,48.8,0.9,49.6,0.9,2218,9,32.3,6,2,6.27,50,134,51.18588,15.32249,255,3,90,1.02,Sniff,119,36,1,17,17.3,2,35,5.52,8.04,58,1,59,1,0,12.6,0.233,12.8,0.233,0
Dry,Cabral,110,8/9/2021 14:35,21,8,9,14,35,129,4.6,46.5,1.6,47.3,0,2218,9,32.3,6,2,6.27,50,134,52.95092,15.55036,255,3,91,1.02,Sniff,124,36,10,20,18.1,8,35,5.61,8.17,60,2,61,0,6,13,0.449,13.3,0,1.29
Dry,Cabral,111,8/9/2021 14:40,21,8,9,14,40,101,4.6,38.6,0,56.4,0,2218,9,32.6,6,2,6.27,50,134,34.41809,12.92806,255,3,92,1.46,Sniff,80,30,0,17,11.8,0,35,5.16,7.52,39,0,57,0,5,8.48,0,12.4,0,1.1
Dry,Cabral,112,8/9/2021 14:45,21,8,9,14,45,123,4.6,50.4,1.6,47.2,0.8,2218,9,32.9,6,2,6.27,50,134,54.71594,15.77452,255,3,93,0.937,Sniff,128,37,10,20,18.6,7,35,5.49,8,62,2,58,1,0,13.5,0.428,12.6,0.214,0
Dry,Cabral,113,8/9/2021 14:50,21,8,9,14,50,96,4.6,35.4,2.1,57.3,1.1,2218,9,32.6,6,2,6.24,50,134,30.00552,12.20709,255,3,94,1.62,Sniff,69,29,10,20,10.1,8,35,5.34,7.78,34,2,55,1,4,7.39,0.438,12,0.23,0.856
Dry,Cabral,114,8/9/2021 14:55,21,8,9,14,55,121,4.6,38.9,2.5,54.6,0.8,2218,9,32.6,6,2,6.27,50,134,41.47822,13.99352,255,3,95,1.4,Sniff,96,33,9,23,14,13,35,5.85,8.52,47,3,66,1,4,10.2,0.658,14.4,0.21,0.842
Dry,Cabral,115,8/9/2021 15:00,21,8,9,15,0,114,4.6,31.6,1.8,66.7,0,2218,9,32,6,2,6.27,50,134,31.77055,12.50129,255,3,96,2.11,Sniff,74,29,0,20,10.8,6,35,6.25,9.11,36,2,76,0,0,7.83,0.446,16.5,0,0
Dry,Cabral,116,8/9/2021 15:05,21,8,9,15,5,104,4.6,51,1,47.1,0,2218,8,32,6,2,6.27,50,134,46.7733,14.7353,255,3,97,0.924,Sniff,110,35,2,17,16,2,35,5.02,7.31,53,1,49,0,1,11.5,0.226,10.6,0,0.203
Dry,Cabral,117,8/9/2021 15:10,21,8,9,15,10,130,4.6,30,0,63.9,0.8,2218,9,32,6,2,6.27,50,134,34.41809,12.92806,255,3,98,2.13,Sniff,80,30,0,17,11.6,0,35,6.22,9.07,39,0,83,1,7,8.48,0,18.1,0.226,1.5
Dry,Cabral,118,8/9/2021 15:15,21,8,9,15,15,120,4.6,45,0.8,48.3,0,2218,9,32.3,6,2,6.27,50,134,47.65582,14.85485,255,3,99,1.07,Sniff,112,35,1,17,16.3,1,35,5.47,7.97,54,1,58,0,7,11.7,0.209,12.6,0,1.54
Dry,Cabral,119,8/9/2021 15:20,21,8,9,15,20,109,4.6,52.3,1.8,42.2,0,2218,9,32.6,6,2,6.27,50,134,50.30336,15.2071,255,4,1,0.807,Sniff,118,36,10,20,17.2,8,35,4.88,7.11,57,2,46,0,4,12.4,0.427,10,0,0.877
Dry,Cabral,120,8/9/2021 15:25,21,8,9,15,25,117,4.6,47.9,0,51.3,0,2218,9,32.6,6,2,6.27,50,134,49.42085,15.09072,255,4,2,1.07,Sniff,116,35,0,17,16.9,0,35,5.29,7.71,56,0,60,0,1,12.2,0,13,0,0.203
Dry,Cabral,121,8/9/2021 15:30,21,8,9,15,30,113,4.6,42.5,1.8,52.2,0,2218,8,32.6,6,2,6.27,50,134,42.36072,14.12024,255,4,3,1.23,Sniff,100,33,10,20,14.5,8,35,5.53,8.06,48,2,59,0,4,10.4,0.442,12.8,0,0.86
Dry,Cabral,122,8/9/2021 15:35,21,8,9,15,35,119,4.6,45.4,0.9,47.9,0.9,2218,9,32.6,6,2,6.27,50,134,46.7733,14.85485,255,4,4,1.06,Sniff,111,35,1,17,16.1,2,35,5.43,7.92,54,1,57,1,6,11.7,0.233,12.4,0.233,1.27
Dry,Cabral,123,8/9/2021 15:40,21,8,9,15,40,133,4.6,45.1,0,51.9,0,2218,9,32.6,6,2,6.27,50,134,52.95092,15.55036,255,4,5,1.15,Sniff,124,37,0,17,18.1,0,35,5.68,8.27,60,0,69,0,4,13,0,15,0,0.867
Dry,Cabral,124,8/9/2021 15:45,21,8,9,15,45,119,4.6,49.6,0.9,48.8,0,2218,9,33.5,6,2,6.24,50,134,52.06839,15.4369,255,4,6,0.984,Sniff,123,37,1,17,17.9,2,35,5.51,8.03,59,1,58,0,1,12.8,0.233,12.6,0,0.181
Dry,Cabral,125,8/9/2021 15:50,21,8,9,15,50,113,4.6,52.2,2.7,42.5,0,2218,9,33.9,6,2,6.27,50,134,52.06839,15.4369,255,4,7,0.814,Sniff,123,37,10,23,18,15,35,5.03,7.33,59,3,48,0,3,12.8,0.663,10.4,0,0.639
Dry,Cabral,126,8/9/2021 15:55,21,8,9,15,55,98,4.6,54.1,0,42.9,0,2218,9,32.9,6,2,6.27,50,134,46.7733,14.7353,255,4,8,0.793,Sniff,110,35,0,17,16.1,0,35,4.43,6.45,53,0,42,0,3,11.5,0,9.14,0,0.639
Dry,Cabral,127,8/9/2021 16:00,21,8,9,16,0,148,4.6,55.4,0.7,40.6,0,2201,9,32,6,2,6.27,50,134,72.36625,17.84522,255,4,9,0.733,Sniff,169,42,1,17,24.7,1,35,5.55,8.09,82,1,60,0,5,17.8,0.225,13.1,0,1.06
Dry,Cabral,128,8/9/2021 16:05,21,8,9,16,5,148,4.6,48,1.4,46.6,0,2218,9,31.1,6,2,6.24,50,134,62.65857,16.74181,255,4,10,0.971,Sniff,146,39,0,20,21.3,7,35,5.93,8.64,71,2,69,0,6,15.4,0.45,15,0,1.29
Dry,Cabral,129,8/9/2021 16:10,21,8,9,16,10,142,4.6,52.8,0,42.3,0,2218,9,29.9,6,2,6.24,50,134,66.18863,17.15221,255,4,11,0.801,Sniff,150,40,0,16,22.4,0,35,5.29,7.71,75,0,60,0,7,16.3,0,13.1,0,1.51
Dry,Cabral,130,8/9/2021 16:15,21,8,9,16,15,190,4.6,51.1,0,43.2,0.5,2218,8,29.3,6,2,6.24,50,134,85.60397,19.23794,255,4,12,0.845,Sniff,197,45,0,16,28.7,0,35,6.19,9.02,97,0,82,1,10,21.1,0,17.8,0.207,2.15
Dry,Cabral,131,8/9/2021 16:20,21,8,9,16,20,163,4.6,66.9,2.5,29.5,0,2218,9,28.7,6,2,6.24,50,134,96.19414,20.27683,255,4,13,0.441,Sniff,222,47,14,25,32.3,20,35,4.9,7.13,109,4,48,0,2,23.7,0.886,10.5,0,0.39
Dry,Cabral,132,8/9/2021 16:25,21,8,9,16,25,160,4.6,58.8,0.6,32.5,1.9,2236,9,28.1,6,2,6.24,50,134,82.07391,19.05872,255,4,14,0.553,Sniff,188,44,1,16,27.3,2,35,5.08,7.4,94,1,52,3,10,20.5,0.209,11.3,0.661,2.16
Dry,Cabral,133,8/9/2021 16:30,21,8,9,16,30,155,4.6,58.1,0,38.1,0,2218,9,27.8,6,2,6.24,50,134,79.42637,18.60234,255,4,15,0.656,Sniff,183,43,0,16,26.6,0,35,5.25,7.65,90,0,59,0,6,19.6,0,12.8,0,1.28
Dry,Cabral,134,8/9/2021 16:35,21,8,9,16,35,158,4.6,55.1,1.3,39.9,0,2218,9,27.5,6,2,6.24,50,134,76.77882,18.32248,255,4,16,0.724,Sniff,176,42,0,20,25.7,7,35,5.58,8.13,87,2,63,0,6,18.9,0.447,13.7,0,1.27
Dry,Cabral,135,8/9/2021 16:40,21,8,9,16,40,167,4.6,55.1,1.2,40.7,0,2218,9,27.1,6,2,6.24,50,134,81.1914,18.78636,255,4,17,0.739,Sniff,186,43,0,20,27.1,7,35,5.78,8.43,92,2,68,0,5,20,0.436,14.8,0,1.09
Dry,Cabral,136,8/9/2021 16:45,21,8,9,16,45,171,4.6,49.7,1.2,43.3,0.6,2218,8,27.1,6,2,6.27,50,134,75.01379,18.13325,255,4,18,0.871,Sniff,171,42,0,20,24.9,6,35,6.03,8.79,85,2,74,1,9,18.5,0.446,16.1,0.223,1.93
Dry,Cabral,137,8/9/2021 16:50,21,8,9,16,50,162,4.6,59.3,0.6,36.4,0,2218,9,26.8,6,2,6.24,50,134,84.72144,19.14856,255,4,19,0.614,Sniff,194,44,1,16,28.3,1,35,5.38,7.84,96,1,59,0,6,20.9,0.211,12.8,0,1.3
Dry,Cabral,138,8/9/2021 16:55,21,8,9,16,55,189,4.6,47.6,2.1,47.1,0,2218,9,26.8,6,2,6.24,50,134,79.42637,18.60234,255,4,20,0.989,Sniff,181,43,11,24,26.4,16,35,6.61,9.63,90,4,89,0,6,19.6,0.863,19.4,0,1.31
Dry,Cabral,139,8/9/2021 17:00,21,8,9,17,0,178,4.6,55.6,1.7,40.5,0,2218,9,26.5,6,2,6.24,50,134,87.36899,19.41533,255,4,21,0.728,Sniff,199,44,8,22,29.1,12,35,5.93,8.65,99,3,72,0,4,21.5,0.658,15.7,0,0.851
Dry,Cabral,140,8/9/2021 17:06,21,8,9,17,6,183,4.6,47,1.1,48.6,0.6,2218,9,26.5,6,2,6.21,50,134,75.8963,18.22813,255,4,22,1.03,Sniff,172,42,0,20,25.1,5,35,6.6,9.62,86,2,89,1,5,18.7,0.438,19.3,0.239,1.07
Dry,Cabral,141,8/9/2021 17:11,21,8,9,17,11,195,4.6,50.8,1,47.7,0,2218,8,26.2,6,2,6.21,50,134,87.36899,19.41533,255,4,23,0.939,Sniff,199,44,0,20,29.1,4,35,6.74,9.82,99,2,93,0,1,21.5,0.424,20.2,0,0.212
Dry,Cabral,142,8/9/2021 17:16,21,8,9,17,16,192,4.6,55.2,2.1,40.1,0.5,2201,9,26.2,6,2,6.24,50,134,93.5466,20.02265,255,4,24,0.726,Sniff,212,46,12,24,30.9,18,35,6.13,8.93,106,4,77,1,4,23,0.877,16.7,0.209,0.877
Dry,Cabral,143,8/9/2021 17:21,21,8,9,17,21,206,4.6,44.7,0.5,52,0,2218,9,26.2,6,2,6.21,50,134,81.63267,18.88847,255,4,25,1.16,Sniff,185,43,0,16,27,0,35,7.07,10.3,92,1,107,0,6,20,0.224,23.3,0,1.25
Dry,Cabral,144,8/9/2021 17:26,21,8,9,17,26,208,4.6,49.5,1.5,44.7,0.5,2218,9,25.9,6,2,6.21,50,134,91.39308,19.8723,255,4,26,0.903,Sniff,206,45,8,22,30,11,35,6.73,9.8,103,3,93,1,8,22.4,0.678,20.2,0.226,1.72
Dry,Cabral,145,8/9/2021 17:31,21,8,9,17,31,187,4.6,54.6,3.2,39.6,0,2218,9,25.6,6,2,6.21,50,134,90.01653,19.67813,255,4,27,0.725,Sniff,205,45,20,28,29.8,29,35,5.99,8.73,102,6,74,0,5,22.2,1.3,16.1,0,1.06
Dry,Cabral,146,8/9/2021 17:35,21,8,9,17,35,166,3.8,51.2,0.6,45.8,0,2218,9,25.9,6,2,6.21,50,134,90.11398,21.78345,255,4,28,0.895,Sniff,210,50,0,20,30.1,0,35,7.21,10.5,85,1,76,0,4,22.4,0.262,20,0,1.05
Wet,Cabral,407,3/28/2022 16:57,22,3,28,16,57,98,4.5,88.8,2.1,4.1,0,2218,9,32,7,2,6.3,50,134,77.61793,18.52273,255,16,4,0.0462,Sniff,173.8,,,,28.6,,29.8,,,,,,,,,,,,
Wet,Cabral,408,3/28/2022 17:02,22,3,28,17,2,102,4.5,88.2,2,4.9,1,2218,8,32.3,7,2,6.3,50,134,80.29443,18.80565,255,16,5,0.0556,Sniff,178.2,,,,29.48,,29.8,,,,,,,,,,,,
Wet,Cabral,409,3/28/2022 17:07,22,3,28,17,7,109,4.5,82.6,0,7.4,0,2218,8,32.3,7,2,6.3,50,134,80.29443,18.80565,255,16,6,0.0896,Sniff,180.4,,,,29.7,,29.8,,,,,,,,,,,,
Wet,Cabral,410,3/28/2022 17:12,22,3,28,17,12,135,4.5,80.8,2.2,11.9,0,2218,9,32.3,7,2,6.3,50,134,97.77978,20.61106,255,16,7,0.147,Sniff,217.8,,,,35.86,,29.8,,,,,,,,,,,,
Wet,Cabral,411,3/28/2022 17:17,22,3,28,17,17,128,4.5,82,0.8,16.4,0,2201,9,32.3,6,2,6.27,50,134,94.19153,20.26577,255,16,8,0.2,Sniff,220,,,,34.76,,29.6,,,,,,,,,,,,
Wet,Cabral,412,3/28/2022 17:22,22,3,28,17,22,139,4.5,67.6,0.7,28.1,0,2218,9,32.3,6,2,6.3,50,134,84.78974,19.38761,255,16,9,0.416,Sniff,187,,,,31.02,,29.7,,,,,,,,,,,,
Wet,Cabral,413,3/28/2022 17:27,22,3,28,17,27,134,4.5,77.6,0.8,17.9,0,2218,8,32.3,6,2,6.3,50,134,93.29446,20.17843,255,16,10,0.231,Sniff,198,,,,34.32,,29.7,,,,,,,,,,,,
Wet,Cabral,414,3/28/2022 17:32,22,3,28,17,32,151,4.5,76.2,2.7,15.2,0.7,2201,9,32.3,6,2,6.3,50,134,102.8301,21.2341,255,16,11,0.199,Sniff,228.8,,,,37.84,,29.7,,,,,,,,,,,,
Wet,Cabral,415,3/28/2022 17:37,22,3,28,17,37,160,4.5,65.6,1.3,28.8,0,2218,8,32.3,6,2,6.3,50,134,94.71191,20.37773,255,16,12,0.439,Sniff,220,,,,34.54,,29.7,,,,,,,,,,,,
Wet,Cabral,416,3/28/2022 17:42,22,3,28,17,42,169,4.5,61.6,0.6,34.9,0.6,2218,9,32.3,6,2,6.3,50,134,94.33106,20.40263,255,16,13,0.567,Sniff,198,,,,34.32,,29.6,,,,,,,,,,,,
Wet,Cabral,417,3/28/2022 17:47,22,3,28,17,47,187,4.5,66.3,1.6,28.4,0,2218,9,32.3,6,2,6.3,50,134,112.4717,22.09585,255,16,14,0.428,Sniff,246.4,,,,41.14,,29.5,,,,,,,,,,,,
Wet,Cabral,418,3/28/2022 17:52,22,3,28,17,52,184,4.5,65.8,0,31,0,2218,9,32.3,6,2,6.3,50,134,109.7506,21.85099,255,16,15,0.471,Sniff,242,,,,40.04,,29.6,,,,,,,,,,,,
Wet,Cabral,419,3/28/2022 17:57,22,3,28,17,57,204,4.4,57.4,1.5,39.2,0.5,2218,9,32,6,2,6.27,50,134,105.8032,21.64001,255,16,16,0.683,Sniff,237.6,,,,39.6,,29.5,,,,,,,,,,,,
Wet,Cabral,420,3/28/2022 18:02,22,3,28,18,2,207,4.4,58.5,0.5,38.7,0,2201,9,32,6,2,6.3,50,134,110.3637,21.97307,255,16,17,0.662,Sniff,246.4,,,,41.14,,29.4,,,,,,,,,,,,
Wet,Cabral,421,3/28/2022 18:07,22,3,28,18,7,203,4.4,57.2,0.5,38.4,0.5,2218,8,31.7,6,2,6.3,50,134,105.8032,21.55586,255,16,18,0.671,Sniff,235.4,,,,39.38,,29.4,,,,,,,,,,,,
Wet,Cabral,422,3/28/2022 18:12,22,3,28,18,12,227,4.4,56,0.9,40.5,0,2218,9,31.4,6,2,6.27,50,134,115.8363,22.46258,255,16,19,0.723,Sniff,259.6,,,,43.34,,29.4,,,,,,,,,,,,
Wet,Cabral,423,3/28/2022 18:17,22,3,28,18,17,219,4.4,56.2,0.5,38.4,0,2218,9,31.4,6,2,6.3,50,134,112.1879,22.13755,255,16,20,0.683,Sniff,250.8,,,,42.02,,29.3,,,,,,,,,,,,
Wet,Cabral,424,3/28/2022 18:22,22,3,28,18,22,210,4.4,52.4,0,43.3,0.5,2218,9,31.1,6,2,6.3,50,134,100.3307,21.04327,255,16,21,0.826,Sniff,224.4,,,,37.4,,29.3,,,,,,,,,,,,
Wet,Cabral,425,3/28/2022 18:27,22,3,28,18,27,232,4.4,54.3,0.4,42.3,0.4,2236,9,31.1,6,2,6.3,50,134,115.5698,22.50755,255,16,22,0.779,Sniff,255.2,,,,42.68,,29.3,,,,,,,,,,,,
Wet,Cabral,426,3/28/2022 18:32,22,3,28,18,32,224,4.4,50.5,1.8,43.3,1.4,2218,9,30.8,6,2,6.27,50,134,101.2427,21.38649,255,16,23,0.857,Sniff,226.6,,,,38.06,,29.2,,,,,,,,,,,,
Wet,Cabral,427,3/28/2022 18:37,22,3,28,18,37,219,4.4,53,0.9,43.8,0,2218,8,30.8,6,2,6.3,50,134,105.8032,21.55586,255,16,24,0.826,Sniff,237.6,,,,39.6,,29.3,,,,,,,,,,,,
Wet,Cabral,428,3/28/2022 18:42,22,3,28,18,42,210,4.4,46.7,1.9,48.1,0.5,2218,9,30.2,6,2,6.3,50,134,89.38549,19.97469,255,16,25,1.03,Sniff,198,,,,33.22,,29.2,,,,,,,,,,,,
Wet,Cabral,429,3/28/2022 18:47,22,3,28,18,47,239,4.4,53.2,1.7,43.9,0,2218,9,30.2,6,2,6.27,50,134,116.4871,22.58878,255,16,26,0.825,Sniff,259.6,,,,43.34,,29.3,,,,,,,,,,,,
Wet,Cabral,430,3/28/2022 18:53,22,3,28,18,53,217,4.4,50.7,0.5,44.7,0.9,2218,9,30.2,6,2,6.27,50,134,99.41855,21.12964,255,16,27,0.882,Sniff,222.2,,,,37.18,,29.3,,,,,,,,,,,,
Wet,Cabral,431,3/28/2022 18:58,22,3,28,18,58,230,4.4,48.3,0.4,48.3,0,2218,9,29.9,6,2,6.3,50,134,101.8115,21.24835,255,16,28,1,Sniff,226.6,,,,37.84,,29.3,,,,,,,,,,,,
Wet,Cabral,432,3/28/2022 19:03,22,3,28,19,3,221,4.4,45.7,1.4,49.8,0,2218,9,29.6,6,2,6.3,50,134,92.12177,20.24765,255,16,29,1.09,Sniff,206.8,,,,34.32,,29.4,,,,,,,,,,,,
Wet,Cabral,433,3/28/2022 19:08,22,3,28,19,8,237,4.4,47.7,1.3,47.3,0.9,2218,9,29.6,6,2,6.3,50,134,102.7287,21.42092,255,16,30,0.992,Sniff,228.8,,,,38.06,,29.3,,,,,,,,,,,,
Wet,Cabral,434,3/28/2022 19:13,22,3,28,19,13,212,4.4,46.2,1.4,50.5,0,2218,8,29.6,5,2,6.3,50,134,89.38549,19.97469,255,16,31,1.09,Sniff,198,,,,33.44,,29.3,,,,,,,,,,,,
Wet,Cabral,435,3/28/2022 19:18,22,3,28,19,18,219,4.4,44.3,1.4,51.6,0,2218,8,29.3,5,2,6.3,50,134,88.47338,19.88279,255,16,32,1.16,Sniff,198,,,,33,,29.4,,,,,,,,,,,,
Wet,Cabral,436,3/28/2022 19:23,22,3,28,19,23,202,4.4,43.6,1.5,51.5,1,2218,9,29.3,6,2,6.27,50,134,79.35242,19.13001,255,16,33,1.18,Sniff,178.2,,,,29.7,,29.3,,,,,,,,,,,,
Wet,Cabral,437,3/28/2022 19:28,22,3,28,19,28,225,4.4,43.1,0,53.3,0.5,2218,9,29.3,5,2,6.27,50,134,87.56128,19.88279,255,16,34,1.24,Sniff,198,,,,32.78,,29.3,,,,,,,,,,,,
Wet,Cabral,438,3/28/2022 19:33,22,3,28,19,33,213,4.4,43.2,2.4,51.7,0,2218,9,29.3,5,2,6.27,50,134,83.9129,19.41608,255,16,35,1.2,Sniff,198,,,,31.46,,29.2,,,,,,,,,,,,
Wet,Cabral,439,3/28/2022 19:38,22,3,28,19,38,200,4.4,45,1.5,49.5,1,2218,8,29,5,2,6.27,50,134,81.17662,19.32124,255,16,36,1.1,Sniff,176,,,,30.36,,29.3,,,,,,,,,,,,
Wet,Cabral,440,3/28/2022 19:43,22,3,28,19,43,198,4.4,37.9,0,59.6,0,2236,9,29,5,2,6.27,50,134,68.40725,17.72714,255,16,37,1.57,Sniff,154,,,,25.52,,29.4,,,,,,,,,,,,
Wet,Cabral,441,3/28/2022 19:48,22,3,28,19,48,197,4.5,40.6,2.6,50.8,0,2218,9,29,5,2,6.27,50,134,72.56235,18.14059,255,16,38,1.25,Sniff,160.6,,,,26.62,,29.3,,,,,,,,,,,,
Wet,Cabral,442,3/28/2022 19:53,22,3,28,19,53,226,4.4,40.7,1.3,55.8,0,2218,9,29,5,2,6.27,50,134,83.9129,19.41608,255,16,39,1.37,Sniff,198,,,,31.24,,29.3,,,,,,,,,,,,
Wet,Cabral,443,3/28/2022 19:58,22,3,28,19,58,213,4.4,42.7,1,52.1,0,2218,9,29,5,2,6.3,50,134,83.00081,19.32124,255,16,40,1.22,Sniff,176,,,,31.02,,29.3,,,,,,,,,,,,
Wet,Cabral,444,3/28/2022 20:03,22,3,28,20,3,203,4.4,33.5,0,60.6,0,2236,9,29,5,2,6.27,50,134,62.02258,16.97708,255,16,41,1.81,Sniff,138.6,,,,23.1,,29.3,,,,,,,,,,,,
Wet,Cabral,445,3/28/2022 20:08,22,3,28,20,8,176,4.5,40.4,0,54.6,1.7,2201,9,29,5,2,6.27,50,134,63.49207,17.31338,255,16,42,1.35,Sniff,138.6,,,,23.1,,29.3,,,,,,,,,,,,
Wet,Cabral,446,3/28/2022 20:13,22,3,28,20,13,190,4.5,43.2,1.1,53.2,0,2218,8,29,5,2,6.27,50,134,74.37642,18.34092,255,16,43,1.23,Sniff,162.8,,,,27.28,,29.3,,,,,,,,,,,,
Wet,Cabral,447,3/28/2022 20:18,22,3,28,20,18,168,4.5,37.5,0.6,56.6,0,2218,9,29,5,2,6.27,50,134,57.14285,16.32653,255,16,44,1.51,Sniff,125.4,,,,21.12,,29.3,,,,,,,,,,,,
Wet,Cabral,448,3/28/2022 20:23,22,3,28,20,23,149,4.5,36.3,0,59.7,0.7,2218,9,29,5,2,6.27,50,134,48.70899,15.18313,255,16,45,1.64,Sniff,107.8,,,,17.82,,29.3,,,,,,,,,,,,
Wet,Cabral,449,3/28/2022 20:28,22,3,28,20,28,173,4.5,42.2,0.6,53.8,0,2218,8,29,5,2,6.27,50,134,66.21315,17.41919,255,16,46,1.27,Sniff,145.2,,,,24.2,,29.4,,,,,,,,,,,,
Wet,Cabral,450,3/28/2022 20:33,22,3,28,20,33,163,4.5,38.7,1.2,57.1,0,2236,9,29,5,2,6.27,50,134,56.82715,16.23633,255,16,47,1.48,Sniff,125.4,,,,20.9,,29.3,,,,,,,,,,,,
Wet,Cabral,451,3/28/2022 20:38,22,3,28,20,38,157,4.5,42.7,0.6,52.9,0,2218,9,28.7,5,2,6.27,50,134,60.43523,16.68051,255,16,48,1.24,Sniff,134.2,,,,22.44,,29.3,,,,,,,,,,,,
Wet,Cabral,452,3/28/2022 20:43,22,3,28,20,43,150,4.5,38,1.3,58.7,0,2201,9,28.7,5,2,6.27,50,134,51.41505,15.54317,255,16,49,1.54,Sniff,114.4,,,,18.92,,29.4,,,,,,,,,,,,
Wet,Cabral,453,3/28/2022 20:48,22,3,28,20,48,160,4.5,38.1,0.6,58.1,0,2218,9,28.7,5,2,6.27,50,134,55.02312,16.00904,255,16,50,1.52,Sniff,121,,,,20.24,,29.4,,,,,,,,,,,,
Wet,Cabral,454,3/28/2022 20:53,22,3,28,20,53,152,4.5,36.9,2,56.6,2.6,2218,8,28.7,5,2,6.24,50,134,48.70899,15.54317,255,16,51,1.53,Sniff,107.8,,,,18.04,,29.4,,,,,,,,,,,,
Wet,Cabral,455,3/28/2022 20:58,22,3,28,20,58,158,4.5,34.2,2.5,58.9,0.6,2218,9,29,5,2,6.27,50,134,48.70899,15.18313,255,16,52,1.72,Sniff,107.8,,,,17.82,,29.2,,,,,,,,,,,,
Wet,Cabral,456,3/28/2022 21:03,22,3,28,21,3,114,4.5,29.8,3.5,64.9,0,2236,9,28.7,5,2,6.27,50,134,30.50012,12.40831,255,16,53,2.18,Sniff,68.2,,,,11.44,,29.3,,,,,,,,,,,,
Wet,Cabral,457,3/28/2022 21:08,22,3,28,21,8,148,4.5,24.3,2,68.3,1.4,2218,9,28.7,5,2,6.27,50,134,31.57064,12.77756,255,16,54,2.81,Sniff,70.4,,,,11.66,,29.1,,,,,,,,,,,,
Wet,Cabral,458,3/28/2022 21:13,22,3,28,21,13,123,4.5,24.4,1.6,71.6,0,2218,9,28.7,5,2,6.24,50,134,26.91187,11.78339,255,16,55,2.93,Sniff,59.4,,,,10.12,,29.1,,,,,,,,,,,,
Wet,Cabral,459,3/28/2022 21:18,22,3,28,21,18,117,4.5,32.5,0.9,61.6,1.7,2218,9,28.7,5,2,6.24,50,134,33.1913,12.99843,255,16,56,1.9,Sniff,72.6,,,,12.32,,28.9,,,,,,,,,,,,
Wet,Cabral,460,3/28/2022 21:23,22,3,28,21,23,137,4.5,33.6,0,62.8,0,2218,9,28.7,5,2,6.27,50,134,41.49285,14.17189,255,16,57,1.87,Sniff,92.4,,,,15.4,,29,,,,,,,,,,,,
Wet,Cabral,461,3/28/2022 21:28,22,3,28,21,28,118,4.5,38.1,0,58.5,0,2218,8,28.7,5,2,6.27,50,134,40.3678,13.96247,255,16,58,1.54,Sniff,90.2,,,,15.18,,29,,,,,,,,,,,,
Wet,Cabral,462,3/28/2022 21:33,22,3,28,21,33,108,4.5,32.4,2.8,61.1,0.9,2236,9,28.7,5,2,6.27,50,134,31.39718,12.55887,255,16,59,1.89,Sniff,68.2,,,,11.66,,29,,,,,,,,,,,,
Wet,Cabral,463,3/28/2022 21:38,22,3,28,21,38,111,4.5,25.2,0,72.1,0,2218,9,28.4,5,2,6.24,50,134,25.11774,11.45578,255,16,60,2.86,Sniff,55,,,,9.46,,29,,,,,,,,,,,,
Wet,Cabral,464,3/28/2022 21:43,22,3,28,21,43,97,4.5,27.8,1,70.1,1,2236,9,28.4,5,2,6.27,50,134,24.08833,11.22606,255,16,61,2.52,Sniff,52.8,,,,8.8,,29,,,,,,,,,,,,
Wet,Cabral,465,3/28/2022 21:48,22,3,28,21,48,74,4.5,21.6,0,75.7,0,2218,8,28.4,5,2,6.27,50,134,14.27456,9.141263,255,16,62,3.5,Sniff,31.9,,,,5.28,,29,,,,,,,,,,,,
Wet,Cabral,466,3/28/2022 21:53,22,3,28,21,53,83,4.5,16.9,0,81.9,0,2218,9,28.4,5,2,6.27,50,134,12.49024,8.694964,255,16,63,4.85,Sniff,27.94,,,,4.84,,28.8,,,,,,,,,,,,
Wet,Cabral,467,3/28/2022 21:58,22,3,28,21,58,69,4.6,21.8,1.5,73.9,0,2218,8,28.4,5,2,6.27,50,134,13.30967,8.873114,255,16,64,3.39,Sniff,29.26,,,,5.06,,28.7,,,,,,,,,,,,
Wet,Cabral,468,3/28/2022 22:03,22,3,28,22,3,77,4.5,22.1,2.6,72.7,0,2218,9,28.4,5,2,6.27,50,134,15.16672,9.35455,255,16,65,3.29,Sniff,33.88,,,,5.72,,28.8,,,,,,,,,,,,
Wet,Cabral,469,3/28/2022 22:08,22,3,28,22,8,69,4.6,17.4,0,76.8,0,2218,8,28.4,5,2,6.24,50,134,10.64774,8.173115,255,16,66,4.41,Sniff,23.54,,,,3.96,,28.7,,,,,,,,,,,,
Wet,Cabral,470,3/28/2022 22:13,22,3,28,22,13,61,4.6,24.6,1.7,67.2,4.9,2236,9,28.4,5,2,6.27,50,134,12.42236,9.091582,255,16,67,2.73,Sniff,25.96,,,,4.4,,28.6,,,,,,,,,,,,
Wet,Cabral,471,3/28/2022 22:18,22,3,28,22,18,69,4.6,18.9,1.5,73.9,1.5,2236,9,28.4,5,2,6.24,50,134,11.53505,8.414655,255,16,68,3.91,Sniff,24.42,,,,4.18,,28.6,,,,,,,,,,,,
Wet,Cabral,472,3/28/2022 22:23,22,3,28,22,23,72,4.5,26.4,0,70.8,1.4,2201,9,28.4,5,2,6.24,50,134,16.95104,9.764043,255,16,69,2.68,Sniff,36.74,,,,6.16,,28.5,,,,,,,,,,,,
Wet,Cabral,473,3/28/2022 22:28,22,3,28,22,28,65,4.6,30.8,0,69.2,0,2218,9,28.4,5,2,6.27,50,134,17.74623,9.906966,255,16,70,2.25,Sniff,39.16,,,,6.6,,28.5,,,,,,,,,,,,
Wet,Cabral,474,3/28/2022 22:33,22,3,28,22,33,45,4.6,24.5,2.2,66.7,0,2201,9,28.7,5,2,6.27,50,134,9.760427,7.922096,255,16,71,2.72,Sniff,21.56,,,,3.74,,28.5,,,,,,,,,,,,
Wet,Cabral,475,3/28/2022 22:38,22,3,28,22,38,52,4.6,23.1,3.9,71.2,0,2218,9,28.7,5,2,6.24,50,134,10.64774,8.173115,255,16,72,3.08,Sniff,23.54,,,,3.96,,28.5,,,,,,,,,,,,
Wet,Cabral,476,3/28/2022 22:43,22,3,28,22,43,41,4.6,19.5,2.5,75.6,2.5,2218,9,28.7,5,2,6.24,50,134,6.211181,7.098492,255,16,73,3.88,Sniff,14.52,,,,2.42,,28.5,,,,,,,,,,,,
Wet,Cabral,477,3/28/2022 22:48,22,3,28,22,48,48,4.6,25,0,72.9,0,2218,9,28.7,5,2,6.24,50,134,10.64774,8.173115,255,16,74,2.92,Sniff,23.32,,,,3.96,,28.6,,,,,,,,,,,,
Wet,Cabral,478,3/28/2022 22:53,22,3,28,22,53,38,4.6,29,0,65.8,2.6,2218,9,28.4,5,2,6.24,50,134,9.760427,7.922096,255,16,75,2.27,Sniff,20.46,,,,3.52,,28.6,,,,,,,,,,,,
Wet,Cabral,479,3/28/2022 22:58,22,3,28,22,58,50,4.6,22,0,70,0,2218,9,28.7,5,2,6.24,50,134,9.760427,7.922096,255,16,76,3.18,Sniff,21.56,,,,3.74,,28.6,,,,,,,,,,,,
Wet,Cabral,480,3/28/2022 23:03,22,3,28,23,3,36,4.6,25,5.6,66.7,0,2218,9,28.7,5,2,6.24,50,134,7.942637,7.346547,255,16,77,2.67,Sniff,17.6,,,,3.08,,28.4,,,,,,,,,,,,
Wet,Cabral,481,3/28/2022 23:08,22,3,28,23,8,44,4.6,27.3,0,68.2,2.3,2218,9,28.7,5,2,6.24,50,134,10.64774,8.173115,255,16,78,2.5,Sniff,22.44,,,,3.74,,28.5,,,,,,,,,,,,
Wet,Cabral,482,3/28/2022 23:13,22,3,28,23,13,29,4.6,24.2,0,75.9,0,2218,9,28.7,5,2,6.27,50,134,6.177606,6.75729,255,16,79,3.14,Sniff,13.64,,,,2.42,,28.5,,,,,,,,,,,,
Wet,Cabral,483,3/28/2022 23:18,22,3,28,23,18,34,4.6,29.4,0,67.7,3,2218,9,28.7,5,2,6.24,50,134,7.942637,7.618974,255,16,80,2.3,Sniff,18.48,,,,3.08,,28.5,,,,,,,,,,,,
Wet,Cabral,484,3/28/2022 23:23,22,3,28,23,23,27,4.6,29.6,0,59.3,3.7,2218,8,28.4,5,2,6.24,50,134,6.177606,7.060121,255,16,81,2,Sniff,14.52,,,,2.42,,28.5,,,,,,,,,,,,
Wet,Cabral,485,3/28/2022 23:28,22,3,28,23,28,21,4.6,28.6,4.8,66.7,0,2201,8,28.4,5,2,6.24,50,134,5.29509,6.434862,255,16,82,2.33,Sniff,11.66,,,,1.98,,28.5,,,,,,,,,,,,
Wet,Cabral,486,3/28/2022 23:33,22,3,28,23,33,28,4.6,17.9,7.2,67.9,0,2218,9,28.4,5,2,6.24,50,134,4.412577,6.088454,255,16,83,3.79,Sniff,9.68,,,,1.76,,28.4,,,,,,,,,,,,
Wet,Cabral,487,3/28/2022 23:38,22,3,28,23,38,30,4.6,30,0,60,3.3,2201,9,28.4,5,2,6.24,50,134,7.942637,7.346547,255,16,84,2,Sniff,16.5,,,,2.86,,28.5,,,,,,,,,,,,
Wet,Cabral,488,3/28/2022 23:43,22,3,28,23,43,27,4.6,33.3,0,63,0,2201,9,28.4,5,2,6.24,50,134,7.942637,7.346547,255,16,85,1.89,Sniff,17.6,,,,3.08,,28.4,,,,,,,,,,,,
Wet,Cabral,489,3/28/2022 23:48,22,3,28,23,48,24,4.6,20.8,0,75,0,2236,9,28.1,5,2,6.24,50,134,4.412577,6.088454,255,16,86,3.61,Sniff,9.68,,,,1.76,,28.4,,,,,,,,,,,,
Wet,Cabral,490,3/28/2022 23:53,22,3,28,23,53,27,4.6,18.5,11.1,55.6,11.1,2218,9,28.1,5,2,6.24,50,134,3.53006,6.434862,255,16,87,3.01,Sniff,6.38,,,,1.1,,28.4,,,,,,,,,,,,
Wet,Cabral,491,3/28/2022 23:59,22,3,28,23,59,28,4.6,28.6,7.2,57.2,3.6,2236,9,28.1,5,2,6.24,50,134,7.060121,7.060121,255,16,88,2,Sniff,14.52,,,,2.42,,28.4,,,,,,,,,,,,
Wet,Cabral,492,3/29/2022 0:04,22,3,29,0,4,16,4.6,37.5,0,56.3,0,2218,8,28.1,5,2,6.24,50,134,5.29509,6.434862,255,16,89,1.5,Sniff,11.66,,,,1.98,,28.4,,,,,,,,,,,,
Wet,Cabral,493,3/29/2022 0:09,22,3,29,0,9,17,4.6,11.8,5.9,70.6,5.9,2218,8,28.1,5,2,6.21,50,134,1.76503,4.822152,255,16,90,5.98,Sniff,2.86,,,,0.484,,28.4,,,,,,,,,,,,
Wet,Cabral,494,3/29/2022 0:14,22,3,29,0,14,20,4.6,30,5,60,0,2218,9,27.8,5,2,6.21,50,134,5.29509,6.434862,255,16,91,2,Sniff,11.66,,,,1.98,,28.3,,,,,,,,,,,,
Wet,Cabral,495,3/29/2022 0:19,22,3,29,0,19,14,4.6,28.6,0,71.4,0,2218,9,27.8,5,2,6.24,50,134,3.53006,5.711758,255,16,92,2.5,Sniff,7.92,,,,1.342,,28.3,,,,,,,,,,,,
Wet,Cabral,496,3/29/2022 0:24,22,3,29,0,24,15,4.6,20,0,66.7,0,2218,9,27.8,5,2,6.24,50,134,2.647545,5.29509,255,16,93,3.34,Sniff,5.94,,,,1.012,,28.3,,,,,,,,,,,,
Wet,Cabral,497,3/29/2022 0:29,22,3,29,0,29,16,4.6,25,6.3,62.5,0,2218,9,27.8,5,2,6.21,50,134,3.53006,5.711758,255,16,94,2.5,Sniff,7.7,,,,1.342,,28.3,,,,,,,,,,,,
Wet,Cabral,498,3/29/2022 0:34,22,3,29,0,34,15,4.6,33.3,0,60,0,2218,9,27.8,5,2,6.21,50,134,4.412577,6.088454,255,16,95,1.8,Sniff,9.68,,,,1.76,,28.3,,,,,,,,,,,,
Wet,Cabral,499,3/29/2022 0:39,22,3,29,0,39,18,4.6,44.5,0,44.5,11.1,2218,9,27.8,5,2,6.24,50,134,6.177606,7.346547,255,16,96,1,Sniff,13.42,,,,2.2,,28.2,,,,,,,,,,,,
Wet,Cabral,500,3/29/2022 0:44,22,3,29,0,44,13,4.6,7.7,7.7,69.2,7.7,2218,8,28.1,5,2,6.24,50,134,0.8825151,4.26116,255,16,97,8.99,Sniff,0.88,,,,0.154,,28.3,,,,,,,,,,,,
Wet,Cabral,501,3/29/2022 0:49,22,3,29,0,49,18,4.6,44.5,5.6,50,0,2236,9,27.8,5,2,6.21,50,134,7.060121,7.060121,255,16,98,1.12,Sniff,15.62,,,,2.64,,28.2,,,,,,,,,,,,
Wet,Cabral,502,3/29/2022 0:54,22,3,29,0,54,16,4.6,43.8,0,56.3,0,2218,9,27.8,5,2,6.24,50,134,6.177606,6.75729,255,16,99,1.29,Sniff,13.64,,,,2.42,,28.1,,,,,,,,,,,,
Wet,Cabral,503,3/29/2022 0:59,22,3,29,0,59,15,4.6,33.3,0,66.7,0,2218,8,27.8,5,2,6.24,50,134,4.412577,6.088454,255,17,1,2,Sniff,9.68,,,,1.76,,28.2,,,,,,,,,,,,
Wet,Cabral,504,3/29/2022 1:04,22,3,29,1,4,13,4.6,7.7,0,92.3,0,2218,9,27.8,5,2,6.24,50,134,0.8825151,4.26116,255,17,2,12,Sniff,1.98,,,,0.33,,28.2,,,,,,,,,,,,
Wet,Cabral,505,3/29/2022 1:09,22,3,29,1,9,14,4.6,50,0,42.9,0,2218,8,27.8,5,2,6.24,50,134,6.177606,6.75729,255,17,3,0.858,Sniff,13.64,,,,2.42,,28.2,,,,,,,,,,,,
Wet,Cabral,506,3/29/2022 1:14,22,3,29,1,14,17,4.6,29.4,0,70.6,0,2218,9,27.8,4,2,6.21,50,134,4.412577,6.088454,255,17,4,2.4,Sniff,9.68,,,,1.76,,28.3,,,,,,,,,,,,
Wet,Cabral,507,3/29/2022 1:19,22,3,29,1,19,13,4.6,30.8,0,69.2,0,2218,9,27.8,5,2,6.24,50,134,3.53006,5.711758,255,17,5,2.25,Sniff,7.92,,,,1.342,,28.1,,,,,,,,,,,,
Wet,Cabral,508,3/29/2022 1:24,22,3,29,1,24,12,4.6,16.7,0,83.3,0,2218,8,27.5,5,2,6.24,50,134,1.76503,4.822152,255,17,6,4.99,Sniff,3.96,,,,0.682,,28.1,,,,,,,,,,,,
Wet,Cabral,509,3/29/2022 1:29,22,3,29,1,29,23,4.6,30.4,0,60.9,4.4,2218,9,27.5,5,2,6.24,50,134,5.29509,6.75729,255,17,7,2,Sniff,12.54,,,,2.2,,28.1,,,,,,,,,,,,
Wet,Cabral,510,3/29/2022 1:34,22,3,29,1,34,14,4.6,28.6,7.2,57.2,7.2,2218,9,27.5,5,2,6.21,50,134,3.53006,5.711758,255,17,8,2,Sniff,6.82,,,,1.144,,28.1,,,,,,,,,,,,
Wet,Cabral,511,3/29/2022 1:39,22,3,29,1,39,15,4.6,33.3,6.7,60,0,2218,9,27.5,4,2,6.24,50,134,4.412577,6.088454,255,17,9,1.8,Sniff,9.68,,,,1.76,,28.1,,,,,,,,,,,,
Wet,Cabral,512,3/29/2022 1:44,22,3,29,1,44,6,4.6,0,0,83.3,16.7,2218,8,27.5,5,2,6.21,50,134,0,3.53006,255,17,10,N/A,Sniff,0,,,,0,,28.1,,,,,,,,,,,,
Wet,Cabral,513,3/29/2022 1:49,22,3,29,1,49,19,4.6,42.1,10.5,42.1,5.3,2218,8,27.5,4,2,6.21,50,134,7.060121,7.060121,255,17,11,1,Sniff,14.52,,,,2.42,,28.1,,,,,,,,,,,,
Wet,Cabral,514,3/29/2022 1:54,22,3,29,1,54,6,4.6,16.7,0,66.7,0,2218,8,27.5,4,2,6.24,50,134,0.8825151,4.26116,255,17,12,3.99,Sniff,1.98,,,,0.33,,28.1,,,,,,,,,,,,
Wet,Cabral,515,3/29/2022 1:59,22,3,29,1,59,6,4.6,50,0,50,0,2218,9,27.5,4,2,6.21,50,134,2.647545,5.29509,255,17,13,1,Sniff,5.94,,,,1.012,,28.1,,,,,,,,,,,,
Wet,Cabral,516,3/29/2022 2:04,22,3,29,2,4,7,4.6,57.2,0,28.6,14.3,2218,9,27.5,5,2,6.21,50,134,3.53006,5.711758,255,17,14,0.5,Sniff,6.82,,,,1.166,,28.1,,,,,,,,,,,,
Wet,Cabral,517,3/29/2022 2:09,22,3,29,2,9,6,4.6,50,16.7,33.3,0,2218,9,27.5,5,2,6.21,50,134,2.647545,5.29509,255,17,15,0.666,Sniff,5.94,,,,1.012,,28.1,,,,,,,,,,,,
Wet,Cabral,518,3/29/2022 2:14,22,3,29,2,14,7,4.6,28.6,0,57.2,14.3,2218,9,27.5,4,2,6.21,50,134,1.76503,4.822152,255,17,16,2,Sniff,2.86,,,,0.484,,28.1,,,,,,,,,,,,
Wet,Cabral,519,3/29/2022 2:19,22,3,29,2,19,11,4.6,45.5,9.1,45.5,0,2218,8,27.5,5,2,6.21,50,134,4.412577,6.088454,255,17,17,1,Sniff,9.68,,,,1.76,,28,,,,,,,,,,,,
Wet,Cabral,520,3/29/2022 2:24,22,3,29,2,24,11,4.6,27.3,9.1,54.6,9.1,2218,9,27.5,4,2,6.21,50,134,1.76503,5.29509,255,17,18,2,Sniff,4.84,,,,0.814,,28.1,,,,,,,,,,,,
Wet,Cabral,521,3/29/2022 2:29,22,3,29,2,29,12,4.6,25,0,66.7,0,2218,9,27.5,5,2,6.18,50,134,2.647545,5.29509,255,17,19,2.67,Sniff,5.94,,,,1.012,,28,,,,,,,,,,,,
Wet,Cabral,522,3/29/2022 2:34,22,3,29,2,34,6,4.6,16.7,0,83.3,0,2218,8,27.5,4,2,6.21,50,134,0.8825151,4.26116,255,17,20,4.99,Sniff,1.98,,,,0.33,,28,,,,,,,,,,,,
Wet,Cabral,523,3/29/2022 2:39,22,3,29,2,39,6,4.6,16.7,0,83.3,0,2218,9,27.5,4,2,6.21,50,134,0.8825151,4.26116,255,17,21,4.99,Sniff,1.98,,,,0.33,,28.1,,,,,,,,,,,,
Wet,Cabral,524,3/29/2022 2:44,22,3,29,2,44,7,4.6,57.2,0,42.9,0,2218,9,27.5,5,2,6.21,50,134,3.53006,5.711758,255,17,22,0.75,Sniff,7.92,,,,1.342,,28.1,,,,,,,,,,,,
Wet,Cabral,525,3/29/2022 2:49,22,3,29,2,49,3,4.6,0,0,100,0,2218,8,27.5,4,2,6.21,50,134,0,3.511083,255,17,23,N/A,Sniff,0,,,,0,,28.1,,,,,,,,,,,,
Wet,Cabral,526,3/29/2022 2:54,22,3,29,2,54,9,4.6,22.2,11.1,66.7,0,2218,8,27.5,4,2,6.21,50,134,1.76503,4.822152,255,17,24,3,Sniff,3.96,,,,0.66,,28.1,,,,,,,,,,,,
Wet,Cabral,527,3/29/2022 2:59,22,3,29,2,59,18,4.6,11.1,5.6,77.8,0,2201,8,27.5,4,2,6.21,50,134,1.76503,4.822152,255,17,25,7.01,Sniff,3.96,,,,0.66,,28.1,,,,,,,,,,,,
Wet,Cabral,528,3/29/2022 3:04,22,3,29,3,4,4,4.6,25,0,75,0,2218,9,27.5,4,2,6.21,50,134,0.8777706,4.238252,255,17,26,3,Sniff,1.98,,,,0.33,,28.1,,,,,,,,,,,,
Wet,Cabral,529,3/29/2022 3:09,22,3,29,3,9,6,4.6,33.3,16.7,50,0,2218,9,27.5,4,2,6.18,50,134,1.76503,4.822152,255,17,27,1.5,Sniff,3.96,,,,0.682,,28,,,,,,,,,,,,
Wet,Cabral,530,3/29/2022 3:14,22,3,29,3,14,3,4.6,0,33.3,33.3,0,2236,9,27.5,4,2,6.21,50,134,0,3.511083,255,17,28,N/A,Sniff,0,,,,0,,28,,,,,,,,,,,,
Wet,Cabral,531,3/29/2022 3:19,22,3,29,3,19,14,4.6,14.3,7.2,78.6,0,2218,8,27.5,5,2,6.21,50,134,1.76503,4.822152,255,17,29,5.5,Sniff,3.96,,,,0.682,,28,,,,,,,,,,,,
Wet,Cabral,532,3/29/2022 3:24,22,3,29,3,24,5,4.6,60,0,40,0,2236,10,27.5,4,2,6.21,50,134,2.633312,5.266623,255,17,30,0.667,Sniff,5.94,,,,1.012,,28,,,,,,,,,,,,
Wet,Cabral,533,3/29/2022 3:29,22,3,29,3,29,1,4.6,100,0,0,0,2236,9,27.5,4,2,6.18,50,134,0.8777706,4.238252,255,17,31,0,Sniff,1.98,,,,0.33,,28,,,,,,,,,,,,
Wet,Cabral,534,3/29/2022 3:34,22,3,29,3,34,2,4.6,50,0,50,0,2218,8,27.5,4,2,6.18,50,134,0.8777706,4.238252,255,17,32,1,Sniff,1.98,,,,0.33,,28,,,,,,,,,,,,
Wet,Cabral,535,3/29/2022 3:39,22,3,29,3,39,6,4.6,16.7,0,50,33.3,2218,9,27.5,5,2,6.21,50,134,0,4.822152,255,17,33,2.99,Sniff,0,,,,0,,28,,,,,,,,,,,,
Wet,Cabral,536,3/29/2022 3:44,22,3,29,3,44,5,4.6,40,0,60,0,2218,9,27.5,5,2,6.21,50,134,1.755541,4.796227,255,17,34,1.5,Sniff,3.96,,,,0.682,,28,,,,,,,,,,,,
Wet,Cabral,537,3/29/2022 3:49,22,3,29,3,49,4,4.6,50,0,50,0,2236,9,27.5,4,2,6.21,50,134,1.755541,4.796227,255,17,35,1,Sniff,3.96,,,,0.682,,28,,,,,,,,,,,,
Wet,Cabral,538,3/29/2022 3:54,22,3,29,3,54,6,4.6,0,0,83.3,16.7,2218,8,27.5,4,2,6.21,50,134,0,3.53006,255,17,36,N/A,Sniff,0,,,,0,,27.9,,,,,,,,,,,,
Wet,Cabral,539,3/29/2022 3:59,22,3,29,3,59,3,4.6,33.3,0,66.7,0,2201,9,27.1,4,2,6.18,50,134,0.8777706,4.238252,255,17,37,2,Sniff,1.98,,,,0.33,,27.8,,,,,,,,,,,,
Wet,Cabral,540,3/29/2022 4:04,22,3,29,4,4,4,4.6,50,0,25,25,2218,9,27.1,4,2,6.21,50,134,1.755541,4.796227,255,17,38,0.5,Sniff,2.86,,,,0.484,,27.8,,,,,,,,,,,,
Wet,Cabral,541,3/29/2022 4:09,22,3,29,4,9,2,4.6,0,0,50,50,2218,9,27.1,4,2,6.21,50,134,0,3.511083,255,17,39,N/A,Sniff,0,,,,0,,27.7,,,,,,,,,,,,
Wet,Cabral,542,3/29/2022 4:14,22,3,29,4,14,1,4.6,100,0,0,0,2218,9,27.1,4,2,6.18,50,134,0.8777706,4.238252,255,17,40,0,Sniff,1.98,,,,0.33,,27.8,,,,,,,,,,,,
Wet,Cabral,543,3/29/2022 4:19,22,3,29,4,19,7,4.6,14.3,14.3,71.4,0,2218,9,27.1,4,1,6.21,50,134,0.8825151,4.26116,255,17,41,4.99,Sniff,1.98,,,,0.33,,27.8,,,,,,,,,,,,
Wet,Cabral,544,3/29/2022 4:24,22,3,29,4,24,8,4.6,37.5,0,50,12.5,2218,9,27.1,4,1,6.18,50,134,2.647545,5.29509,255,17,42,1.33,Sniff,4.84,,,,0.814,,27.9,,,,,,,,,,,,
Wet,Cabral,545,3/29/2022 4:29,22,3,29,4,29,5,4.6,60,0,40,0,2218,8,27.1,4,1,6.18,50,134,2.633312,5.266623,255,17,43,0.667,Sniff,5.94,,,,1.012,,27.8,,,,,,,,,,,,
Wet,Cabral,546,3/29/2022 4:34,22,3,29,4,34,2,4.6,50,0,50,0,2218,8,26.8,4,1,6.18,50,134,0.8777706,4.238252,255,17,44,1,Sniff,1.98,,,,0.33,,27.7,,,,,,,,,,,,
Wet,Cabral,547,3/29/2022 4:39,22,3,29,4,39,5,4.6,40,20,20,0,2218,8,26.8,4,1,6.18,50,134,1.755541,4.796227,255,17,45,0.5,Sniff,3.96,,,,0.682,,27.7,,,,,,,,,,,,
Wet,Cabral,548,3/29/2022 4:44,22,3,29,4,44,1,4.6,100,0,0,0,2236,9,26.8,4,2,6.18,50,134,0.8777706,4.238252,255,17,46,0,Sniff,1.98,,,,0.33,,27.8,,,,,,,,,,,,
Wet,Cabral,549,3/29/2022 4:49,22,3,29,4,49,2,4.6,50,0,50,0,2218,9,26.8,4,1,6.18,50,134,0.8777706,4.238252,255,17,47,1,Sniff,1.98,,,,0.33,,27.7,,,,,,,,,,,,
Wet,Cabral,550,3/29/2022 4:54,22,3,29,4,54,5,4.6,20,40,40,0,2218,9,26.8,4,1,6.18,50,134,0.8825151,4.26116,255,17,48,2,Sniff,1.98,,,,0.33,,27.8,,,,,,,,,,,,
Wet,Cabral,551,3/29/2022 4:59,22,3,29,4,59,4,4.6,0,0,50,25,2218,8,26.8,4,1,6.18,50,134,0,3.511083,255,17,49,N/A,Sniff,0,,,,0,,27.7,,,,,,,,,,,,
Wet,Cabral,552,3/29/2022 5:04,22,3,29,5,4,5,4.6,20,0,80,0,2236,9,26.8,4,1,6.18,50,134,0.8777706,4.238252,255,17,50,4,Sniff,1.98,,,,0.33,,27.7,,,,,,,,,,,,
Wet,Cabral,553,3/29/2022 5:10,22,3,29,5,10,3,4.6,33.3,0,33.3,33.3,2218,9,26.8,4,2,6.18,50,134,0.8777706,4.238252,255,17,51,1,Sniff,0.88,,,,0.154,,27.8,,,,,,,,,,,,
Wet,Cabral,554,3/29/2022 5:15,22,3,29,5,15,4,4.6,75,25,0,0,2218,8,26.8,4,1,6.18,50,134,2.633312,5.266623,255,17,52,0,Sniff,5.94,,,,1.012,,27.8,,,,,,,,,,,,
Wet,Cabral,555,3/29/2022 5:20,22,3,29,5,20,8,4.6,12.5,12.5,62.5,12.5,2218,9,26.8,4,1,6.18,50,134,0.8825151,4.26116,255,17,53,5,Sniff,0.88,,,,0.154,,27.7,,,,,,,,,,,,
Wet,Cabral,556,3/29/2022 5:25,22,3,29,5,25,4,4.6,50,25,25,0,2218,9,26.8,4,1,6.15,50,134,1.755541,4.796227,255,17,54,0.5,Sniff,3.96,,,,0.682,,27.8,,,,,,,,,,,,
Wet,Cabral,557,3/29/2022 5:30,22,3,29,5,30,2,4.6,50,0,50,0,2218,8,26.8,4,1,6.18,50,134,0.8777706,4.238252,255,17,55,1,Sniff,1.98,,,,0.33,,27.8,,,,,,,,,,,,
Wet,Cabral,558,3/29/2022 5:35,22,3,29,5,35,2,4.6,50,0,50,0,2218,8,26.8,4,1,6.15,50,134,0.8777706,4.238252,255,17,56,1,Sniff,1.98,,,,0.33,,27.8,,,,,,,,,,,,
Wet,Cabral,559,3/29/2022 5:40,22,3,29,5,40,1,4.6,0,0,0,0,2218,8,26.5,4,1,6.15,50,134,0,3.511083,255,17,57,N/A,Sniff,0,,,,0,,27.8,,,,,,,,,,,,
Wet,Cabral,560,3/29/2022 5:45,22,3,29,5,45,4,4.6,50,0,25,25,2218,9,26.8,5,2,6.18,50,134,1.755541,4.796227,255,17,58,0.5,Sniff,2.86,,,,0.484,,27.7,,,,,,,,,,,,
Wet,Cabral,561,3/29/2022 5:50,22,3,29,5,50,2,4.6,50,0,50,0,2236,9,26.8,4,1,6.15,50,134,0.8777706,4.238252,255,17,59,1,Sniff,1.98,,,,0.33,,27.6,,,,,,,,,,,,
Wet,Cabral,562,3/29/2022 5:55,22,3,29,5,55,3,4.6,33.3,0,66.7,0,2218,9,26.8,4,1,6.15,50,134,0.8777706,4.238252,255,17,60,2,Sniff,1.98,,,,0.33,,27.5,,,,,,,,,,,,
Wet,Cabral,568,3/29/2022 19:53,22,3,29,19,53,6,4.6,100,0,0,0,2218,8,27.5,9,2,6.33,50,134,5.238459,6.36604,255,21,1,0,Sniff,11.66,,,,1.98,,29,,,,,,,,,,,,
Wet,Cabral,569,3/29/2022 19:58,22,3,29,19,58,6,4.6,66.7,0,16.7,0,2218,9,27.5,9,2,6.33,50,134,3.492306,5.65067,255,21,2,0.25,Sniff,7.92,,,,1.342,,28.4,,,,,,,,,,,,
Wet,Cabral,570,3/29/2022 20:03,22,3,29,20,3,6,4.6,100,0,0,0,2218,9,27.5,9,2,6.3,50,134,5.238459,6.36604,255,21,3,0,Sniff,11.66,,,,1.98,,29.9,,,,,,,,,,,,
Wet,Cabral,571,3/29/2022 20:08,22,3,29,20,8,17,4.6,76.5,0,11.8,0,2218,9,27.5,9,2,6.33,50,134,11.35,8.27966,255,21,4,0.154,Sniff,25.3,,,,4.18,,30,,,,,,,,,,,,
Wet,Cabral,572,3/29/2022 20:13,22,3,29,20,13,20,4.6,90,0,5,0,2218,8,27.5,8,2,6.33,50,134,15.71538,9.357459,255,21,5,0.0556,Sniff,35.2,,,,5.72,,30,,,,,,,,,,,,
Wet,Cabral,573,3/29/2022 20:18,22,3,29,20,18,15,4.6,80,0,13.3,0,2218,9,27.5,8,2,6.33,50,134,10.47692,8.041999,255,21,6,0.166,Sniff,23.32,,,,3.96,,29.8,,,,,,,,,,,,
Wet,Cabral,574,3/29/2022 20:23,22,3,29,20,23,16,4.6,81.3,6.3,12.5,0,2218,9,27.5,8,2,6.33,50,134,11.35,8.27966,255,21,7,0.154,Sniff,25.3,,,,4.18,,29.7,,,,,,,,,,,,
Wet,Cabral,575,3/29/2022 20:28,22,3,29,20,28,45,4.6,75.6,0,13.3,4.5,2218,9,27.1,8,2,6.33,50,134,28.96643,12.14146,255,21,8,0.176,Sniff,63.8,,,,10.56,,29.9,,,,,,,,,,,,
Wet,Cabral,576,3/29/2022 20:33,22,3,29,20,33,34,4.6,94.1,0,3,0,2218,8,27.1,8,2,6.33,50,134,28.08866,11.84036,255,21,9,0.0319,Sniff,61.6,,,,10.34,,29.9,,,,,,,,,,,,
Wet,Cabral,577,3/29/2022 20:38,22,3,29,20,38,42,4.6,81,0,11.9,0,2218,9,27.1,8,2,6.33,50,134,29.8442,12.14146,255,21,10,0.147,Sniff,66,,,,11,,29.9,,,,,,,,,,,,
Wet,Cabral,578,3/29/2022 20:43,22,3,29,20,43,54,4.6,75.9,1.9,14.8,0,2218,9,27.1,8,2,6.33,50,134,35.98859,13.13275,255,21,11,0.195,Sniff,79.2,,,,13.2,,30,,,,,,,,,,,,
Wet,Cabral,579,3/29/2022 20:48,22,3,29,20,48,45,4.6,77.8,0,17.8,0,2218,9,27.1,7,2,6.33,50,134,30.72197,12.28879,255,21,12,0.229,Sniff,68.2,,,,11.22,,29.7,,,,,,,,,,,,
Wet,Cabral,580,3/29/2022 20:53,22,3,29,20,53,54,4.6,74.1,0,22.2,0,2218,9,27.1,7,2,6.33,50,134,35.11083,12.99649,255,21,13,0.3,Sniff,79.2,,,,12.76,,29.9,,,,,,,,,,,,
Wet,Cabral,581,3/29/2022 20:58,22,3,29,20,58,56,4.6,57.2,0,32.2,5.4,2218,9,27.1,7,2,6.33,50,134,27.35797,12.05684,255,21,14,0.563,Sniff,59.4,,,,9.9,,29.6,,,,,,,,,,,,
Wet,Cabral,582,3/29/2022 21:03,22,3,29,21,3,57,4.6,70.2,0,26.3,1.8,2218,9,27.1,7,2,6.33,50,134,35.30061,13.06674,255,21,15,0.375,Sniff,77,,,,12.76,,29.8,,,,,,,,,,,,
Wet,Cabral,583,3/29/2022 21:08,22,3,29,21,8,51,4.6,66.7,0,25.5,0,2218,8,27.1,7,2,6.33,50,134,29.8442,12.14146,255,21,16,0.382,Sniff,66,,,,11,,29.8,,,,,,,,,,,,
Wet,Cabral,584,3/29/2022 21:13,22,3,29,21,13,58,4.6,53.5,0,39.7,3.5,2218,9,27.1,7,2,6.33,50,134,26.47546,11.74955,255,21,17,0.742,Sniff,59.4,,,,9.68,,29.8,,,,,,,,,,,,
Wet,Cabral,585,3/29/2022 21:18,22,3,29,21,18,68,4.6,50,1.5,47.1,0,2218,9,27.1,7,2,6.33,50,134,30.00552,12.20709,255,21,18,0.942,Sniff,66,,,,11,,29.9,,,,,,,,,,,,
Wet,Cabral,586,3/29/2022 21:23,22,3,29,21,23,47,4.6,48.9,2.1,40.4,2.1,2218,9,27.1,7,2,6.33,50,134,20.18872,10.3559,255,21,19,0.826,Sniff,44,,,,7.26,,30,,,,,,,,,,,,
Wet,Cabral,587,3/29/2022 21:28,22,3,29,21,28,52,4.6,44.2,3.9,48.1,3.9,2218,8,27.1,7,2,6.3,50,134,19.41533,10.41188,255,21,20,1.09,Sniff,41.8,,,,7.04,,29.8,,,,,,,,,,,,
Wet,Cabral,588,3/29/2022 21:33,22,3,29,21,33,42,4.6,54.8,0,42.9,0,2236,9,27.1,7,2,6.33,50,134,20.18872,10.3559,255,21,21,0.783,Sniff,44,,,,7.48,,29.8,,,,,,,,,,,,
Wet,Cabral,589,3/29/2022 21:38,22,3,29,21,38,54,4.6,44.5,1.9,51.9,1.9,2218,9,27.1,7,2,6.33,50,134,21.18036,10.59018,255,21,22,1.17,Sniff,46.2,,,,7.48,,29.8,,,,,,,,,,,,
Wet,Cabral,590,3/29/2022 21:43,22,3,29,21,43,50,4.6,48,0,50,0,2218,8,27.1,7,2,6.33,50,134,21.06649,10.53325,255,21,23,1.04,Sniff,46.2,,,,7.7,,29.5,,,,,,,,,,,,
Wet,Cabral,591,3/29/2022 21:48,22,3,29,21,48,47,4.6,42.6,2.1,53.2,0,2201,9,27.1,7,2,6.33,50,134,17.55541,9.800441,255,21,24,1.25,Sniff,39.16,,,,6.6,,29.5,,,,,,,,,,,,
Wet,Cabral,592,3/29/2022 21:53,22,3,29,21,53,62,4.6,33.9,1.6,61.3,0,2218,8,27.1,7,2,6.33,50,134,18.53282,10.04376,255,21,25,1.81,Sniff,44,,,,6.82,,29.5,,,,,,,,,,,,
Wet,Cabral,593,3/29/2022 21:58,22,3,29,21,58,47,4.6,27.7,0,70.2,0,2201,9,27.1,7,2,6.3,50,134,11.41102,8.324173,255,21,26,2.53,Sniff,25.52,,,,4.18,,29.5,,,,,,,,,,,,
Wet,Cabral,594,3/29/2022 22:03,22,3,29,22,3,51,4.6,43.1,0,54.9,0,2218,9,27.1,6,2,6.33,50,134,19.31095,10.17482,255,21,27,1.27,Sniff,44,,,,7.04,,29.7,,,,,,,,,,,,
Wet,Cabral,595,3/29/2022 22:08,22,3,29,22,8,34,4.6,35.3,0,64.7,0,2236,9,27.1,6,2,6.33,50,134,10.53325,8.085235,255,21,28,1.83,Sniff,23.32,,,,3.96,,29.7,,,,,,,,,,,,
Wet,Cabral,596,3/29/2022 22:13,22,3,29,22,13,52,4.6,50,0,42.3,0,2218,8,27.1,6,2,6.3,50,134,22.82204,10.8776,255,21,29,0.846,Sniff,50.6,,,,8.36,,29.5,,,,,,,,,,,,
Wet,Cabral,597,3/29/2022 22:19,22,3,29,22,19,48,4.6,29.2,0,68.8,0,2218,9,27.1,6,2,6.33,50,134,12.28879,8.554721,255,21,30,2.36,Sniff,27.28,,,,4.62,,29.5,,,,,,,,,,,,
Wet,Cabral,598,3/29/2022 22:24,22,3,29,22,24,36,4.6,44.5,0,50,0,2201,9,27.1,6,2,6.3,50,134,14.04433,8.993824,255,21,31,1.12,Sniff,31.24,,,,5.28,,29.5,,,,,,,,,,,,
Wet,Cabral,599,3/29/2022 22:29,22,3,29,22,29,43,4.6,32.6,0,65.1,2.3,2218,9,27.1,6,2,6.33,50,134,12.28879,8.554721,255,21,32,2,Sniff,26.18,,,,4.4,,29.5,,,,,,,,,,,,
Wet,Cabral,600,3/29/2022 22:34,22,3,29,22,34,40,4.6,37.5,2.5,52.5,0,2218,9,27.1,6,2,6.3,50,134,13.16656,8.777706,255,21,33,1.4,Sniff,29.26,,,,4.84,,29.5,,,,,,,,,,,,
Wet,Cabral,601,3/29/2022 22:39,22,3,29,22,39,42,4.6,42.9,0,52.4,2.4,2201,8,27.1,6,2,6.33,50,134,15.79987,9.407769,255,21,34,1.22,Sniff,34.1,,,,5.72,,29.5,,,,,,,,,,,,
Wet,Cabral,602,3/29/2022 22:44,22,3,29,22,44,29,4.6,27.6,6.9,62.1,0,2218,9,27.1,6,2,6.3,50,134,7.022165,7.022165,255,21,35,2.25,Sniff,15.62,,,,2.64,,29.5,,,,,,,,,,,,
Wet,Cabral,603,3/29/2022 22:49,22,3,29,22,49,40,4.6,37.5,0,62.5,0,2218,9,27.1,6,2,6.3,50,134,13.16656,8.777706,255,21,36,1.67,Sniff,29.26,,,,4.84,,29.5,,,,,,,,,,,,
Wet,Cabral,604,3/29/2022 22:54,22,3,29,22,54,35,4.6,34.3,5.7,57.2,0,2201,9,27.1,6,2,6.3,50,134,10.53325,8.085235,255,21,37,1.67,Sniff,23.54,,,,3.96,,29.5,,,,,,,,,,,,
Wet,Cabral,605,3/29/2022 22:59,22,3,29,22,59,37,4.6,29.7,0,70.3,0,2218,9,26.8,6,2,6.33,50,134,9.655476,7.836913,255,21,38,2.37,Sniff,21.56,,,,3.52,,29.5,,,,,,,,,,,,
Wet,Cabral,606,3/29/2022 23:04,22,3,29,23,4,37,4.6,32.4,0,62.2,5.4,2218,9,26.8,6,2,6.3,50,134,9.655476,8.085235,255,21,39,1.92,Sniff,21.12,,,,3.52,,29.2,,,,,,,,,,,,
Wet,Cabral,607,3/29/2022 23:09,22,3,29,23,9,41,4.6,36.6,0,63.4,0,2218,8,26.8,6,2,6.33,50,134,13.16656,8.777706,255,21,40,1.73,Sniff,29.26,,,,4.84,,29.4,,,,,,,,,,,,
Wet,Cabral,608,3/29/2022 23:14,22,3,29,23,14,31,4.6,32.3,0,64.5,0,2218,9,26.8,6,2,6.3,50,134,8.777706,7.578012,255,21,41,2,Sniff,19.58,,,,3.3,,29.5,,,,,,,,,,,,
Wet,Cabral,609,3/29/2022 23:19,22,3,29,23,19,38,4.6,39.5,0,57.9,0,2218,8,26.8,6,2,6.3,50,134,13.16656,8.777706,255,21,42,1.47,Sniff,29.26,,,,4.84,,29.5,,,,,,,,,,,,
Wet,Cabral,610,3/29/2022 23:24,22,3,29,23,24,23,4.6,30.4,4.4,56.5,0,2218,9,26.8,6,2,6.3,50,134,6.144395,6.72096,255,21,43,1.86,Sniff,13.64,,,,2.2,,29.5,,,,,,,,,,,,
Wet,Cabral,611,3/29/2022 23:29,22,3,29,23,29,36,4.6,22.2,0,75,0,2218,8,26.8,6,2,6.33,50,134,7.022165,7.022165,255,21,44,3.38,Sniff,15.62,,,,2.64,,29.4,,,,,,,,,,,,
Wet,Cabral,612,3/29/2022 23:34,22,3,29,23,34,29,4.6,24.2,0,69,0,2236,8,26.8,6,2,6.3,50,134,6.144395,6.72096,255,21,45,2.85,Sniff,13.64,,,,2.2,,29,,,,,,,,,,,,
Wet,Cabral,613,3/29/2022 23:39,22,3,29,23,39,26,4.6,42.3,0,57.7,0,2218,9,26.8,6,2,6.33,50,134,9.655476,7.836913,255,21,46,1.36,Sniff,21.56,,,,3.52,,29,,,,,,,,,,,,
Wet,Cabral,614,3/29/2022 23:44,22,3,29,23,44,33,4.6,39.4,0,57.6,3,2218,8,26.8,6,2,6.3,50,134,11.41102,8.324173,255,21,47,1.46,Sniff,24.2,,,,4.18,,29,,,,,,,,,,,,
Wet,Cabral,615,3/29/2022 23:49,22,3,29,23,49,31,4.6,45.2,3.2,41.9,3.2,2218,9,26.8,6,2,6.33,50,134,12.28879,8.554721,255,21,48,0.927,Sniff,26.18,,,,4.4,,29,,,,,,,,,,,,
Wet,Cabral,616,3/29/2022 23:54,22,3,29,23,54,23,4.6,21.8,0,78.3,0,2218,8,26.8,6,2,6.3,50,134,4.388853,6.055721,255,21,49,3.59,Sniff,9.68,,,,1.54,,29,,,,,,,,,,,,
Wet,Cabral,617,3/29/2022 23:59,22,3,29,23,59,23,4.6,39.1,0,56.5,0,2218,9,26.8,6,2,6.3,50,134,7.899934,7.30705,255,21,50,1.45,Sniff,17.6,,,,2.86,,29,,,,,,,,,,,,
Wet,Cabral,618,3/30/2022 0:04,22,3,30,0,4,25,4.6,60,0,40,0,2218,9,26.5,6,2,6.3,50,134,13.16656,8.777706,255,21,51,0.667,Sniff,29.26,,,,4.84,,29,,,,,,,,,,,,
Wet,Cabral,619,3/30/2022 0:09,22,3,30,0,9,29,4.6,41.4,0,48.3,0,2218,9,26.5,6,2,6.3,50,134,10.53325,8.085235,255,21,52,1.17,Sniff,23.54,,,,3.96,,29,,,,,,,,,,,,
Wet,Cabral,620,3/30/2022 0:14,22,3,30,0,14,24,4.6,20.8,0,75,0,2218,8,26.5,6,2,6.3,50,134,4.388853,6.055721,255,21,53,3.61,Sniff,9.68,,,,1.76,,28.2,,,,,,,,,,,,
Wet,Cabral,621,3/30/2022 0:19,22,3,30,0,19,17,4.6,11.8,5.9,70.6,0,2236,9,26.5,6,2,6.3,50,134,1.746153,4.770578,255,21,54,5.98,Sniff,3.96,,,,0.682,,26.9,,,,,,,,,,,,
Wet,Cabral,622,3/30/2022 0:24,22,3,30,0,24,22,4.6,45.5,4.6,50,0,2218,8,26.5,6,2,6.3,50,134,8.730766,7.537488,255,21,55,1.1,Sniff,19.58,,,,3.52,,26.5,,,,,,,,,,,,
Wet,Cabral,623,3/30/2022 0:29,22,3,30,0,29,19,4.6,47.4,0,52.6,0,2236,9,26.5,6,2,6.3,50,134,7.857688,7.267975,255,21,56,1.11,Sniff,17.6,,,,3.08,,26.5,,,,,,,,,,,,
Wet,Cabral,624,3/30/2022 0:34,22,3,30,0,34,22,4.6,0,4.6,95.5,0,2236,9,26.5,6,2,6.3,50,134,0,3.511083,255,21,57,N/A,Sniff,0,,,,0,,26.5,,,,,,,,,,,,
Wet,Cabral,625,3/30/2022 0:39,22,3,30,0,39,22,4.6,40.9,4.6,54.6,0,2218,9,26.5,5,2,6.3,50,134,7.857688,7.267975,255,21,58,1.33,Sniff,17.6,,,,3.08,,26,,,,,,,,,,,,
Wet,Cabral,626,3/30/2022 0:44,22,3,30,0,44,19,4.6,5.3,0,94.7,0,2218,8,26.5,5,2,6.3,50,134,0.8730766,4.215587,255,21,59,17.9,Sniff,1.98,,,,0.352,,26,,,,,,,,,,,,
Wet,Cabral,627,3/30/2022 0:49,22,3,30,0,49,14,4.6,28.6,0,64.3,0,2218,9,26.5,5,2,6.27,50,134,3.492306,5.65067,255,21,60,2.25,Sniff,7.92,,,,1.32,,26,,,,,,,,,,,,
Wet,Cabral,628,3/30/2022 0:54,22,3,30,0,54,27,4.6,22.2,3.7,70.4,0,2218,9,26.5,5,2,6.3,50,134,5.266623,6.400266,255,21,61,3.17,Sniff,11.66,,,,2.2,,26,,,,,,,,,,,,
Wet,Cabral,629,3/30/2022 0:59,22,3,30,0,59,20,4.6,25,5,65,0,2218,9,26.5,6,2,6.3,50,134,4.365383,6.023338,255,21,62,2.6,Sniff,9.68,,,,1.76,,26.1,,,,,,,,,,,,
Wet,Cabral,630,3/30/2022 1:04,22,3,30,1,4,10,4.6,50,10,40,0,2218,9,26.5,5,2,6.3,50,134,4.365383,6.023338,255,21,63,0.8,Sniff,9.68,,,,1.76,,26,,,,,,,,,,,,
Wet,Cabral,631,3/30/2022 1:09,22,3,30,1,9,13,4.6,38.5,0,53.9,7.7,2236,9,26.5,5,2,6.3,50,134,3.492306,6.023338,255,21,64,1.4,Sniff,8.58,,,,1.54,,26,,,,,,,,,,,,
Wet,Cabral,632,3/30/2022 1:14,22,3,30,1,14,21,4.6,23.8,0,66.7,0,2218,9,26.5,5,2,6.3,50,134,4.365383,6.023338,255,21,65,2.8,Sniff,9.68,,,,1.76,,26,,,,,,,,,,,,
Wet,Cabral,633,3/30/2022 1:19,22,3,30,1,19,14,4.6,21.4,0,71.4,0,2218,9,26.2,5,2,6.27,50,134,2.61923,5.238459,255,21,66,3.34,Sniff,5.94,,,,1.056,,26,,,,,,,,,,,,
Wet,Cabral,634,3/30/2022 1:24,22,3,30,1,24,13,4.6,30.8,0,69.2,0,2218,9,26.2,5,2,6.3,50,134,3.492306,5.65067,255,21,67,2.25,Sniff,7.92,,,,1.32,,26,,,,,,,,,,,,
Wet,Cabral,635,3/30/2022 1:29,22,3,30,1,29,10,4.6,10,0,90,0,2218,9,26.2,5,2,6.27,50,134,0.8730766,4.215587,255,21,68,9,Sniff,1.98,,,,0.352,,25.9,,,,,,,,,,,,
Wet,Cabral,636,3/30/2022 1:34,22,3,30,1,34,17,4.6,35.3,0,64.7,0,2218,9,26.2,5,2,6.3,50,134,5.238459,6.36604,255,21,69,1.83,Sniff,11.66,,,,2.2,,25.8,,,,,,,,,,,,
Wet,Cabral,637,3/30/2022 1:39,22,3,30,1,39,11,4.6,36.4,27.3,36.4,0,2218,9,26.2,5,2,6.3,50,134,3.492306,5.65067,255,21,70,1,Sniff,7.92,,,,1.32,,25.6,,,,,,,,,,,,
Wet,Cabral,638,3/30/2022 1:44,22,3,30,1,44,9,4.6,33.3,0,66.7,0,2218,9,26.2,5,2,6.3,50,134,2.61923,5.238459,255,21,71,2,Sniff,5.94,,,,1.056,,26,,,,,,,,,,,,
Wet,Cabral,639,3/30/2022 1:49,22,3,30,1,49,11,4.6,18.2,0,72.7,0,2218,8,26.2,5,2,6.27,50,134,1.746153,4.770578,255,21,72,3.99,Sniff,3.96,,,,0.704,,25.8,,,,,,,,,,,,
Wet,Cabral,640,3/30/2022 1:54,22,3,30,1,54,7,4.6,28.6,14.3,57.2,0,2201,9,26.2,5,2,6.27,50,134,1.746153,4.770578,255,21,73,2,Sniff,3.96,,,,0.704,,26.1,,,,,,,,,,,,
Wet,Cabral,641,3/30/2022 1:59,22,3,30,1,59,7,4.6,57.2,14.3,28.6,0,2218,9,26.2,5,2,6.27,50,134,3.492306,5.65067,255,21,74,0.5,Sniff,7.92,,,,1.32,,26,,,,,,,,,,,,
Wet,Cabral,642,3/30/2022 2:04,22,3,30,2,4,9,4.6,33.3,0,66.7,0,2218,8,26.2,5,2,6.27,50,134,2.61923,5.238459,255,21,75,2,Sniff,5.94,,,,1.056,,26,,,,,,,,,,,,
Wet,Cabral,643,3/30/2022 2:09,22,3,30,2,9,10,4.6,40,10,30,0,2218,9,26.2,5,2,6.27,50,134,3.492306,5.65067,255,21,76,0.75,Sniff,7.7,,,,1.32,,26,,,,,,,,,,,,
Wet,Cabral,644,3/30/2022 2:14,22,3,30,2,14,5,4.6,60,0,40,0,2218,9,26.2,5,2,6.27,50,134,2.61923,5.238459,255,21,77,0.667,Sniff,5.94,,,,1.056,,25.8,,,,,,,,,,,,
Wet,Cabral,645,3/30/2022 2:19,22,3,30,2,19,7,4.6,57.2,0,42.9,0,2218,9,26.2,5,2,6.27,50,134,3.492306,5.65067,255,21,78,0.75,Sniff,7.92,,,,1.32,,25.9,,,,,,,,,,,,
Wet,Cabral,646,3/30/2022 2:24,22,3,30,2,24,12,4.6,41.7,0,50,0,2201,9,26.2,5,2,6.27,50,134,4.365383,6.023338,255,21,79,1.2,Sniff,9.68,,,,1.76,,25.8,,,,,,,,,,,,
Wet,Cabral,647,3/30/2022 2:29,22,3,30,2,29,5,4.6,20,0,80,0,2236,9,26.2,5,2,6.27,50,134,0.8730766,4.215587,255,21,80,4,Sniff,1.98,,,,0.352,,25.8,,,,,,,,,,,,
Wet,Cabral,648,3/30/2022 2:34,22,3,30,2,34,6,4.6,50,16.7,33.3,0,2218,9,26.2,5,2,6.27,50,134,2.61923,5.238459,255,21,81,0.666,Sniff,5.94,,,,1.078,,25.5,,,,,,,,,,,,
Wet,Cabral,649,3/30/2022 2:39,22,3,30,2,39,8,4.6,12.5,0,87.5,0,2218,8,26.2,5,2,6.27,50,134,0.8730766,4.215587,255,21,82,7,Sniff,1.98,,,,0.352,,25.5,,,,,,,,,,,,
Wet,Cabral,650,3/30/2022 2:44,22,3,30,2,44,3,4.6,66.7,0,0,33.3,2218,9,25.9,5,2,6.27,50,134,1.746153,4.770578,255,21,83,0,Sniff,2.86,,,,0.506,,25.6,,,,,,,,,,,,
Wet,Cabral,651,3/30/2022 2:49,22,3,30,2,49,8,4.6,50,0,50,0,2218,9,25.9,5,2,6.27,50,134,3.492306,5.65067,255,21,84,1,Sniff,7.7,,,,1.54,,25.5,,,,,,,,,,,,
Wet,Cabral,652,3/30/2022 2:54,22,3,30,2,54,8,4.6,37.5,0,62.5,0,2201,9,25.9,5,1,6.27,50,134,2.61923,5.238459,255,21,85,1.67,Sniff,5.94,,,,1.078,,25.6,,,,,,,,,,,,
Wet,Cabral,653,3/30/2022 2:59,22,3,30,2,59,6,4.6,16.7,16.7,66.7,0,2218,9,25.9,5,2,6.27,50,134,0.8730766,4.215587,255,21,86,3.99,Sniff,1.98,,,,0.352,,25.7,,,,,,,,,,,,
Wet,Cabral,654,3/30/2022 3:04,22,3,30,3,4,11,4.6,45.5,18.2,27.3,0,2236,9,25.9,5,2,6.27,50,134,4.365383,6.023338,255,21,87,0.6,Sniff,9.68,,,,1.76,,25.6,,,,,,,,,,,,
Wet,Cabral,655,3/30/2022 3:09,22,3,30,3,9,9,4.6,22.2,22.2,55.6,0,2218,8,25.9,5,2,6.27,50,134,1.746153,4.770578,255,21,88,2.5,Sniff,3.96,,,,0.704,,25.5,,,,,,,,,,,,
Wet,Cabral,656,3/30/2022 3:14,22,3,30,3,14,4,4.6,75,0,25,0,2218,9,25.9,5,2,6.27,50,134,2.61923,5.238459,255,21,89,0.333,Sniff,5.94,,,,1.078,,25.5,,,,,,,,,,,,
Wet,Cabral,657,3/30/2022 3:19,22,3,30,3,19,9,4.6,66.7,0,33.3,0,2218,8,25.9,5,2,6.24,50,134,5.238459,6.36604,255,21,90,0.499,Sniff,11.66,,,,2.2,,25.6,,,,,,,,,,,,
Wet,Cabral,658,3/30/2022 3:24,22,3,30,3,24,8,4.6,37.5,12.5,50,0,2218,9,25.9,5,2,6.27,50,134,2.61923,5.238459,255,21,91,1.33,Sniff,5.94,,,,1.056,,25.9,,,,,,,,,,,,
Wet,Cabral,659,3/30/2022 3:30,22,3,30,3,30,5,4.6,40,20,20,20,2201,9,25.9,5,2,6.27,50,134,1.746153,4.770578,255,21,92,0.5,Sniff,2.86,,,,0.506,,25.6,,,,,,,,,,,,
Wet,Cabral,660,3/30/2022 3:35,22,3,30,3,35,5,4.6,20,0,80,0,2236,9,25.9,5,2,6.27,50,134,0.8730766,4.215587,255,21,93,4,Sniff,1.98,,,,0.352,,25.8,,,,,,,,,,,,
Wet,Cabral,661,3/30/2022 3:40,22,3,30,3,40,10,4.6,50,0,50,0,2218,9,25.9,5,2,6.27,50,134,4.365383,6.023338,255,21,94,1,Sniff,9.68,,,,1.76,,25.8,,,,,,,,,,,,
Wet,Cabral,662,3/30/2022 3:45,22,3,30,3,45,8,4.6,37.5,0,50,0,2218,8,25.9,5,2,6.24,50,134,2.61923,5.238459,255,21,95,1.33,Sniff,5.94,,,,1.056,,25.9,,,,,,,,,,,,
Wet,Cabral,663,3/30/2022 3:50,22,3,30,3,50,6,4.6,33.3,16.7,50,0,2218,8,25.9,5,2,6.27,50,134,1.746153,4.770578,255,21,96,1.5,Sniff,3.96,,,,0.704,,25.8,,,,,,,,,,,,
Wet,Cabral,664,3/30/2022 3:55,22,3,30,3,55,4,4.6,25,0,75,0,2218,8,25.9,5,2,6.24,50,134,0.8730766,4.215587,255,21,97,3,Sniff,1.98,,,,0.352,,25.8,,,,,,,,,,,,
Wet,Cabral,665,3/30/2022 4:00,22,3,30,4,0,6,4.6,50,16.7,33.3,0,2218,8,25.9,5,1,6.27,50,134,2.61923,5.238459,255,21,98,0.666,Sniff,5.94,,,,1.056,,26.1,,,,,,,,,,,,
Wet,Cabral,666,3/30/2022 4:05,22,3,30,4,5,1,4.6,100,0,0,0,2218,8,25.9,5,1,6.24,50,134,0.8730766,4.215587,255,21,99,0,Sniff,1.98,,,,0.33,,28.3,,,,,,,,,,,,
Wet,Cabral,667,3/30/2022 4:10,22,3,30,4,10,13,4.6,61.6,0,30.8,0,2218,8,25.9,5,2,6.24,50,134,6.984613,6.984613,255,22,1,0.5,Sniff,15.62,,,,2.64,,28,,,,,,,,,,,,
Wet,Cabral,668,3/30/2022 4:15,22,3,30,4,15,4,4.6,75,0,25,0,2218,9,25.9,5,1,6.24,50,134,2.61923,5.238459,255,22,2,0.333,Sniff,5.94,,,,1.012,,28.3,,,,,,,,,,,,
Wet,Cabral,669,3/30/2022 4:20,22,3,30,4,20,7,4.6,57.2,0,42.9,0,2218,8,25.9,5,1,6.24,50,134,3.492306,5.65067,255,22,3,0.75,Sniff,7.92,,,,1.32,,28.5,,,,,,,,,,,,
Wet,Cabral,670,3/30/2022 4:25,22,3,30,4,25,9,4.6,66.7,0,33.3,0,2201,9,26.2,5,1,6.24,50,134,5.238459,6.36604,255,22,4,0.499,Sniff,11.66,,,,1.98,,28,,,,,,,,,,,,
Wet,Cabral,671,3/30/2022 4:30,22,3,30,4,30,4,4.6,0,0,100,0,2218,9,25.9,5,2,6.24,50,134,0,3.492306,255,22,5,N/A,Sniff,0,,,,0,,28,,,,,,,,,,,,
Wet,Cabral,672,3/30/2022 4:35,22,3,30,4,35,7,4.6,14.3,0,85.7,0,2218,8,26.2,5,2,6.24,50,134,0.8730766,4.215587,255,22,6,5.99,Sniff,1.98,,,,0.33,,28.2,,,,,,,,,,,,
Wet,Cabral,673,3/30/2022 4:40,22,3,30,4,40,6,4.6,33.3,0,66.7,0,2218,9,26.2,5,2,6.24,50,134,1.746153,4.770578,255,22,7,2,Sniff,3.96,,,,0.66,,28.1,,,,,,,,,,,,
Wet,Cabral,674,3/30/2022 4:45,22,3,30,4,45,11,4.6,63.6,9.1,18.2,0,2218,9,26.2,5,1,6.24,50,134,6.111536,6.68502,255,22,8,0.286,Sniff,13.64,,,,2.42,,28,,,,,,,,,,,,
Wet,Cabral,675,3/30/2022 4:50,22,3,30,4,50,13,4.6,69.2,7.7,0,15.4,2218,9,26.2,5,1,6.27,50,134,6.984613,7.267975,255,22,9,0,Sniff,15.4,,,,2.64,,28,,,,,,,,,,,,
Wet,Cabral,676,3/30/2022 4:55,22,3,30,4,55,11,4.6,90.9,0,9.1,0,2218,8,26.2,5,2,6.24,50,134,8.730766,7.537488,255,22,10,0.1,Sniff,19.58,,,,3.3,,28,,,,,,,,,,,,
Wet,Cabral,677,3/30/2022 5:00,22,3,30,5,0,11,4.6,72.7,0,27.3,0,2218,9,26.2,5,1,6.24,50,134,6.984613,6.984613,255,22,11,0.376,Sniff,15.62,,,,2.64,,28,,,,,,,,,,,,
Wet,Cabral,678,3/30/2022 5:05,22,3,30,5,5,15,4.6,66.7,0,33.3,0,2218,8,26.2,5,2,6.24,50,134,8.730766,7.537488,255,22,12,0.499,Sniff,19.58,,,,3.3,,28,,,,,,,,,,,,
Wet,Cabral,679,3/30/2022 5:10,22,3,30,5,10,6,4.6,50,0,50,0,2218,9,26.2,5,1,6.24,50,134,2.61923,5.238459,255,22,13,1,Sniff,5.94,,,,1.012,,28,,,,,,,,,,,,
Wet,Cabral,680,3/30/2022 5:15,22,3,30,5,15,14,4.6,64.3,7.2,21.4,0,2218,9,26.2,5,1,6.24,50,134,7.857688,7.267975,255,22,14,0.333,Sniff,17.6,,,,3.08,,28,,,,,,,,,,,,
Wet,Cabral,681,3/30/2022 5:20,22,3,30,5,20,15,4.6,53.3,0,40,6.7,2236,9,25.9,5,1,6.21,50,134,6.984613,6.984613,255,22,15,0.75,Sniff,14.52,,,,2.42,,28,,,,,,,,,,,,
Wet,Cabral,682,3/30/2022 5:25,22,3,30,5,25,21,4.6,38.1,4.8,52.4,4.8,2218,9,26.2,5,1,6.24,50,134,6.984613,6.984613,255,22,16,1.38,Sniff,14.52,,,,2.42,,28,,,,,,,,,,,,
Wet,Cabral,683,3/30/2022 5:30,22,3,30,5,30,18,4.6,50,0,50,0,2218,9,25.9,5,2,6.24,50,134,7.857688,7.267975,255,22,17,1,Sniff,17.6,,,,3.08,,28,,,,,,,,,,,,
Wet,Cabral,684,3/30/2022 5:35,22,3,30,5,35,9,4.6,55.6,0,44.5,0,2218,8,25.9,5,1,6.24,50,134,4.365383,6.023338,255,22,18,0.8,Sniff,9.68,,,,1.76,,28,,,,,,,,,,,,
Wet,Cabral,685,3/30/2022 5:40,22,3,30,5,40,9,4.6,33.3,0,55.6,11.1,2236,9,25.9,5,2,6.24,50,134,1.746153,5.238459,255,22,19,1.67,Sniff,4.84,,,,0.814,,28,,,,,,,,,,,,
Wet,Cabral,686,3/30/2022 5:45,22,3,30,5,45,17,4.6,35.3,0,64.7,0,2218,8,25.9,5,1,6.24,50,134,5.238459,6.36604,255,22,20,1.83,Sniff,11.66,,,,1.98,,28,,,,,,,,,,,,
Wet,Cabral,687,3/30/2022 5:50,22,3,30,5,50,14,4.6,42.9,0,57.2,0,2218,9,25.9,5,1,6.21,50,134,5.238459,6.36604,255,22,21,1.33,Sniff,11.66,,,,1.98,,28,,,,,,,,,,,,
Wet,Cabral,688,3/30/2022 5:55,22,3,30,5,55,9,4.6,22.2,0,55.6,11.1,2201,9,25.9,5,1,6.21,50,134,1.746153,4.770578,255,22,22,2.5,Sniff,2.86,,,,0.484,,27.8,,,,,,,,,,,,
Wet,Cabral,689,3/30/2022 6:00,22,3,30,6,0,12,4.6,50,0,50,0,2218,9,25.9,5,2,6.24,50,134,5.238459,6.36604,255,22,23,1,Sniff,11.66,,,,1.98,,28,,,,,,,,,,,,
Wet,Cabral,690,3/30/2022 6:05,22,3,30,6,5,17,4.6,58.8,5.9,35.3,0,2218,9,25.9,5,1,6.24,50,134,8.730766,7.537488,255,22,24,0.6,Sniff,19.58,,,,3.3,,28,,,,,,,,,,,,
Wet,Cabral,691,3/30/2022 6:10,22,3,30,6,10,10,4.6,30,0,50,0,2218,8,25.9,5,1,6.21,50,134,2.61923,5.238459,255,22,25,1.67,Sniff,5.94,,,,1.012,,27.9,,,,,,,,,,,,
Wet,Cabral,692,3/30/2022 6:15,22,3,30,6,15,15,4.6,40,0,53.3,6.7,2218,8,25.9,5,1,6.21,50,134,5.238459,6.36604,255,22,26,1.33,Sniff,10.56,,,,1.76,,28,,,,,,,,,,,,
Wet,Cabral,693,3/30/2022 6:20,22,3,30,6,20,15,4.6,33.3,0,66.7,0,2218,8,25.9,5,1,6.21,50,134,4.365383,6.023338,255,22,27,2,Sniff,9.68,,,,1.76,,28,,,,,,,,,,,,
Wet,Cabral,694,3/30/2022 6:25,22,3,30,6,25,22,4.6,31.8,13.6,45.5,0,2218,8,25.9,5,1,6.21,50,134,6.111536,6.68502,255,22,28,1.43,Sniff,13.64,,,,2.42,,28,,,,,,,,,,,,
Wet,Cabral,695,3/30/2022 6:30,22,3,30,6,30,13,4.6,46.2,7.7,46.2,0,2218,8,25.9,5,2,6.21,50,134,5.238459,6.36604,255,22,29,1,Sniff,11.66,,,,1.98,,28,,,,,,,,,,,,
Wet,Cabral,696,3/30/2022 6:35,22,3,30,6,35,15,4.6,66.7,0,33.3,0,2218,9,25.9,5,2,6.21,50,134,8.730766,7.537488,255,22,30,0.499,Sniff,19.58,,,,3.3,,28,,,,,,,,,,,,
Wet,Cabral,697,3/30/2022 6:40,22,3,30,6,40,19,4.6,42.1,5.3,52.6,0,2218,8,25.9,5,1,6.21,50,134,6.984613,6.984613,255,22,31,1.25,Sniff,15.62,,,,2.64,,28,,,,,,,,,,,,
Wet,Cabral,698,3/30/2022 6:45,22,3,30,6,45,15,4.6,20,0,73.3,0,2218,8,25.9,5,1,6.21,50,134,2.61923,5.238459,255,22,32,3.67,Sniff,5.94,,,,1.012,,28,,,,,,,,,,,,
Wet,Cabral,699,3/30/2022 6:50,22,3,30,6,50,12,4.6,66.7,0,33.3,0,2218,8,25.9,5,1,6.21,50,134,6.984613,6.984613,255,22,33,0.499,Sniff,15.62,,,,2.64,,28,,,,,,,,,,,,
Wet,Cabral,700,3/30/2022 6:55,22,3,30,6,55,9,4.6,33.3,0,66.7,0,2218,9,25.9,5,1,6.21,50,134,2.61923,5.238459,255,22,34,2,Sniff,5.94,,,,1.012,,28,,,,,,,,,,,,
Wet,Cabral,701,3/30/2022 7:00,22,3,30,7,0,14,4.6,28.6,0,57.2,0,2218,9,26.2,5,1,6.21,50,134,3.492306,5.65067,255,22,35,2,Sniff,7.92,,,,1.342,,27.9,,,,,,,,,,,,
Wet,Cabral,702,3/30/2022 7:05,22,3,30,7,5,14,4.6,42.9,0,57.2,0,2218,9,25.9,5,1,6.18,50,134,5.238459,6.36604,255,22,36,1.33,Sniff,11.66,,,,1.98,,28,,,,,,,,,,,,
Wet,Cabral,703,3/30/2022 7:10,22,3,30,7,10,10,4.6,60,0,40,0,2236,9,26.2,5,1,6.21,50,134,5.238459,6.36604,255,22,37,0.667,Sniff,11.66,,,,1.98,,28,,,,,,,,,,,,
