Date,LoggerID,TempInSitu,ECond.mS.cm,Salinity_psu
2023-06-25 12:30:00,20739330,27.130000000000003,53864.69126311216,33.971041605671495
2023-06-25 12:31:00,20739330,27.090000000000003,53914.59126311216,34.0356691107921
2023-06-25 12:32:00,20739330,26.950000000000003,53563.69126311216,33.88854344806407
2023-06-25 12:33:00,20739330,26.69,51600.391263112164,32.67898849805074
2023-06-25 12:34:00,20739330,26.94,52466.891263112164,33.11684866664365
2023-06-25 12:35:00,20739330,26.990000000000002,53389.391263112164,33.7355359770217
2023-06-25 12:36:00,20739330,26.840000000000003,52157.891263112164,32.96879933405253
2023-06-25 12:37:00,20739330,27.230000000000004,54240.79126311216,34.164558003634376
2023-06-25 12:38:00,20739330,26.890000000000004,52678.19126311216,33.30252573009119
2023-06-25 12:39:00,20739330,27.060000000000002,53739.49126311216,33.93325119335123
2023-06-25 12:40:00,20739330,27.300000000000004,54881.59126311216,34.567175393822076
2023-06-25 12:41:00,20739330,26.650000000000002,51546.29126311216,32.668738179810916
2023-06-25 12:42:00,20739330,26.51,49964.99126311216,31.642510375696066
2023-06-25 12:43:00,20739330,26.69,51014.99126311216,32.263299691693256
2023-06-25 12:44:00,20739330,27.390000000000004,55650.891263112164,35.04564272760381
2023-06-25 12:45:00,20739330,26.870000000000005,52243.69126311216,33.00836941844522
2023-06-25 12:46:00,20739330,26.620000000000005,50054.29126311216,31.63063350959082
2023-06-25 12:47:00,20739330,26.85,52408.29126311216,33.13945995248846
2023-06-25 12:48:00,20739330,27.26,55184.09126311216,34.81160056359326
2023-06-25 12:49:00,20739330,27.090000000000003,53241.79126311216,33.55850562599679
2023-06-25 12:50:00,20739330,27.200000000000003,54280.49126311216,34.21470366527878
2023-06-25 12:51:00,20739330,27.210000000000004,54373.59126311216,34.27338108095787
2023-06-25 12:52:00,20739330,26.560000000000002,50013.19126311216,31.642505495161185
2023-06-25 12:53:00,20739330,26.460000000000004,49133.59126311216,31.086898482041896
2023-06-25 12:54:00,20739330,26.400000000000002,49661.09126311216,31.501828833322165
2023-06-25 12:55:00,20739330,26.790000000000003,52269.69126311216,33.0838001381766
2023-06-25 12:56:00,20739330,26.950000000000003,53374.59126311216,33.75406334396985
2023-06-25 12:57:00,20739330,26.930000000000003,52832.09126311216,33.383095464868525
2023-06-25 12:58:00,20739330,26.790000000000003,51683.79126311216,32.66773863204849
2023-06-25 12:59:00,20739330,26.750000000000004,52120.09126311216,33.00594672576692
2023-06-25 13:00:00,20739330,27.300000000000004,55064.391263112164,34.69681906414237
2023-06-25 13:01:00,20739330,26.94,52647.59126311216,33.24499269681137
2023-06-25 13:02:00,20739330,27.380000000000003,54867.891263112164,34.49829246764722
2023-06-25 13:03:00,20739330,27.340000000000003,55207.19126311216,34.76833038944419
2023-06-25 13:04:00,20739330,27.230000000000004,54192.29126311216,34.13019415160197
2023-06-25 13:05:00,20739330,27.35,55549.69126311216,35.003843647911886
2023-06-25 13:06:00,20739330,27.01,52941.49126311216,33.40324271216676
2023-06-25 13:07:00,20739330,27.300000000000004,54981.891263112164,34.63829953054995
2023-06-25 13:08:00,20739330,26.94,53126.59126311216,33.58505203972057
2023-06-25 13:09:00,20739330,26.85,52723.19126311216,33.36322326086345
2023-06-25 13:10:00,20739330,27.080000000000002,54012.59126311216,34.11259169817704
2023-06-25 13:11:00,20739330,27.340000000000003,55311.391263112164,34.84223464544316
2023-06-25 13:12:00,20739330,26.770000000000003,51783.19126311216,32.75238574828529
2023-06-25 13:13:00,20739330,26.520000000000003,49847.891263112164,31.552600572449943
2023-06-25 13:14:00,20739330,26.570000000000004,50368.09126311216,31.88739735622171
2023-06-25 13:15:00,20739330,26.500000000000004,49652.391263112164,31.427573788717368
2023-06-25 13:16:00,20739330,26.800000000000004,52227.69126311216,33.046822438524266
2023-06-25 13:17:00,20739330,26.85,52755.99126311216,33.386544028248444
2023-06-25 13:18:00,20739330,26.900000000000002,52926.99126311216,33.47209385981075
2023-06-25 13:19:00,20739330,26.620000000000005,51194.29126311216,32.43952159432049
2023-06-25 13:20:00,20739330,27.470000000000002,54554.19126311216,34.21047191717073
2023-06-25 13:21:00,20739330,27.35,55034.59126311216,34.63854800296617
2023-06-25 13:22:00,20739330,27.250000000000004,54513.891263112164,34.34342640165304
2023-06-25 13:23:00,20739330,27.370000000000005,54949.891263112164,34.56373279570817
2023-06-25 13:24:00,20739330,26.960000000000004,53256.49126311216,33.66287306713415
2023-06-25 13:25:00,20739330,26.910000000000004,52651.69126311216,33.26937607529056
2023-06-25 13:26:00,20739330,27.130000000000003,54073.79126311216,34.11940131324828
2023-06-25 13:27:00,20739330,27.19,54019.09126311216,34.03671358338517
2023-06-25 13:28:00,20739330,27.140000000000004,54763.59126311216,34.60211999836848
2023-06-25 13:29:00,20739330,27.030000000000005,53003.69126311216,33.43296733389956
2023-06-25 13:30:00,20739330,26.650000000000002,50904.391263112164,32.21265237303505
2023-06-25 13:31:00,20739330,27.050000000000004,53433.891263112164,33.723610878549394
2023-06-25 13:32:00,20739330,26.900000000000002,53459.391263112164,33.850784957228996
2023-06-25 13:33:00,20739330,27.210000000000004,54047.49126311216,34.042231171482754
2023-06-25 13:34:00,20739330,26.910000000000004,52659.891263112164,33.27519690728538
2023-06-25 13:35:00,20739330,27.1,54223.09126311216,34.24746006131579
2023-06-25 13:36:00,20739330,27.19,53752.391263112164,33.84778832695239
2023-06-25 13:37:00,20739330,26.94,52444.59126311216,33.101039916414265
2023-06-25 13:38:00,20739330,27.090000000000003,53840.891263112164,33.98334751934972
2023-06-25 13:39:00,20739330,26.930000000000003,52797.09126311216,33.35824823425121
2023-06-25 13:40:00,20739330,26.410000000000004,48818.79126311216,30.897396375626407
2023-06-25 13:41:00,20739330,26.42,49483.09126311216,31.36178507458883
2023-06-25 13:42:00,20739330,27.130000000000003,54556.391263112164,34.46220624450239
2023-06-25 13:43:00,20739330,27.250000000000004,55036.891263112164,34.714510620140125
2023-06-25 13:44:00,20739330,27.1,53376.69126311216,33.64686613574566
2023-06-25 13:45:00,20739330,26.820000000000004,51885.09126311216,32.789387472660444
2023-06-25 13:46:00,20739330,27.000000000000004,53141.19126311216,33.552085180514005
2023-06-25 13:47:00,20739330,26.900000000000002,52704.79126311216,33.31424415096044
2023-06-25 13:48:00,20739330,26.69,50799.99126311216,32.11083595265934
2023-06-25 13:49:00,20739330,26.69,51133.69126311216,32.34752137998798
2023-06-25 13:50:00,20739330,26.6,50398.99126311216,31.888655534882496
2023-06-25 13:51:00,20739330,26.810000000000002,52126.09126311216,32.967534579861564
2023-06-25 13:52:00,20739330,27.090000000000003,54060.59126311216,34.13935619255345
2023-06-25 13:53:00,20739330,26.94,52920.79126311216,33.43888053467061
2023-06-25 13:54:00,20739330,27.050000000000004,53260.69126311216,33.60075983404347
2023-06-25 13:55:00,20739330,26.800000000000004,52013.09126311216,32.894390005216486
2023-06-25 13:56:00,20739330,26.990000000000002,53328.09126311216,33.691996484175505
2023-06-25 13:57:00,20739330,26.890000000000004,52663.891263112164,33.29236976161661
2023-06-25 13:58:00,20739330,26.76,51357.99126311216,32.457716596613174
2023-06-25 13:59:00,20739330,27.390000000000004,55369.59126311216,34.8461847942364
2023-06-25 14:00:00,20739330,27.250000000000004,53752.391263112164,33.804265149492714
2023-06-25 14:01:00,20739330,27.390000000000004,55388.19126311216,34.859367576471286
2023-06-25 14:02:00,20739330,27.430000000000003,55838.19126311216,35.14843539934449
2023-06-25 14:03:00,20739330,27.200000000000003,54529.59126311216,34.39142621268741
2023-06-25 14:04:00,20739330,27.540000000000003,55759.79126311216,35.01037944727746
2023-06-25 14:05:00,20739330,26.460000000000004,48875.99126311216,30.904480233291167
2023-06-25 14:06:00,20739330,26.590000000000003,50203.29126311216,31.75674515391363
2023-06-25 14:07:00,20739330,26.520000000000003,49379.09126311216,31.220371096390988
2023-06-25 14:08:00,20739330,26.740000000000002,51695.49126311216,32.71128568494404
2023-06-25 14:09:00,20739330,26.890000000000004,52741.69126311216,33.34762978186123
2023-06-25 14:10:00,20739330,27.42,55554.391263112164,34.954739839314875
2023-06-25 14:11:00,20739330,26.660000000000004,50954.891263112164,32.2415371330681
2023-06-25 14:12:00,20739330,27.1,53644.99126311216,33.83706541088914
2023-06-25 14:13:00,20739330,26.750000000000004,51867.391263112164,32.82632934341781
2023-06-25 14:14:00,20739330,27.230000000000004,54500.49126311216,34.348657872108234
2023-06-25 14:15:00,20739330,27.030000000000005,53649.19126311216,33.89099187241017
2023-06-25 14:16:00,20739330,26.820000000000004,52060.59126311216,32.913929946150695
2023-06-25 14:17:00,20739330,27.42,55483.99126311216,34.904853682536064
2023-06-25 14:18:00,20739330,27.400000000000002,55103.391263112164,34.65018507405593
2023-06-25 14:19:00,20739330,27.060000000000002,54058.391263112164,34.15981274679107
2023-06-25 14:20:00,20739330,27.330000000000002,53821.49126311216,33.79516248592918
2023-06-25 14:21:00,20739330,27.580000000000002,56012.69126311216,35.15926661734464
2023-06-25 14:22:00,20739330,27.01,53520.99126311216,33.81448707682948
2023-06-25 14:23:00,20739330,27.330000000000002,55156.391263112164,34.73975209050005
2023-06-25 14:24:00,20739330,27.090000000000003,53979.891263112164,34.08203801437055
2023-06-25 14:25:00,20739330,27.000000000000004,52712.99126311216,33.24845252859393
2023-06-25 14:26:00,20739330,27.680000000000003,56663.391263112164,35.5439917942324
2023-06-25 14:27:00,20739330,26.840000000000003,52171.79126311216,32.978665382779425
2023-06-25 14:28:00,20739330,27.26,54547.49126311216,34.35987860327122
2023-06-25 14:29:00,20739330,27.430000000000003,55124.19126311216,34.64266227971733
2023-06-25 14:30:00,20739330,26.910000000000004,53070.19126311216,33.56665532694954
2023-06-25 14:31:00,20739330,27.280000000000005,54245.19126311216,34.131068078517124
2023-06-25 14:32:00,20739330,27.090000000000003,53679.29126311216,33.86866819181154
2023-06-25 14:33:00,20739330,27.26,54648.49126311216,34.43148338965143
2023-06-25 14:34:00,20739330,27.240000000000002,54661.99126311216,34.45583208843323
2023-06-25 14:35:00,20739330,27.280000000000005,54747.69126311216,34.48704317904471
2023-06-25 14:36:00,20739330,27.330000000000002,55156.391263112164,34.73975209050005
2023-06-25 14:37:00,20739330,27.210000000000004,54357.99126311216,34.26231762856411
2023-06-25 14:38:00,20739330,27.430000000000003,55530.891263112164,34.930609241066826
2023-06-25 14:39:00,20739330,26.900000000000002,52499.19126311216,33.16829146776551
2023-06-25 14:40:00,20739330,27.000000000000004,52957.99126311216,33.42212663580006
2023-06-25 14:41:00,20739330,26.910000000000004,52815.59126311216,33.38575203134164
2023-06-25 14:42:00,20739330,26.770000000000003,52359.99126311216,33.16229699788309
2023-06-25 14:43:00,20739330,27.290000000000003,54525.09126311216,34.321921294847236
2023-06-25 14:44:00,20739330,27.290000000000003,54788.49126311216,34.50857371816634
2023-06-25 14:45:00,20739330,27.650000000000002,56944.79126311216,35.765989294186575
2023-06-25 14:46:00,20739330,27.310000000000002,55163.29126311216,34.759540821602734
2023-06-25 14:47:00,20739330,26.660000000000004,50450.09126311216,31.883577550903293
2023-06-25 14:48:00,20739330,26.94,52539.79126311216,33.16853662881379
2023-06-25 14:49:00,20739330,27.180000000000003,54489.29126311216,34.37757949347341
2023-06-25 14:50:00,20739330,26.85,52305.79126311216,33.06667587962802
2023-06-25 14:51:00,20739330,26.930000000000003,52999.49126311216,33.50197641398587
2023-06-25 14:52:00,20739330,26.650000000000002,50587.49126311216,31.987852066879746
2023-06-25 14:53:00,20739330,27.19,53901.59126311216,33.953458204329394
2023-06-25 14:54:00,20739330,26.810000000000002,52161.891263112164,32.99296005565804
2023-06-25 14:55:00,20739330,26.820000000000004,52390.19126311216,33.14802697871344
2023-06-25 14:56:00,20739330,27.480000000000004,55747.891263112164,35.04689062573962
2023-06-25 14:57:00,20739330,27.390000000000004,55451.29126311216,34.90409581577733
2023-06-25 14:58:00,20739330,26.960000000000004,52235.69126311216,32.93883182360644
2023-06-25 14:59:00,20739330,27.19,53702.891263112164,33.81274184617375
2023-06-25 15:00:00,20739330,26.740000000000002,51398.19126311216,32.50023796064355
2023-06-25 15:01:00,20739330,27.330000000000002,54783.891263112164,34.475748275928176
2023-06-25 15:02:00,20739330,26.900000000000002,52616.99126311216,33.251903820916084
2023-06-25 15:03:00,20739330,27.080000000000002,53968.99126311216,34.08162044412972
2023-06-25 15:04:00,20739330,26.790000000000003,51785.19126311216,32.73968653690324
2023-06-25 15:05:00,20739330,26.990000000000002,53520.99126311216,33.82903741616904
2023-06-25 15:06:00,20739330,27.160000000000004,54064.99126311216,34.09118847103853
2023-06-25 15:07:00,20739330,26.840000000000003,53145.391263112164,33.6708592774491
2023-06-25 15:08:00,20739330,26.960000000000004,53290.19126311216,33.68681818871327
2023-06-25 15:09:00,20739330,27.1,53370.391263112164,33.642402072000785
2023-06-25 15:10:00,20739330,27.060000000000002,53425.391263112164,33.71033435918575
2023-06-25 15:11:00,20739330,27.130000000000003,54128.49126311216,34.15822879459408
2023-06-25 15:12:00,20739330,27.160000000000004,54493.79126311216,34.39554009863245
2023-06-25 15:13:00,20739330,27.240000000000002,54422.49126311216,34.28599298739398
2023-06-25 15:14:00,20739330,26.790000000000003,51666.29126311216,32.655324072037224
2023-06-25 15:15:00,20739330,26.980000000000004,52410.29126311216,33.04828039988972
2023-06-25 15:16:00,20739330,27.780000000000005,57303.59126311216,35.92051718406887
2023-06-25 15:17:00,20739330,26.720000000000002,50455.49126311216,31.846160338402
2023-06-25 15:18:00,20739330,26.860000000000003,52995.391263112164,33.54960424112255
2023-06-25 15:19:00,20739330,27.140000000000004,53960.29126311216,34.03154993958028
2023-06-25 15:20:00,20739330,26.790000000000003,52088.391263112164,32.95496715735906
2023-06-25 15:21:00,20739330,26.520000000000003,49970.391263112164,31.6395015726004
2023-06-25 15:22:00,20739330,26.790000000000003,52325.79126311216,33.12368105805972
2023-06-25 15:23:00,20739330,27.300000000000004,55052.891263112164,34.68866084157171
2023-06-25 15:24:00,20739330,27.300000000000004,54740.99126311216,34.46751355457146
2023-06-25 15:25:00,20739330,26.740000000000002,51521.19126311216,32.587527715630145
2023-06-25 15:26:00,20739330,27.060000000000002,53745.891263112164,33.93779569502612
2023-06-25 15:27:00,20739330,26.910000000000004,52900.09126311216,33.445775537822435
2023-06-25 15:28:00,20739330,26.790000000000003,51050.69126311216,32.219080950855705
2023-06-25 15:29:00,20739330,27.19,54287.09126311216,34.22672802733327
2023-06-25 15:30:00,20739330,27.150000000000002,54473.69126311216,34.38864768889108
2023-06-25 15:31:00,20739330,27.300000000000004,55246.49126311216,34.82604394313764
2023-06-25 15:32:00,20739330,27.090000000000003,54157.09126311216,34.207916662668964
2023-06-25 15:33:00,20739330,27.230000000000004,54752.29126311216,34.527308440840315
2023-06-25 15:34:00,20739330,26.930000000000003,53408.49126311216,33.792711837566806
2023-06-25 15:35:00,20739330,26.660000000000004,50945.59126311216,32.234936858115766
2023-06-25 15:36:00,20739330,26.980000000000004,53005.79126311216,33.47042135972954
2023-06-25 15:37:00,20739330,26.740000000000002,52143.99126311216,33.03006750963391
2023-06-25 15:38:00,20739330,27.19,54596.79126311216,34.446518187554965
2023-06-25 15:39:00,20739330,26.790000000000003,53124.49126311216,33.69228276505328
2023-06-25 15:40:00,20739330,27.130000000000003,54289.391263112164,34.27248060620671
2023-06-25 15:41:00,20739330,27.01,54460.29126311216,34.48275095490057
2023-06-25 15:42:00,20739330,27.310000000000002,55318.391263112164,34.86961218631851
2023-06-25 15:43:00,20739330,27.67,56554.79126311216,35.474771179015384
2023-06-25 15:44:00,20739330,27.300000000000004,54927.09126311216,34.59943716754948
2023-06-25 15:45:00,20739330,27.030000000000005,53655.69126311216,33.89560905532959
2023-06-25 15:46:00,20739330,27.550000000000004,56140.29126311216,35.27213498804314
2023-06-25 15:47:00,20739330,26.980000000000004,52842.391263112164,33.35450592238653
2023-06-25 15:48:00,20739330,27.030000000000005,53442.391263112164,33.74414652566131
2023-06-25 15:49:00,20739330,27.280000000000005,54811.09126311216,34.53199823696742
2023-06-25 15:50:00,20739330,26.650000000000002,50677.79126311216,32.051883855504606
2023-06-25 15:51:00,20739330,26.400000000000002,49034.891263112164,31.05727626249788
2023-06-25 15:52:00,20739330,27.310000000000002,54545.19126311216,34.32144600799068
2023-06-25 15:53:00,20739330,26.250000000000004,47193.59126311216,29.852412193112173
2023-06-25 15:54:00,20739330,26.610000000000003,50848.391263112164,32.20071163244644
2023-06-25 15:55:00,20739330,27.090000000000003,53737.29126311216,33.909820769246956
2023-06-25 15:56:00,20739330,26.460000000000004,49415.49126311216,31.2867092703336
2023-06-25 15:57:00,20739330,26.35,49490.09126311216,31.41433841009317
2023-06-25 15:58:00,20739330,26.130000000000003,46820.69126311216,29.66604148913938
2023-06-25 15:59:00,20739330,26.51,49991.79126311216,31.661530884449462
2023-06-25 16:00:00,20739330,26.590000000000003,50284.59126311216,31.814395454632056
2023-06-25 16:01:00,20739330,26.220000000000002,47617.99126311216,30.172306888553063
2023-06-25 16:02:00,20739330,26.270000000000003,47739.891263112164,30.225912299236427
2023-06-25 16:03:00,20739330,26.700000000000003,52017.09126311216,32.968267108785675
2023-06-25 16:04:00,20739330,26.94,52811.49126311216,33.361289957442835
2023-06-25 16:05:00,20739330,26.990000000000002,53372.49126311216,33.72353154228817
2023-06-25 16:06:00,20739330,26.490000000000002,49408.49126311216,31.261457008990128
2023-06-25 16:07:00,20739330,26.570000000000004,50686.99126311216,32.113849392798095
2023-06-25 16:08:00,20739330,26.950000000000003,53143.29126311216,33.589687537450885
2023-06-25 16:09:00,20739330,26.750000000000004,52655.79126311216,33.38722302691538
2023-06-25 16:10:00,20739330,26.570000000000004,51463.49126311216,32.66626951209219
2023-06-25 16:11:00,20739330,26.460000000000004,49463.99126311216,31.321105522991886
2023-06-25 16:12:00,20739330,26.890000000000004,53016.09126311216,33.542646257774486
2023-06-25 16:13:00,20739330,26.42,49080.79126311216,31.076374871168337
2023-06-25 16:14:00,20739330,26.220000000000002,47250.79126311216,29.912303167071563
2023-06-25 16:15:00,20739330,26.800000000000004,50842.79126311216,32.06504960012713
2023-06-25 16:16:00,20739330,26.17,47161.19126311216,29.88129708387579
2023-06-25 16:17:00,20739330,26.160000000000004,47457.79126311216,30.097983618611647
2023-06-25 16:18:00,20739330,26.870000000000005,52782.69126311216,33.39113819483014
2023-06-25 16:19:00,20739330,26.250000000000004,48721.69126311216,30.93565798862372
2023-06-25 16:20:00,20739330,26.700000000000003,51861.49126311216,32.85756554147738
2023-06-25 16:21:00,20739330,27.370000000000005,55110.29126311216,34.67733622017721
2023-06-25 16:22:00,20739330,27.000000000000004,53446.59126311216,33.768906584220574
2023-06-25 16:23:00,20739330,26.330000000000002,49224.29126311216,31.238959895598565
2023-06-25 16:24:00,20739330,26.270000000000003,49334.29126311216,31.357918229990396
2023-06-25 16:25:00,20739330,26.400000000000002,50262.891263112164,31.92995687680305
2023-06-25 16:26:00,20739330,26.51,49272.29126311216,31.15149008916278
2023-06-25 16:27:00,20739330,26.220000000000002,47703.391263112164,30.232823658125994
2023-06-25 16:28:00,20739330,26.080000000000002,46336.29126311216,29.355235205918163
2023-06-25 16:29:00,20739330,26.150000000000002,47496.891263112164,30.13224969220707
2023-06-25 16:30:00,20739330,26.280000000000005,48095.59126311216,30.471311076150922
2023-06-25 16:31:00,20739330,26.160000000000004,47801.891263112164,30.342120730628103
2023-06-25 16:32:00,20739330,26.200000000000003,47325.19126311216,29.977955976798878
2023-06-25 16:33:00,20739330,26.700000000000003,51869.391263112164,32.86318459698866
2023-06-25 16:34:00,20739330,26.520000000000003,51156.391263112164,32.48271978830991
2023-06-25 16:35:00,20739330,26.930000000000003,53126.59126311216,33.592282272508776
2023-06-25 16:36:00,20739330,26.980000000000004,53028.59126311216,33.48660063442389
2023-06-25 16:37:00,20739330,27.1,54276.09126311216,34.28512428950998
2023-06-25 16:38:00,20739330,26.180000000000003,47099.69126311216,29.831276069912352
2023-06-25 16:39:00,20739330,26.410000000000004,49568.391263112164,31.42915397104446
2023-06-25 16:40:00,20739330,26.430000000000003,51239.79126311216,32.60560543061542
2023-06-25 16:41:00,20739330,25.990000000000002,45364.49126311216,28.72489850013767
2023-06-25 16:42:00,20739330,25.980000000000004,45346.19126311216,28.718210313878604
2023-06-25 16:43:00,20739330,26.020000000000003,46250.891263112164,29.33302863688436
2023-06-25 16:44:00,20739330,26.01,46078.19126311216,29.217093735952968
2023-06-25 16:45:00,20739330,26.17,48272.59126311216,30.66989219427479
2023-06-25 16:46:00,20739330,26.51,50587.49126311216,32.08475960908345
2023-06-25 16:47:00,20739330,26.520000000000003,50930.59126311216,32.32191958438967
2023-06-25 16:48:00,20739330,26.160000000000004,47432.79126311216,30.080257610274614
2023-06-25 16:49:00,20739330,26.26,47918.49126311216,30.358986427346256
2023-06-25 16:50:00,20739330,26.250000000000004,48398.69126311216,30.70621142277248
2023-06-25 16:51:00,20739330,26.310000000000002,49159.19126311216,31.20622003449073
2023-06-25 16:52:00,20739330,26.42,50648.19126311216,32.19057692903942
2023-06-25 16:53:00,20739330,26.450000000000003,49490.09126311216,31.34639851417248
2023-06-25 16:54:00,20739330,26.300000000000004,48444.79126311216,30.705643755236736
2023-06-25 16:55:00,20739330,26.560000000000002,50958.69126311216,32.313962062220575
2023-06-25 16:56:00,20739330,26.320000000000004,49401.59126311216,31.371807729470056
2023-06-25 16:57:00,20739330,26.710000000000004,51691.59126311216,32.72969246173188
2023-06-25 16:58:00,20739330,26.400000000000002,48982.391263112164,31.020048729494416
2023-06-25 16:59:00,20739330,26.860000000000003,52721.19126311216,33.354614019196596
2023-06-25 17:00:00,20739330,26.380000000000003,49386.09126311216,31.320043300765928
2023-06-25 17:01:00,20739330,26.570000000000004,50992.391263112164,32.33094479495247
2023-06-25 17:02:00,20739330,26.500000000000004,50233.99126311216,31.840389036944224
2023-06-25 17:03:00,20739330,27.180000000000003,53711.49126311216,33.82608692640563
2023-06-25 17:04:00,20739330,27.080000000000002,54351.391263112164,34.35341090494123
2023-06-25 17:05:00,20739330,27.470000000000002,55714.69126311216,35.03087167318191
2023-06-25 17:06:00,20739330,26.740000000000002,52177.79126311216,33.05411113385983
2023-06-25 17:07:00,20739330,26.220000000000002,47473.391263112164,30.069880240832457
2023-06-25 17:08:00,20739330,26.720000000000002,51932.19126311216,32.893656692283486
2023-06-25 17:09:00,20739330,26.950000000000003,53258.59126311216,33.67161086258767
2023-06-25 17:10:00,20739330,26.94,53664.29126311216,33.967432675815104
2023-06-25 17:11:00,20739330,26.800000000000004,53277.49126311216,33.794087681865875
2023-06-25 17:12:00,20739330,26.720000000000002,52337.891263112164,33.182354024680016
2023-06-25 17:13:00,20739330,27.1,54420.19126311216,34.38756179077127
2023-06-25 17:14:00,20739330,26.42,49310.19126311216,31.23907364186099
2023-06-25 17:15:00,20739330,27.110000000000003,54229.69126311216,34.24479124276747
2023-06-25 17:16:00,20739330,26.660000000000004,51449.99126311216,32.59321286825966
2023-06-25 17:17:00,20739330,26.69,51141.29126311216,32.352914989867344
2023-06-25 17:18:00,20739330,26.990000000000002,53672.79126311216,33.936941785234595
2023-06-25 17:19:00,20739330,26.720000000000002,51641.09126311216,32.68675170168105
2023-06-25 17:20:00,20739330,26.69,51287.391263112164,32.45662697193329
2023-06-25 17:21:00,20739330,26.69,51390.59126311216,32.52991638587768
2023-06-25 17:22:00,20739330,26.520000000000003,50523.19126311216,32.03210680509046
2023-06-25 17:23:00,20739330,27.060000000000002,54008.19126311216,34.12413239704295
2023-06-25 17:24:00,20739330,26.720000000000002,51720.79126311216,32.7433798654603
2023-06-25 17:25:00,20739330,26.990000000000002,53593.59126311216,33.88063705308425
2023-06-25 17:26:00,20739330,26.870000000000005,52454.69126311216,33.15812794223186
2023-06-25 17:27:00,20739330,26.720000000000002,51832.09126311216,32.82248579120045
2023-06-25 17:28:00,20739330,26.710000000000004,51714.99126311216,32.746323478899086
2023-06-25 17:29:00,20739330,26.6,51581.09126311216,32.728827746084775
2023-06-25 17:30:00,20739330,26.860000000000003,52616.99126311216,33.280561778857006
2023-06-25 17:31:00,20739330,26.650000000000002,50375.391263112164,31.837528940770806
2023-06-25 17:32:00,20739330,26.720000000000002,51600.391263112164,32.65783954611548
2023-06-25 17:33:00,20739330,26.650000000000002,51137.49126311216,32.378161263501596
2023-06-25 17:34:00,20739330,26.660000000000004,51207.59126311216,32.420959585626406
2023-06-25 17:35:00,20739330,26.520000000000003,49690.891263112164,31.441278482740284
2023-06-25 17:36:00,20739330,26.330000000000002,48306.891263112164,30.587969742417357
2023-06-25 17:37:00,20739330,26.470000000000002,49803.59126311216,31.555282726470832
2023-06-25 17:38:00,20739330,26.650000000000002,51885.09126311216,32.90986269923931
2023-06-25 17:39:00,20739330,26.750000000000004,51738.29126311216,32.73462488403278
2023-06-25 17:40:00,20739330,27.050000000000004,53438.09126311216,33.726590825253275
2023-06-25 17:41:00,20739330,26.51,49738.391263112164,31.48175717057244
2023-06-25 17:42:00,20739330,26.67,51918.49126311216,32.91942594127813
2023-06-25 17:43:00,20739330,26.51,50404.49126311216,31.95465180343286
2023-06-25 17:44:00,20739330,26.450000000000003,49964.99126311216,31.683604186380517
2023-06-25 17:45:00,20739330,27.110000000000003,52631.29126311216,33.11223030773946
2023-06-25 17:46:00,20739330,26.550000000000004,50497.59126311216,31.993151851772996
2023-06-25 17:47:00,20739330,26.720000000000002,51592.69126311216,32.65237012495886
2023-06-25 17:48:00,20739330,26.51,51247.391263112164,32.55460126804349
2023-06-25 17:49:00,20739330,26.560000000000002,50192.49126311216,31.769671519358997
2023-06-25 17:50:00,20739330,27.090000000000003,53735.19126311216,33.908330623765444
2023-06-25 17:51:00,20739330,26.820000000000004,51509.69126311216,32.523233890690165
2023-06-25 17:52:00,20739330,27.040000000000003,53132.79126311216,33.51728824842639
2023-06-25 17:53:00,20739330,26.980000000000004,52145.99126311216,32.861191441158525
2023-06-25 17:54:00,20739330,26.500000000000004,49794.79126311216,31.528572549058843
2023-06-25 17:55:00,20739330,26.400000000000002,48845.69126311216,30.923146793730158
2023-06-25 17:56:00,20739330,26.410000000000004,49084.19126311216,31.085511850267043
2023-06-25 17:57:00,20739330,26.540000000000003,50169.09126311216,31.76679838215405
2023-06-25 17:58:00,20739330,26.85,52665.99126311216,33.3225602422365
2023-06-25 17:59:00,20739330,26.750000000000004,51662.49126311216,32.68079993595376
2023-06-25 18:00:00,20739330,27.140000000000004,53627.79126311216,33.795825130876096
2023-06-25 18:01:00,20739330,26.960000000000004,52947.69126311216,33.44358430640567
2023-06-25 18:02:00,20739330,26.860000000000003,53011.99126311216,33.56141464005554
2023-06-25 18:03:00,20739330,26.610000000000003,50683.29126311216,32.08348254843992
2023-06-25 18:04:00,20739330,26.51,50259.29126311216,31.851476296341755
2023-06-25 18:05:00,20739330,26.910000000000004,52094.29126311216,32.87407597912227
2023-06-25 18:06:00,20739330,26.660000000000004,52056.59126311216,33.02489015321608
2023-06-25 18:07:00,20739330,26.750000000000004,51621.69126311216,32.65183388460928
2023-06-25 18:08:00,20739330,27.050000000000004,53227.09126311216,33.57693550465093
2023-06-25 18:09:00,20739330,27.090000000000003,53944.99126311216,34.05725460902564
2023-06-25 18:10:00,20739330,27.01,53442.391263112164,33.75866173483787
2023-06-25 18:11:00,20739330,26.990000000000002,53814.99126311216,34.03807160239668
2023-06-25 18:12:00,20739330,27.01,53455.09126311216,33.7676808706829
2023-06-25 18:13:00,20739330,26.990000000000002,53621.391263112164,33.900398892895026
2023-06-25 18:14:00,20739330,26.640000000000004,51184.79126311216,32.41876131391661
2023-06-25 18:15:00,20739330,26.6,50716.59126311216,32.114057885744096
2023-06-25 18:16:00,20739330,27.19,53638.49126311216,33.76715463916499
2023-06-25 18:17:00,20739330,27.280000000000005,54913.391263112164,34.604555958847634
2023-06-25 18:18:00,20739330,26.69,51052.59126311216,32.28997451312588
2023-06-25 18:19:00,20739330,27.210000000000004,54536.29126311216,34.38880124400746
2023-06-25 18:20:00,20739330,26.640000000000004,50878.29126311216,32.20107997277432
2023-06-25 18:21:00,20739330,26.69,52367.99126311216,33.225300643264646
2023-06-25 18:22:00,20739330,26.500000000000004,50167.29126311216,31.793004342418374
2023-06-25 18:23:00,20739330,26.490000000000002,49904.59126311216,31.613318676749113
2023-06-25 18:24:00,20739330,26.950000000000003,53277.49126311216,33.68504275643352
2023-06-25 18:25:00,20739330,26.800000000000004,52271.69126311216,33.07808963083299
2023-06-25 18:26:00,20739330,26.470000000000002,49596.391263112164,31.40823806759883
2023-06-25 18:27:00,20739330,26.900000000000002,52741.69126311216,33.34044959596652
2023-06-25 18:28:00,20739330,26.610000000000003,50692.49126311216,32.09001327288855
2023-06-25 18:29:00,20739330,26.720000000000002,51619.79126311216,32.67162027551257
2023-06-25 18:30:00,20739330,26.620000000000005,50783.29126311216,32.14753564915484
2023-06-25 18:31:00,20739330,26.800000000000004,52116.09126311216,32.967538179279046
2023-06-25 18:32:00,20739330,26.790000000000003,51863.49126311216,32.79526074276672
2023-06-25 18:33:00,20739330,26.910000000000004,52221.69126311216,32.964361141070846
2023-06-25 18:34:00,20739330,26.770000000000003,51528.891263112164,32.57191623600565
2023-06-25 18:35:00,20739330,27.050000000000004,53093.19126311216,33.48201920718211
2023-06-25 18:36:00,20739330,26.42,49462.29126311216,31.347018954763538
2023-06-25 18:37:00,20739330,26.490000000000002,49957.891263112164,31.65115745137138
2023-06-25 18:38:00,20739330,26.710000000000004,52082.391263112164,33.007616516039505
2023-06-25 18:39:00,20739330,26.640000000000004,50994.29126311216,32.28343852901557
2023-06-25 18:40:00,20739330,27.050000000000004,53649.19126311216,33.87642228005717
2023-06-25 18:41:00,20739330,26.67,51403.99126311216,32.55348476804445
2023-06-25 18:42:00,20739330,27.01,53349.19126311216,33.6924857295878
2023-06-25 18:43:00,20739330,26.570000000000004,50740.69126311216,32.15200607255047
2023-06-25 18:44:00,20739330,27.050000000000004,52780.69126311216,33.260665404199585
2023-06-25 18:45:00,20739330,26.900000000000002,52325.79126311216,33.04527521991182
2023-06-25 18:46:00,20739330,26.620000000000005,50805.59126311216,32.1633677719489
2023-06-25 18:47:00,20739330,26.610000000000003,52149.891263112164,33.12713505928919
2023-06-25 18:48:00,20739330,26.6,51245.49126311216,32.489959832647756
2023-06-25 18:49:00,20739330,26.960000000000004,53476.391263112164,33.81916880614567
2023-06-25 18:50:00,20739330,26.800000000000004,51857.59126311216,32.78400552694536
2023-06-25 18:51:00,20739330,26.6,50388.09126311216,31.88092406158042
2023-06-25 18:52:00,20739330,26.650000000000002,50796.29126311216,32.13594202405824
2023-06-25 18:53:00,20739330,26.430000000000003,49824.891263112164,31.597742097821843
2023-06-25 18:54:00,20739330,26.470000000000002,50486.59126311216,32.04072699779294
2023-06-25 18:55:00,20739330,26.870000000000005,52978.79126311216,33.530569256499014
2023-06-25 18:56:00,20739330,26.700000000000003,51432.69126311216,32.55279599253271
2023-06-25 18:57:00,20739330,26.810000000000002,52562.09126311216,33.27739363268034
2023-06-25 18:58:00,20739330,26.890000000000004,52960.09126311216,33.50283244989212
2023-06-25 18:59:00,20739330,27.210000000000004,53866.891263112164,33.91432361554321
2023-06-25 19:00:00,20739330,26.69,51077.09126311216,32.30735753833913
2023-06-25 19:01:00,20739330,27.000000000000004,53804.19126311216,34.02306820703514
2023-06-25 19:02:00,20739330,27.160000000000004,54093.49126311216,34.111403658151545
2023-06-25 19:03:00,20739330,26.800000000000004,51611.99126311216,32.6097795108219
2023-06-25 19:04:00,20739330,27.140000000000004,54078.09126311216,34.11512628042386
2023-06-25 19:05:00,20739330,27.1,54364.69126311216,34.34810227986966
2023-06-25 19:06:00,20739330,27.390000000000004,55413.891263112164,34.8775838221859
2023-06-25 19:07:00,20739330,26.960000000000004,53677.09126311216,33.96191793937229
2023-06-25 19:08:00,20739330,26.990000000000002,52906.29126311216,33.39264614349155
2023-06-25 19:09:00,20739330,26.800000000000004,51608.19126311216,32.60708496281564
2023-06-25 19:10:00,20739330,27.310000000000002,55055.19126311216,34.682857651547415
2023-06-25 19:11:00,20739330,27.150000000000002,54071.59126311216,34.10319045529321
2023-06-25 19:12:00,20739330,27.01,52780.69126311216,33.28927119656962
2023-06-25 19:13:00,20739330,26.710000000000004,51677.99126311216,32.720027173855854
2023-06-25 19:14:00,20739330,27.01,53074.391263112164,33.49748550202039
2023-06-25 19:15:00,20739330,26.610000000000003,50790.79126311216,32.159805361142816
2023-06-25 19:16:00,20739330,26.560000000000002,50668.49126311216,32.107644229421346
2023-06-25 19:17:00,20739330,26.700000000000003,51525.09126311216,32.61843204944256
2023-06-25 19:18:00,20739330,26.660000000000004,51228.391263112164,32.43573486382297
2023-06-25 19:19:00,20739330,26.520000000000003,50133.19126311216,31.755047380182457
2023-06-25 19:20:00,20739330,27.050000000000004,54121.99126311216,34.212380924402844
2023-06-25 19:21:00,20739330,26.790000000000003,51993.391263112164,32.88749084847718
2023-06-25 19:22:00,20739330,26.710000000000004,51617.891263112164,32.67732043292394
2023-06-25 19:23:00,20739330,26.750000000000004,51352.29126311216,32.46067270329274
2023-06-25 19:24:00,20739330,26.67,51041.29126311216,32.295893821430816
2023-06-25 19:25:00,20739330,26.560000000000002,50223.19126311216,31.791452847472826
2023-06-25 19:26:00,20739330,26.490000000000002,49612.09126311216,31.405789308940978
2023-06-25 19:27:00,20739330,26.410000000000004,49617.29126311216,31.463890513674453
2023-06-25 19:28:00,20739330,27.030000000000005,52680.29126311216,33.20386424332029
2023-06-25 19:29:00,20739330,26.840000000000003,52920.79126311216,33.51097672421362
2023-06-25 19:30:00,20739330,27.340000000000003,54444.69126311216,34.228295693200565
2023-06-25 19:31:00,20739330,26.890000000000004,52472.891263112164,33.156766712118795
2023-06-25 19:32:00,20739330,26.930000000000003,53001.59126311216,33.50346817428105
2023-06-25 19:33:00,20739330,26.520000000000003,49664.59126311216,31.42263609174329
2023-06-25 19:34:00,20739330,26.6,50668.49126311216,32.07990545899906
2023-06-25 19:35:00,20739330,26.860000000000003,51716.891263112164,32.64195981146428
2023-06-25 19:36:00,20739330,26.6,50300.891263112164,31.81908258158671
2023-06-25 19:37:00,20739330,26.51,50007.79126311216,31.672887240203327
2023-06-25 19:38:00,20739330,26.6,50532.391263112164,31.98330060735456
2023-06-25 19:39:00,20739330,26.6,50681.49126311216,32.08913529525359
2023-06-25 19:40:00,20739330,26.540000000000003,50319.09126311216,31.873282060462053
2023-06-25 19:41:00,20739330,26.42,49299.79126311216,31.231694818549837
2023-06-25 19:42:00,20739330,26.700000000000003,51938.19126311216,32.91212648640201
2023-06-25 19:43:00,20739330,26.710000000000004,51843.891263112164,32.837959719532165
2023-06-25 19:44:00,20739330,26.69,51203.79126311216,32.39727558862381
2023-06-25 19:45:00,20739330,26.69,51699.391263112164,32.74936897841818
2023-06-25 19:46:00,20739330,26.650000000000002,51090.29126311216,32.34463712677589
2023-06-25 19:47:00,20739330,26.76,51679.891263112164,32.68610489735336
2023-06-25 19:48:00,20739330,26.69,51156.391263112164,32.363631652166525
2023-06-25 19:49:00,20739330,27.050000000000004,53625.69126311216,33.85973759128583
2023-06-25 19:50:00,20739330,27.130000000000003,53995.09126311216,34.06355036088152
2023-06-25 19:51:00,20739330,26.710000000000004,51402.09126311216,32.52404539847284
2023-06-25 19:52:00,20739330,26.980000000000004,53145.391263112164,33.569503242917094
2023-06-25 19:53:00,20739330,26.76,51861.49126311216,32.81505954718983
2023-06-25 19:54:00,20739330,26.570000000000004,50178.09126311216,31.75259426588479
2023-06-25 19:55:00,20739330,26.650000000000002,50934.29126311216,32.23387508686529
2023-06-25 19:56:00,20739330,26.650000000000002,50919.391263112164,32.223298950921404
2023-06-25 19:57:00,20739330,26.540000000000003,50328.09126311216,31.87967280888992
2023-06-25 19:58:00,20739330,26.790000000000003,51894.891263112164,32.81755131814401
2023-06-25 19:59:00,20739330,26.94,52221.69126311216,32.94308817918511
2023-06-25 20:00:00,20739330,27.19,53964.59126311216,33.998093225981094
2023-06-25 20:01:00,20739330,26.770000000000003,51818.391263112164,32.77737836855745
2023-06-25 20:02:00,20739330,26.890000000000004,53174.69126311216,33.65544506684911
2023-06-25 20:03:00,20739330,27.150000000000002,54209.891263112164,34.20132895358385
2023-06-25 20:04:00,20739330,26.590000000000003,50725.79126311216,32.127530734085596
2023-06-25 20:05:00,20739330,26.950000000000003,52972.59126311216,33.46845908293806
2023-06-25 20:06:00,20739330,27.060000000000002,53797.69126311216,33.97458131215255
2023-06-25 20:07:00,20739330,26.6,50685.09126311216,32.09169132185709
2023-06-25 20:08:00,20739330,26.840000000000003,51871.29126311216,32.76547679579303
2023-06-25 20:09:00,20739330,26.750000000000004,51796.891263112164,32.77624567196758
2023-06-25 20:10:00,20739330,26.520000000000003,50309.99126311216,31.880602119469422
2023-06-25 20:11:00,20739330,26.570000000000004,50541.59126311216,32.01056991914591
2023-06-25 20:12:00,20739330,26.540000000000003,50082.891263112164,31.705630348755083
2023-06-25 20:13:00,20739330,26.35,48210.69126311216,30.506609800486768
2023-06-25 20:14:00,20739330,26.250000000000004,47640.09126311216,30.168336680446217
2023-06-25 20:15:00,20739330,26.01,45326.59126311216,28.685652317794002
2023-06-25 20:16:00,20739330,25.980000000000004,45350.391263112164,28.72117831965319
2023-06-25 20:17:00,20739330,25.910000000000004,44401.391263112164,28.094387702861734
2023-06-25 20:18:00,20739330,26.080000000000002,47201.29126311216,29.96819823985454
2023-06-25 20:19:00,20739330,26.030000000000005,46512.79126311216,29.51219895334917
2023-06-25 20:20:00,20739330,25.930000000000003,44640.79126311216,28.25104002236179
2023-06-25 20:21:00,20739330,26.070000000000004,46450.29126311216,29.4423066195303
2023-06-25 20:22:00,20739330,26.020000000000003,46225.891263112164,29.315322233459614
2023-06-25 20:23:00,20739330,26.080000000000002,46893.49126311216,29.74987045032297
2023-06-25 20:24:00,20739330,25.990000000000002,45819.09126311216,29.04635451740004
2023-06-25 20:25:00,20739330,26.030000000000005,46325.99126311216,29.379842135657668
2023-06-25 20:26:00,20739330,26.030000000000005,46292.09126311216,29.355831632530016
2023-06-25 20:27:00,20739330,26.210000000000004,48830.59126311216,31.040000458848926
2023-06-25 20:28:00,20739330,26.320000000000004,49275.69126311216,31.282272869151264
2023-06-25 20:29:00,20739330,26.550000000000004,50952.99126311216,32.3168934587424
2023-06-25 20:30:00,20739330,26.370000000000005,49467.49126311216,31.38466867452044
2023-06-25 20:31:00,20739330,26.370000000000005,49517.891263112164,31.42049023813532
2023-06-25 20:32:00,20739330,26.770000000000003,51711.09126311216,32.701202720878
2023-06-25 20:33:00,20739330,26.820000000000004,52211.69126311216,33.021215948282105
2023-06-25 20:34:00,20739330,26.300000000000004,48337.99126311216,30.629905335969617
2023-06-25 20:35:00,20739330,26.230000000000004,48118.19126311216,30.520396398875118
2023-06-25 20:36:00,20739330,26.890000000000004,52287.69126311216,33.02536426793563
2023-06-25 20:37:00,20739330,26.310000000000002,48796.99126311216,30.94889978869775
2023-06-25 20:38:00,20739330,26.270000000000003,47809.891263112164,30.275480895527604
2023-06-25 20:39:00,20739330,26.360000000000003,48765.19126311216,30.892844085674366
2023-06-25 20:40:00,20739330,26.490000000000002,50600.29126311216,32.10775111806796
2023-06-25 20:41:00,20739330,26.700000000000003,52050.69126311216,32.99217942666586
2023-06-25 20:42:00,20739330,26.6,51552.09126311216,32.70817591013564
2023-06-25 20:43:00,20739330,26.76,51352.29126311216,32.45367467525196
2023-06-25 20:44:00,20739330,26.960000000000004,53290.19126311216,33.68681818871327
2023-06-25 20:45:00,20739330,26.840000000000003,52050.69126311216,32.89272556033471
2023-06-25 20:46:00,20739330,26.370000000000005,49104.59126311216,31.126921668636253
2023-06-25 20:47:00,20739330,26.42,49021.29126311216,31.034196212497292
2023-06-25 20:48:00,20739330,26.740000000000002,51991.391263112164,32.92154952151399
2023-06-25 20:49:00,20739330,26.900000000000002,52827.891263112164,33.40167925468241
2023-06-25 20:50:00,20739330,26.540000000000003,49925.891263112164,31.594268336788616
2023-06-25 20:51:00,20739330,26.460000000000004,49451.891263112164,31.312523655657888
2023-06-25 20:52:00,20739330,26.950000000000003,53195.59126311216,33.62684399662258
2023-06-25 20:53:00,20739330,26.810000000000002,52396.19126311216,33.15943743150062
2023-06-25 20:54:00,20739330,27.19,54220.891263112164,34.179775937990065
2023-06-25 20:55:00,20739330,26.980000000000004,52110.19126311216,32.83586258144261
2023-06-25 20:56:00,20739330,26.700000000000003,51152.59126311216,32.3539528514204
2023-06-25 20:57:00,20739330,26.890000000000004,52541.79126311216,33.205673206531806
2023-06-25 20:58:00,20739330,26.570000000000004,51209.49126311216,32.485408234044385
2023-06-25 20:59:00,20739330,26.560000000000002,50230.391263112164,31.79656150128157
2023-06-25 21:00:00,20739330,26.560000000000002,49952.59126311216,31.599543340972044
2023-06-25 21:01:00,20739330,26.320000000000004,48027.79126311216,30.396909618077355
2023-06-25 21:02:00,20739330,26.17,47195.19126311216,29.905376742440602
2023-06-25 21:03:00,20739330,26.500000000000004,50357.19126311216,31.927940474766395
2023-06-25 21:04:00,20739330,26.280000000000005,48785.29126311216,30.96071907957273
2023-06-25 21:05:00,20739330,26.310000000000002,48980.69126311216,31.07936704033665
2023-06-25 21:06:00,20739330,26.640000000000004,51666.29126311216,32.76118621235069
2023-06-25 21:07:00,20739330,26.800000000000004,51773.49126311216,32.7243296726961
2023-06-25 21:08:00,20739330,26.520000000000003,49979.29126311216,31.645816610278526
2023-06-25 21:09:00,20739330,26.460000000000004,49261.99126311216,31.177884517337834
2023-06-25 21:10:00,20739330,26.910000000000004,52844.391263112164,33.40620784281886
2023-06-25 21:11:00,20739330,26.890000000000004,52600.69126311216,33.24749046249243
2023-06-25 21:12:00,20739330,26.430000000000003,49545.69126311216,31.39943516856662
2023-06-25 21:13:00,20739330,26.570000000000004,50622.391263112164,32.067956898145326
2023-06-25 21:14:00,20739330,26.500000000000004,50091.891263112164,31.73945199121735
2023-06-25 21:15:00,20739330,26.640000000000004,50852.19126311216,32.182553754967344
2023-06-25 21:16:00,20739330,26.560000000000002,49869.09126311216,31.540360842911692
2023-06-25 21:17:00,20739330,26.740000000000002,51783.19126311216,32.77358266966785
2023-06-25 21:18:00,20739330,26.720000000000002,50772.19126311216,32.07037104342215
2023-06-25 21:19:00,20739330,26.550000000000004,50154.69126311216,31.749716134384315
2023-06-25 21:20:00,20739330,26.570000000000004,51633.391263112164,32.78733384804186
2023-06-25 21:21:00,20739330,26.710000000000004,51644.99126311216,32.696576478273386
2023-06-25 21:22:00,20739330,26.750000000000004,51648.891263112164,32.67114414314781
2023-06-25 21:23:00,20739330,26.550000000000004,50199.69126311216,31.78164689922813
2023-06-25 21:24:00,20739330,26.710000000000004,51281.69126311216,32.43857806451923
2023-06-25 21:25:00,20739330,26.500000000000004,50488.391263112164,32.02121741194537
2023-06-25 21:26:00,20739330,26.740000000000002,51112.891263112164,32.29790773676317
2023-06-25 21:27:00,20739330,26.6,50482.891263112164,31.94817618148548
2023-06-25 21:28:00,20739330,26.610000000000003,51559.79126311216,32.70659037591066
2023-06-25 21:29:00,20739330,27.290000000000003,54874.69126311216,34.56969263308823
2023-06-25 21:30:00,20739330,26.67,51216.99126311216,32.42063721934236
2023-06-25 21:31:00,20739330,26.470000000000002,49778.891263112164,31.53774829242694
2023-06-25 21:32:00,20739330,26.360000000000003,48963.69126311216,31.03365464055811
2023-06-25 21:33:00,20739330,26.490000000000002,50291.891263112164,31.888427483330705
2023-06-25 21:34:00,20739330,26.820000000000004,52337.891263112164,33.11086383676012
2023-06-25 21:35:00,20739330,26.640000000000004,51440.391263112164,32.600465212849556
2023-06-25 21:36:00,20739330,26.950000000000003,53128.59126311216,33.57924511089416
2023-06-25 21:37:00,20739330,26.69,51254.99126311216,32.43362277208209
2023-06-25 21:38:00,20739330,26.770000000000003,52327.79126311216,33.13939266648815
2023-06-25 21:39:00,20739330,26.640000000000004,50613.19126311216,32.01298371351083
2023-06-25 21:40:00,20739330,26.860000000000003,51544.391263112164,32.519795048957526
2023-06-25 21:41:00,20739330,26.750000000000004,51228.391263112164,32.372813890528434
2023-06-25 21:42:00,20739330,26.770000000000003,52303.79126311216,33.12232272496551
2023-06-25 21:43:00,20739330,26.640000000000004,50839.09126311216,32.1732557724565
2023-06-25 21:44:00,20739330,26.870000000000005,53097.29126311216,33.61486945621999
2023-06-25 21:45:00,20739330,26.800000000000004,52169.891263112164,33.0057557350963
2023-06-25 21:46:00,20739330,26.860000000000003,52860.891263112164,33.45393571151382
2023-06-25 21:47:00,20739330,26.820000000000004,52145.99126311216,32.97456008505961
2023-06-25 21:48:00,20739330,26.570000000000004,50534.19126311216,32.00531496771154
2023-06-25 21:49:00,20739330,26.710000000000004,51093.99126311216,32.30540634296375
2023-06-25 21:50:00,20739330,26.740000000000002,51540.49126311216,32.60122768702676
2023-06-25 21:51:00,20739330,27.240000000000002,53979.891263112164,33.97248130956893
2023-06-25 21:52:00,20739330,26.710000000000004,51182.891263112164,32.36846968999622
2023-06-25 21:53:00,20739330,26.840000000000003,52028.891263112164,32.877258684438324
2023-06-25 21:54:00,20739330,26.810000000000002,52600.69126311216,33.30484794160559
2023-06-25 21:55:00,20739330,27.130000000000003,53793.391263112164,33.92047667318486
2023-06-25 21:56:00,20739330,26.840000000000003,52706.891263112164,33.35882259961773
2023-06-25 21:57:00,20739330,26.720000000000002,51232.19126311216,32.3964607044156
2023-06-25 21:58:00,20739330,27.080000000000002,53149.59126311216,33.50039355443998
2023-06-25 21:59:00,20739330,26.900000000000002,52566.19126311216,33.215842837039716
2023-06-25 22:00:00,20739330,26.750000000000004,51513.49126311216,32.57503633286217
2023-06-25 22:01:00,20739330,26.740000000000002,51455.79126311216,32.54111060639174
2023-06-25 22:02:00,20739330,26.810000000000002,52018.99126311216,32.89148946577181
2023-06-25 22:03:00,20739330,26.640000000000004,50644.49126311216,32.03518318685135
2023-06-25 22:04:00,20739330,26.890000000000004,52325.79126311216,33.05239018102554
2023-06-25 22:05:00,20739330,27.080000000000002,53797.69126311216,33.95998090410998
2023-06-25 22:06:00,20739330,26.76,52426.49126311216,33.21677151050888
2023-06-25 22:07:00,20739330,26.720000000000002,51528.891263112164,32.60705752488401
2023-06-25 22:08:00,20739330,26.950000000000003,52735.49126311216,33.30018901039845
2023-06-25 22:09:00,20739330,27.01,52299.79126311216,32.94878509986294
2023-06-25 22:10:00,20739330,26.790000000000003,51666.29126311216,32.655324072037224
2023-06-25 22:11:00,20739330,26.870000000000005,52241.69126311216,33.00695041320814
2023-06-25 22:12:00,20739330,26.710000000000004,51390.59126311216,32.515880489978414
2023-06-25 22:13:00,20739330,26.740000000000002,51608.19126311216,32.649291110101146
2023-06-25 22:14:00,20739330,26.660000000000004,50939.891263112164,32.23089163098886
2023-06-25 22:15:00,20739330,26.660000000000004,51105.391263112164,32.34837691387127
2023-06-25 22:16:00,20739330,27.110000000000003,53773.99126311216,33.92128728537988
2023-06-25 22:17:00,20739330,26.610000000000003,51209.49126311216,32.457338888333545
2023-06-25 22:18:00,20739330,26.980000000000004,52493.19126311216,33.10699660601374
2023-06-25 22:19:00,20739330,26.910000000000004,51861.49126311216,32.70919618593521
2023-06-25 22:20:00,20739330,26.640000000000004,51484.59126311216,32.63190253283535
2023-06-25 22:21:00,20739330,27.210000000000004,53565.79126311216,33.701243805748405
2023-06-25 22:22:00,20739330,26.770000000000003,51586.891263112164,32.61306358782085
2023-06-25 22:23:00,20739330,27.35,54677.79126311216,34.38587760790268
2023-06-25 22:24:00,20739330,26.540000000000003,50048.891263112164,31.681508682490012
2023-06-25 22:25:00,20739330,26.770000000000003,52086.391263112164,32.9677601515601
2023-06-25 22:26:00,20739330,27.050000000000004,53597.891263112164,33.84000164284531
2023-06-25 22:27:00,20739330,27.26,54047.49126311216,34.00575138753684
2023-06-25 22:28:00,20739330,26.950000000000003,53045.19126311216,33.520010019586984
2023-06-25 22:29:00,20739330,27.090000000000003,52772.391263112164,33.22622992623178
2023-06-25 22:30:00,20739330,26.620000000000005,50241.19126311216,31.763034161876668
2023-06-25 22:31:00,20739330,26.430000000000003,49450.09126311216,31.33157699335463
2023-06-25 22:32:00,20739330,26.640000000000004,50906.29126311216,32.220956663095116
2023-06-25 22:33:00,20739330,26.820000000000004,52329.891263112164,33.10517980095138
2023-06-25 22:34:00,20739330,26.520000000000003,50048.891263112164,31.69520822899135
2023-06-25 22:35:00,20739330,26.450000000000003,49493.49126311216,31.34881076118329
2023-06-25 22:36:00,20739330,26.85,53066.09126311216,33.60715129499088
2023-06-25 22:37:00,20739330,26.750000000000004,51789.09126311216,32.770705229896315
2023-06-25 22:38:00,20739330,26.570000000000004,50187.09126311216,31.758977710372776
2023-06-25 22:39:00,20739330,26.310000000000002,48420.09126311216,30.6814761709728
2023-06-25 22:40:00,20739330,26.1,46021.49126311216,29.119972821513276
2023-06-25 22:41:00,20739330,26.110000000000003,46490.49126311216,29.445183526507098
2023-06-25 22:42:00,20739330,26.17,47263.19126311216,29.95354460431231
2023-06-25 22:43:00,20739330,26.310000000000002,48931.59126311216,31.044487216692925
2023-06-25 22:44:00,20739330,26.410000000000004,49410.29126311216,31.31688600007601
2023-06-25 22:45:00,20739330,26.130000000000003,47227.59126311216,29.954319310203708
2023-06-25 22:46:00,20739330,26.590000000000003,49346.29126311216,31.150011597497112
2023-06-25 22:47:00,20739330,26.370000000000005,50457.391263112164,32.08936559376805
2023-06-25 22:48:00,20739330,26.550000000000004,50404.49126311216,31.927029108478386
2023-06-25 22:49:00,20739330,26.500000000000004,50093.69126311216,31.74073026909868
2023-06-25 22:50:00,20739330,26.380000000000003,49315.29126311216,31.269758137084278
2023-06-25 22:51:00,20739330,26.370000000000005,49033.19126311216,31.076248093778062
2023-06-25 22:52:00,20739330,26.700000000000003,51044.99126311216,32.27761756214379
2023-06-25 22:53:00,20739330,26.370000000000005,48857.49126311216,30.951604224056776
2023-06-25 22:54:00,20739330,26.490000000000002,49849.59126311216,31.57428024620128
2023-06-25 22:55:00,20739330,26.870000000000005,52805.29126311216,33.40720259060787
2023-06-25 22:56:00,20739330,26.560000000000002,50640.891263112164,32.08803256764667
2023-06-25 22:57:00,20739330,26.400000000000002,49201.99126311216,31.175810815747017
2023-06-25 22:58:00,20739330,26.280000000000005,48333.09126311216,30.639708634408915
2023-06-25 22:59:00,20739330,26.540000000000003,50066.79126311216,31.69420768219946
2023-06-25 23:00:00,20739330,26.330000000000002,49024.69126311216,31.097148300731465
2023-06-25 23:01:00,20739330,26.370000000000005,49448.391263112164,31.371095053542273
2023-06-25 23:02:00,20739330,26.610000000000003,50640.891263112164,32.053387060334
2023-06-25 23:03:00,20739330,26.540000000000003,50324.49126311216,31.877116486050575
2023-06-25 23:04:00,20739330,26.6,51013.09126311216,32.32470466068696
2023-06-25 23:05:00,20739330,26.570000000000004,50844.69126311216,32.22592331403441
2023-06-25 23:06:00,20739330,27.230000000000004,54209.891263112164,34.142663695264005
2023-06-25 23:07:00,20739330,26.76,52255.69126311216,33.09525322181713
2023-06-25 23:08:00,20739330,26.660000000000004,51857.59126311216,32.88317770682445
2023-06-25 23:09:00,20739330,27.080000000000002,53572.19126311216,33.799959623237996
2023-06-25 23:10:00,20739330,26.85,51979.49126311216,32.835140595966976
2023-06-25 23:11:00,20739330,26.860000000000003,52543.79126311216,33.22855588157539
2023-06-25 23:12:00,20739330,26.76,51894.891263112164,32.83878555893655
2023-06-25 23:13:00,20739330,26.770000000000003,51705.19126311216,32.69701492315252
2023-06-25 23:14:00,20739330,26.460000000000004,49634.79126311216,31.44228249111695
2023-06-25 23:15:00,20739330,26.820000000000004,52751.891263112164,33.40522082338101
2023-06-25 23:16:00,20739330,26.710000000000004,51342.69126311216,32.481875279679855
2023-06-25 23:17:00,20739330,26.67,51069.49126311216,32.31591025118639
2023-06-25 23:18:00,20739330,27.340000000000003,54601.29126311216,34.33909563833594
2023-06-25 23:19:00,20739330,26.470000000000002,49669.891263112164,31.460387272091417
2023-06-25 23:20:00,20739330,26.660000000000004,51648.891263112164,32.73465966852232
2023-06-25 23:21:00,20739330,26.860000000000003,52598.69126311216,33.26755910941713
2023-06-25 23:22:00,20739330,26.560000000000002,50547.09126311216,32.02139506931897
2023-06-25 23:23:00,20739330,26.590000000000003,50331.79126311216,31.847872559227188
2023-06-25 23:24:00,20739330,26.51,49812.49126311216,31.534311075010493
2023-06-25 23:25:00,20739330,26.460000000000004,49502.19126311216,31.34820102124668
2023-06-25 23:26:00,20739330,26.800000000000004,51959.79126311216,32.85654753951829
2023-06-25 23:27:00,20739330,26.500000000000004,49986.391263112164,31.664544395961222
2023-06-25 23:28:00,20739330,26.900000000000002,52007.19126311216,32.81943515680957
2023-06-25 23:29:00,20739330,26.470000000000002,49791.29126311216,31.54655081948832
2023-06-25 23:30:00,20739330,26.450000000000003,49472.69126311216,31.334053924405026
2023-06-25 23:31:00,20739330,26.76,51736.391263112164,32.72621725209868
2023-06-25 23:32:00,20739330,26.85,52195.79126311216,32.98859397173593
2023-06-25 23:33:00,20739330,26.550000000000004,50016.69126311216,31.651825613897266
2023-06-25 23:34:00,20739330,26.450000000000003,49535.29126311216,31.378469501626757
2023-06-25 23:35:00,20739330,26.590000000000003,50648.19126311216,32.072421272953115
2023-06-25 23:36:00,20739330,26.520000000000003,50324.49126311216,31.890902663725303
2023-06-25 23:37:00,20739330,26.470000000000002,49696.19126311216,31.4790506443919
2023-06-25 23:38:00,20739330,26.460000000000004,49814.19126311216,31.569637037642444
2023-06-25 23:39:00,20739330,26.67,51220.79126311216,32.42333595998625
2023-06-25 23:40:00,20739330,26.51,49981.09126311216,31.65393666702419
2023-06-25 23:41:00,20739330,26.960000000000004,52456.79126311216,33.09544577312768
2023-06-25 23:42:00,20739330,26.85,52384.09126311216,33.122273554758806
2023-06-25 23:43:00,20739330,26.570000000000004,50439.09126311216,31.93779349206883
2023-06-25 23:44:00,20739330,26.85,52018.99126311216,32.86315543269288
2023-06-25 23:45:00,20739330,26.460000000000004,49747.19126311216,31.52206517567331
2023-06-25 23:46:00,20739330,26.6,50633.49126311216,32.055057922575514
2023-06-25 23:47:00,20739330,26.490000000000002,49856.69126311216,31.579319341036463
2023-06-25 23:48:00,20739330,26.610000000000003,51650.79126311216,32.771388515616316
2023-06-25 23:49:00,20739330,26.790000000000003,51861.49126311216,32.793841040639336
2023-06-25 23:50:00,20739330,26.6,50364.391263112164,31.864114414898072
2023-06-25 23:51:00,20739330,26.620000000000005,50861.49126311216,32.20305983104771
2023-06-25 23:52:00,20739330,26.800000000000004,52311.79126311216,33.10658943454816
2023-06-25 23:53:00,20739330,26.860000000000003,52128.09126311216,32.93345820875171
2023-06-25 23:54:00,20739330,26.950000000000003,52351.99126311216,33.02830098796662
2023-06-25 23:55:00,20739330,26.820000000000004,52102.19126311216,32.943461893211236
2023-06-25 23:56:00,20739330,27.080000000000002,53908.09126311216,34.03836763850766
2023-06-25 23:57:00,20739330,26.570000000000004,50406.29126311216,31.914510386041503
2023-06-25 23:58:00,20739330,26.620000000000005,51075.19126311216,32.3548678101653
2023-06-25 23:59:00,20739330,26.650000000000002,50988.69126311216,32.272493159150024
2023-06-26 00:00:00,20739330,26.470000000000002,49998.891263112164,31.69397747893325
2023-06-26 00:01:00,20739330,26.450000000000003,49605.09126311216,31.428004789321324
2023-06-26 00:02:00,20739330,26.770000000000003,52279.69126311216,33.10518304229932
2023-06-26 00:03:00,20739330,26.750000000000004,51965.69126311216,32.89618215415539
2023-06-26 00:04:00,20739330,26.360000000000003,48978.99126311216,31.044512034226706
2023-06-26 00:05:00,20739330,26.470000000000002,49794.79126311216,31.54903547115574
2023-06-26 00:06:00,20739330,26.810000000000002,52637.391263112164,33.330954165189944
2023-06-26 00:07:00,20739330,26.700000000000003,51080.79126311216,32.303012280710696
2023-06-26 00:08:00,20739330,26.820000000000004,52631.29126311216,33.319431206910835
2023-06-26 00:09:00,20739330,26.570000000000004,50975.49126311216,32.31892545667805
2023-06-26 00:10:00,20739330,26.900000000000002,52801.19126311216,33.38271180080844
2023-06-26 00:11:00,20739330,26.900000000000002,52120.09126311216,32.899436870183045
2023-06-26 00:12:00,20739330,26.740000000000002,51453.891263112164,32.53976225011109
2023-06-26 00:13:00,20739330,26.640000000000004,51035.59126311216,32.312768821615606
2023-06-26 00:14:00,20739330,26.700000000000003,51274.09126311216,32.44018267034349
2023-06-26 00:15:00,20739330,27.000000000000004,53005.79126311216,33.45602737455165
2023-06-26 00:16:00,20739330,26.540000000000003,49821.29126311216,31.520107346311562
2023-06-26 00:17:00,20739330,26.810000000000002,52659.891263112164,33.34696093004839
2023-06-26 00:18:00,20739330,26.610000000000003,50567.29126311216,32.00115611244123
2023-06-26 00:19:00,20739330,26.870000000000005,51703.29126311216,32.62530052531564
2023-06-26 00:20:00,20739330,26.590000000000003,50428.19126311216,31.916261974004172
2023-06-26 00:21:00,20739330,26.860000000000003,51536.69126311216,32.51434355085208
2023-06-26 00:22:00,20739330,26.700000000000003,51296.891263112164,32.4563680122253
2023-06-26 00:23:00,20739330,27.200000000000003,54836.09126311216,34.60907064106832
2023-06-26 00:24:00,20739330,26.590000000000003,50470.19126311216,31.946065196883783
2023-06-26 00:25:00,20739330,26.620000000000005,50655.59126311216,32.05689671606764
2023-06-26 00:26:00,20739330,27.01,53370.391263112164,33.70753683596403
2023-06-26 00:27:00,20739330,27.110000000000003,53681.391263112164,33.85560982363724
2023-06-26 00:28:00,20739330,27.080000000000002,53338.69126311216,33.63438770977732
2023-06-26 00:29:00,20739330,26.820000000000004,50861.49126311216,32.064460783222934
2023-06-26 00:30:00,20739330,26.800000000000004,51886.99126311216,32.804871223039775
2023-06-26 00:31:00,20739330,26.870000000000005,52776.49126311216,33.386731360468886
2023-06-26 00:32:00,20739330,26.370000000000005,48820.49126311216,30.925365527779306
2023-06-26 00:33:00,20739330,26.540000000000003,50169.09126311216,31.76679838215405
2023-06-26 00:34:00,20739330,26.840000000000003,52947.69126311216,33.53011928823879
2023-06-26 00:35:00,20739330,26.790000000000003,51525.09126311216,32.555183071284226
2023-06-26 00:36:00,20739330,27.040000000000003,53621.391263112164,33.86396391509873
2023-06-26 00:37:00,20739330,26.800000000000004,51944.09126311216,32.84540198945729
2023-06-26 00:38:00,20739330,26.94,52643.49126311216,33.24208430850859
2023-06-26 00:39:00,20739330,26.520000000000003,49925.891263112164,31.60792925721095
2023-06-26 00:40:00,20739330,26.560000000000002,49794.79126311216,31.487713211644706
2023-06-26 00:41:00,20739330,26.6,50705.49126311216,32.10617606205089
2023-06-26 00:42:00,20739330,26.590000000000003,50627.99126311216,32.05807814819326
2023-06-26 00:43:00,20739330,26.550000000000004,50313.59126311216,31.862489060177182
2023-06-26 00:44:00,20739330,26.370000000000005,48663.29126311216,30.813923723809832
2023-06-26 00:45:00,20739330,26.300000000000004,47168.891263112164,29.8026507030139
2023-06-26 00:46:00,20739330,25.990000000000002,45016.49126311216,28.479169573442004
2023-06-26 00:47:00,20739330,27.01,53231.29126311216,33.60880109130461
2023-06-26 00:48:00,20739330,26.01,45542.19126311216,28.837954923916268
2023-06-26 00:49:00,20739330,26.320000000000004,49029.79126311216,31.107510420013003
2023-06-26 00:50:00,20739330,25.92,44929.79126311216,28.46127622863369
2023-06-26 00:51:00,20739330,26.040000000000003,46648.891263112164,29.602252554632855
2023-06-26 00:52:00,20739330,26.280000000000005,48889.49126311216,31.034760063607315
2023-06-26 00:53:00,20739330,26.540000000000003,50411.79126311216,31.9391161353855
2023-06-26 00:54:00,20739330,26.860000000000003,52374.09126311216,33.108039337675166
2023-06-26 00:55:00,20739330,26.540000000000003,50357.19126311216,31.900337567221065
2023-06-26 00:56:00,20739330,26.450000000000003,50091.891263112164,31.773802873430988
2023-06-26 00:57:00,20739330,26.310000000000002,48745.09126311216,30.912054340961998
2023-06-26 00:58:00,20739330,26.430000000000003,50143.891263112164,31.824549144241434
2023-06-26 00:59:00,20739330,26.220000000000002,47666.99126311216,30.207027434526665
2023-06-26 01:00:00,20739330,26.200000000000003,46914.79126311216,29.68755232135362
2023-06-26 01:01:00,20739330,26.070000000000004,45809.09126311216,28.988849045907045
2023-06-26 01:02:00,20739330,26.060000000000002,46011.29126311216,29.138062322806256
2023-06-26 01:03:00,20739330,25.970000000000002,45658.79126311216,28.94552754909548
2023-06-26 01:04:00,20739330,26.080000000000002,46875.19126311216,29.736897325785232
2023-06-26 01:05:00,20739330,26.320000000000004,49174.59126311216,31.210402709850445
2023-06-26 01:06:00,20739330,26.300000000000004,49422.391263112164,31.40021448195215
2023-06-26 01:07:00,20739330,26.230000000000004,48600.19126311216,30.862704928029025
2023-06-26 01:08:00,20739330,26.42,49991.79126311216,31.723243029580505
2023-06-26 01:09:00,20739330,26.550000000000004,50969.891263112164,32.32891720747542
2023-06-26 01:10:00,20739330,26.740000000000002,51300.79126311216,32.431141520471925
2023-06-26 01:11:00,20739330,26.270000000000003,48284.09126311216,30.611588918118308
2023-06-26 01:12:00,20739330,26.710000000000004,51794.891263112164,32.80312046527681
2023-06-26 01:13:00,20739330,26.700000000000003,51666.29126311216,32.71877255097011
2023-06-26 01:14:00,20739330,26.320000000000004,48187.99126311216,30.510355898055543
2023-06-26 01:15:00,20739330,26.590000000000003,50165.49126311216,31.729946382689807
2023-06-26 01:16:00,20739330,26.410000000000004,49634.79126311216,31.4763232026944
2023-06-26 01:17:00,20739330,26.180000000000003,47926.49126311216,30.417388479538154
2023-06-26 01:18:00,20739330,26.470000000000002,50061.391263112164,31.738382151640888
2023-06-26 01:19:00,20739330,26.370000000000005,49310.19126311216,31.272908176575168
2023-06-26 01:20:00,20739330,26.590000000000003,50319.09126311216,31.838864420335614
2023-06-26 01:21:00,20739330,26.410000000000004,49248.29126311216,31.201911609774807
2023-06-26 01:22:00,20739330,26.720000000000002,50975.49126311216,32.2144259459057
2023-06-26 01:23:00,20739330,26.320000000000004,49085.891263112164,31.147368009091736
2023-06-26 01:24:00,20739330,26.490000000000002,49441.49126311216,31.28484393009373
2023-06-26 01:25:00,20739330,26.330000000000002,48904.59126311216,31.011866588933575
2023-06-26 01:26:00,20739330,26.6,50395.391263112164,31.886101989104002
2023-06-26 01:27:00,20739330,26.540000000000003,49715.49126311216,31.44512246596031
2023-06-26 01:28:00,20739330,26.42,48760.19126311216,30.849208121656932
2023-06-26 01:29:00,20739330,26.540000000000003,50865.19126311216,32.261412415878716
2023-06-26 01:30:00,20739330,26.35,49196.79126311216,31.205890912126822
2023-06-26 01:31:00,20739330,26.35,48965.391263112164,31.04158343076527
2023-06-26 01:32:00,20739330,26.67,51674.09126311216,32.74551585621512
2023-06-26 01:33:00,20739330,26.360000000000003,49130.19126311216,31.151839294085935
2023-06-26 01:34:00,20739330,26.660000000000004,50664.79126311216,32.035748987307215
2023-06-26 01:35:00,20739330,26.700000000000003,50655.59126311216,32.00159540112349
2023-06-26 01:36:00,20739330,26.450000000000003,49620.79126311216,31.43914830868946
2023-06-26 01:37:00,20739330,26.410000000000004,49217.391263112164,31.179988553060713
2023-06-26 01:38:00,20739330,27.000000000000004,53614.99126311216,33.88855800160442
2023-06-26 01:39:00,20739330,26.650000000000002,52062.59126311216,33.03629964137574
2023-06-26 01:40:00,20739330,26.430000000000003,49500.49126311216,31.367348830959145
2023-06-26 01:41:00,20739330,26.640000000000004,51169.59126311216,32.40796070443657
2023-06-26 01:42:00,20739330,26.230000000000004,47428.09126311216,30.031290642751166
2023-06-26 01:43:00,20739330,26.270000000000003,48248.19126311216,30.586124102457156
2023-06-26 01:44:00,20739330,26.620000000000005,50433.59126311216,31.899418928493173
2023-06-26 01:45:00,20739330,26.69,51088.391263112164,32.3153755005208
2023-06-26 01:46:00,20739330,26.840000000000003,52333.891263112164,33.09375594689053
2023-06-26 01:47:00,20739330,26.980000000000004,53097.29126311216,33.535358787000185
2023-06-26 01:48:00,20739330,26.710000000000004,51444.29126311216,32.5540097772877
2023-06-26 01:49:00,20739330,26.460000000000004,49138.69126311216,31.090511650127443
2023-06-26 01:50:00,20739330,26.360000000000003,48703.29126311216,30.848953537077033
2023-06-26 01:51:00,20739330,26.890000000000004,52511.391263112164,33.184093333116515
2023-06-26 01:52:00,20739330,26.960000000000004,53285.99126311216,33.68383378348822
2023-06-26 01:53:00,20739330,26.980000000000004,52438.59126311216,33.06832282209665
2023-06-26 01:54:00,20739330,26.400000000000002,49138.69126311216,31.13090014846844
2023-06-26 01:55:00,20739330,26.42,49055.29126311216,31.058297249198006
2023-06-26 01:56:00,20739330,26.300000000000004,48001.99126311216,30.391809113889504
2023-06-26 01:57:00,20739330,26.450000000000003,49870.891263112164,31.61674446296985
2023-06-26 01:58:00,20739330,26.76,51486.59126311216,32.548928671997835
2023-06-26 01:59:00,20739330,26.150000000000002,46823.69126311216,29.655290842739756
2023-06-26 02:00:00,20739330,26.230000000000004,47467.19126311216,30.05897136631195
2023-06-26 02:01:00,20739330,26.280000000000005,48552.09126311216,30.79511122408382
2023-06-26 02:02:00,20739330,26.620000000000005,51405.891263112164,32.590006536348774
2023-06-26 02:03:00,20739330,26.450000000000003,50196.09126311216,31.847895897866284
2023-06-26 02:04:00,20739330,26.820000000000004,52422.391263112164,33.17091077844962
2023-06-26 02:05:00,20739330,26.660000000000004,50926.79126311216,32.221595001266515
2023-06-26 02:06:00,20739330,26.360000000000003,48751.79126311216,30.88334194691314
2023-06-26 02:07:00,20739330,26.450000000000003,49568.391263112164,31.40195825783273
2023-06-26 02:08:00,20739330,26.470000000000002,49500.49126311216,31.34021546233981
2023-06-26 02:09:00,20739330,26.35,48892.79126311216,30.99006009231504
2023-06-26 02:10:00,20739330,26.750000000000004,51569.49126311216,32.6147801832739
2023-06-26 02:11:00,20739330,26.540000000000003,50471.99126311216,31.981880333861067
2023-06-26 02:12:00,20739330,26.820000000000004,51627.49126311216,32.60671631125163
2023-06-26 02:13:00,20739330,26.450000000000003,49659.391263112164,31.466548292963147
2023-06-26 02:14:00,20739330,26.460000000000004,49899.29126311216,31.630076086752414
2023-06-26 02:15:00,20739330,26.42,49200.29126311216,31.161112630990868
2023-06-26 02:16:00,20739330,27.030000000000005,53189.29126311216,33.564561821226775
2023-06-26 02:17:00,20739330,26.6,50429.99126311216,31.91064569346291
2023-06-26 02:18:00,20739330,26.410000000000004,49171.19126311216,31.14721472026491
2023-06-26 02:19:00,20739330,26.710000000000004,51484.59126311216,32.58262903145259
2023-06-26 02:20:00,20739330,26.560000000000002,50543.391263112164,32.01876694625779
2023-06-26 02:21:00,20739330,26.560000000000002,49885.09126311216,31.551699897538658
2023-06-26 02:22:00,20739330,26.460000000000004,49330.79126311216,31.226653623456993
2023-06-26 02:23:00,20739330,26.610000000000003,51118.59126311216,32.39270836125243
2023-06-26 02:24:00,20739330,26.700000000000003,51228.391263112164,32.40774475050401
2023-06-26 02:25:00,20739330,26.67,51302.69126311216,32.48150934417775
2023-06-26 02:26:00,20739330,26.67,50971.79126311216,32.24657070026057
2023-06-26 02:27:00,20739330,26.490000000000002,49890.391263112164,31.603238962518336
2023-06-26 02:28:00,20739330,26.430000000000003,49208.79126311216,31.160397686923446
2023-06-26 02:29:00,20739330,26.650000000000002,51359.891263112164,32.536194443758184
2023-06-26 02:30:00,20739330,26.470000000000002,49507.391263112164,31.34510894082592
2023-06-26 02:31:00,20739330,26.450000000000003,49540.49126311216,31.3821594021591
2023-06-26 02:32:00,20739330,26.51,50201.49126311216,31.810419233833752
2023-06-26 02:33:00,20739330,26.410000000000004,50176.29126311216,31.861393496876126
2023-06-26 02:34:00,20739330,26.500000000000004,50228.59126311216,31.836552394586157
2023-06-26 02:35:00,20739330,26.370000000000005,49159.19126311216,31.165680424645615
2023-06-26 02:36:00,20739330,26.520000000000003,49748.99126311216,31.48246779599923
2023-06-26 02:37:00,20739330,27.310000000000002,54777.19126311216,34.485777498437784
2023-06-26 02:38:00,20739330,26.470000000000002,49568.391263112164,31.38837514839836
2023-06-26 02:39:00,20739330,26.960000000000004,52805.29126311216,33.34253764323736
2023-06-26 02:40:00,20739330,26.51,49977.49126311216,31.65138166547388
2023-06-26 02:41:00,20739330,26.770000000000003,51924.391263112164,32.85265811625615
2023-06-26 02:42:00,20739330,27.160000000000004,54036.59126311216,34.07104611390814
2023-06-26 02:43:00,20739330,26.890000000000004,52747.79126311216,33.35196311647107
2023-06-26 02:44:00,20739330,26.590000000000003,50411.79126311216,31.904625679165814
2023-06-26 02:45:00,20739330,26.820000000000004,52207.69126311216,33.018375114496884
2023-06-26 02:46:00,20739330,26.620000000000005,50900.69126311216,32.23089845990809
2023-06-26 02:47:00,20739330,26.460000000000004,49217.391263112164,31.146275797805764
2023-06-26 02:48:00,20739330,26.560000000000002,50284.59126311216,31.83502232755102
2023-06-26 02:49:00,20739330,26.900000000000002,52566.19126311216,33.215842837039716
2023-06-26 02:50:00,20739330,26.550000000000004,50257.49126311216,31.822667365552324
2023-06-26 02:51:00,20739330,26.69,51411.59126311216,32.54483305606315
2023-06-26 02:52:00,20739330,26.550000000000004,50152.891263112164,31.748439005490994
2023-06-26 02:53:00,20739330,26.570000000000004,50329.891263112164,31.860287845931957
2023-06-26 02:54:00,20739330,27.130000000000003,53789.09126311216,33.917427557776904
2023-06-26 02:55:00,20739330,26.620000000000005,50807.49126311216,32.16471675251755
2023-06-26 02:56:00,20739330,26.6,50762.891263112164,32.14693752081218
2023-06-26 02:57:00,20739330,26.76,52020.99126311216,32.928385939452504
2023-06-26 02:58:00,20739330,26.650000000000002,50751.79126311216,32.104371918567956
2023-06-26 02:59:00,20739330,26.590000000000003,50471.99126311216,31.947342572861736
2023-06-26 03:00:00,20739330,26.360000000000003,48852.391263112164,30.954689590905684
2023-06-26 03:01:00,20739330,26.67,51063.891263112164,32.31193520542436
2023-06-26 03:02:00,20739330,26.820000000000004,52610.891263112164,33.30492295608174
2023-06-26 03:03:00,20739330,26.570000000000004,50090.09126311216,31.690188663416162
2023-06-26 03:04:00,20739330,26.770000000000003,52011.09126311216,32.91425122380701
2023-06-26 03:05:00,20739330,26.42,49284.29126311216,31.22069802151029
2023-06-26 03:06:00,20739330,26.660000000000004,51523.19126311216,32.645257667423465
2023-06-26 03:07:00,20739330,26.910000000000004,53063.99126311216,33.56224815565632
2023-06-26 03:08:00,20739330,26.840000000000003,52315.79126311216,33.08090189138723
2023-06-26 03:09:00,20739330,26.900000000000002,52493.19126311216,33.16403365661282
2023-06-26 03:10:00,20739330,26.640000000000004,50900.69126311216,32.21698117426951
2023-06-26 03:11:00,20739330,26.42,49145.59126311216,31.12232041126998
2023-06-26 03:12:00,20739330,26.870000000000005,52261.69126311216,33.02114089394141
2023-06-26 03:13:00,20739330,26.460000000000004,49657.59126311216,31.45846369108493
2023-06-26 03:14:00,20739330,26.650000000000002,51610.09126311216,32.7141236990698
2023-06-26 03:15:00,20739330,26.540000000000003,49863.79126311216,31.550236490321787
2023-06-26 03:16:00,20739330,26.520000000000003,50169.09126311216,31.78053569768923
2023-06-26 03:17:00,20739330,26.67,51753.891263112164,32.8022841753049
2023-06-26 03:18:00,20739330,26.660000000000004,50293.69126311216,31.772796781386614
2023-06-26 03:19:00,20739330,27.040000000000003,53668.49126311216,33.89741251044576
2023-06-26 03:20:00,20739330,26.94,52904.19126311216,33.42709459644258
2023-06-26 03:21:00,20739330,26.360000000000003,48698.29126311216,30.84540866628425
2023-06-26 03:22:00,20739330,26.520000000000003,49770.09126311216,31.497428414943332
2023-06-26 03:23:00,20739330,27.110000000000003,54067.19126311216,34.129375493061936
2023-06-26 03:24:00,20739330,26.500000000000004,49740.19126311216,31.48984109793914
2023-06-26 03:25:00,20739330,26.330000000000002,48415.09126311216,30.664641973000265
2023-06-26 03:26:00,20739330,26.800000000000004,50221.391263112164,31.62602161383151
2023-06-26 03:27:00,20739330,26.710000000000004,51627.49126311216,32.68414156148269
2023-06-26 03:28:00,20739330,26.790000000000003,51602.391263112164,32.609999404940226
2023-06-26 03:29:00,20739330,27.180000000000003,53319.69126311216,33.54882290842027
2023-06-26 03:30:00,20739330,27.01,52871.19126311216,33.35340808457707
2023-06-26 03:31:00,20739330,26.540000000000003,50393.49126311216,31.926118121157582
2023-06-26 03:32:00,20739330,26.490000000000002,50045.29126311216,31.713219403938357
2023-06-26 03:33:00,20739330,26.450000000000003,49920.59126311216,31.652054522729
2023-06-26 03:34:00,20739330,27.130000000000003,53292.29126311216,33.56544146082758
2023-06-26 03:35:00,20739330,26.570000000000004,50351.69126311216,31.875758287128182
2023-06-26 03:36:00,20739330,27.130000000000003,53640.69126311216,33.812224296263985
2023-06-26 03:37:00,20739330,27.110000000000003,53752.391263112164,33.905965466263645
2023-06-26 03:38:00,20739330,26.800000000000004,52211.69126311216,33.03545369529076
2023-06-26 03:39:00,20739330,26.590000000000003,50615.09126311216,32.04891894420068
2023-06-26 03:40:00,20739330,26.840000000000003,52341.891263112164,33.09943754604079
2023-06-26 03:41:00,20739330,26.860000000000003,51044.99126311216,32.16651923444614
2023-06-26 03:42:00,20739330,26.980000000000004,51857.59126311216,32.65723195839309
2023-06-26 03:43:00,20739330,26.42,49793.09126311216,31.581981543359536
2023-06-26 03:44:00,20739330,27.050000000000004,53185.09126311216,33.54715884315069
2023-06-26 03:45:00,20739330,26.540000000000003,50241.19126311216,31.817974755165928
2023-06-26 03:46:00,20739330,26.380000000000003,49244.79126311216,31.219698162723773
2023-06-26 03:47:00,20739330,26.380000000000003,49619.09126311216,31.485615856007936
2023-06-26 03:48:00,20739330,26.720000000000002,51633.391263112164,32.68128153025236
2023-06-26 03:49:00,20739330,26.400000000000002,49645.29126311216,31.490600361197284
2023-06-26 03:50:00,20739330,27.01,53082.69126311216,33.50337263076006
2023-06-26 03:51:00,20739330,26.540000000000003,50228.59126311216,31.80903040605681
2023-06-26 03:52:00,20739330,26.960000000000004,52805.29126311216,33.34253764323736
2023-06-26 03:53:00,20739330,26.42,49448.391263112164,31.337151796933522
2023-06-26 03:54:00,20739330,26.42,49481.391263112164,31.360578188828832
2023-06-26 03:55:00,20739330,26.650000000000002,50681.49126311216,32.054507946009004
2023-06-26 03:56:00,20739330,26.35,49249.99126311216,31.24368445356948
2023-06-26 03:57:00,20739330,26.94,52608.891263112164,33.217541937339824
2023-06-26 03:58:00,20739330,26.51,50824.19126311216,32.25316655575695
2023-06-26 03:59:00,20739330,26.520000000000003,51546.29126311216,32.760670863525995
2023-06-26 04:00:00,20739330,27.050000000000004,53281.69126311216,33.61565139409798
2023-06-26 04:01:00,20739330,26.620000000000005,51220.79126311216,32.4583618765487
2023-06-26 04:02:00,20739330,26.430000000000003,49977.49126311216,31.706208977564714
2023-06-26 04:03:00,20739330,27.080000000000002,53486.99126311216,33.73953047126825
2023-06-26 04:04:00,20739330,26.42,49601.59126311216,31.44592940538063
2023-06-26 04:05:00,20739330,26.430000000000003,49545.69126311216,31.39943516856662
2023-06-26 04:06:00,20739330,26.800000000000004,52444.59126311216,33.201000202248316
2023-06-26 04:07:00,20739330,26.6,50685.09126311216,32.09169132185709
2023-06-26 04:08:00,20739330,26.810000000000002,52537.69126311216,33.260040927019624
2023-06-26 04:09:00,20739330,26.400000000000002,49619.09126311216,31.47198233251457
2023-06-26 04:10:00,20739330,26.810000000000002,52205.69126311216,33.024071359158434
2023-06-26 04:11:00,20739330,26.94,52676.19126311216,33.26528158816159
2023-06-26 04:12:00,20739330,26.450000000000003,49671.59126311216,31.475209143147488
2023-06-26 04:13:00,20739330,26.94,52764.19126311216,33.32772111857938
2023-06-26 04:14:00,20739330,27.000000000000004,52966.29126311216,33.428012777749814
2023-06-26 04:15:00,20739330,26.67,50867.09126311216,32.17228855671678
2023-06-26 04:16:00,20739330,26.270000000000003,48743.391263112164,30.937660787632637
2023-06-26 04:17:00,20739330,26.870000000000005,52448.69126311216,33.15386794278977
2023-06-26 04:18:00,20739330,26.590000000000003,50503.09126311216,31.96941402395853
2023-06-26 04:19:00,20739330,26.840000000000003,52361.99126311216,33.11371323649679
2023-06-26 04:20:00,20739330,26.540000000000003,50328.09126311216,31.87967280888992
2023-06-26 04:21:00,20739330,26.650000000000002,50818.59126311216,32.15176433902133
2023-06-26 04:22:00,20739330,26.6,50545.19126311216,31.992384247599556
2023-06-26 04:23:00,20739330,26.740000000000002,52227.69126311216,33.08961248134836
2023-06-26 04:24:00,20739330,26.860000000000003,52702.79126311216,33.34153573822431
2023-06-26 04:25:00,20739330,26.520000000000003,50558.09126311216,32.05691798133316
2023-06-26 04:26:00,20739330,26.890000000000004,52485.09126311216,33.165425675572415
2023-06-26 04:27:00,20739330,26.750000000000004,52130.09126311216,33.01305779447387
2023-06-26 04:28:00,20739330,26.640000000000004,51160.19126311216,32.40128165790798
2023-06-26 04:29:00,20739330,26.540000000000003,50397.19126311216,31.92874606976121
2023-06-26 04:30:00,20739330,26.720000000000002,51707.19126311216,32.73371576535182
2023-06-26 04:31:00,20739330,26.6,50885.69126311216,32.234168113444085
2023-06-26 04:32:00,20739330,26.720000000000002,51714.99126311216,32.73925835685911
2023-06-26 04:33:00,20739330,26.500000000000004,50097.29126311216,31.743286848371888
2023-06-26 04:34:00,20739330,26.820000000000004,52436.59126311216,33.18100317701331
2023-06-26 04:35:00,20739330,27.000000000000004,52619.09126311216,33.18192694349903
2023-06-26 04:36:00,20739330,26.750000000000004,52118.09126311216,33.004524540699165
2023-06-26 04:37:00,20739330,27.050000000000004,52667.99126311216,33.180893002446425
2023-06-26 04:38:00,20739330,26.930000000000003,52261.69126311216,32.97851904311588
2023-06-26 04:39:00,20739330,27.130000000000003,53239.69126311216,33.528208044957516
2023-06-26 04:40:00,20739330,26.770000000000003,51748.09126311216,32.72746707782234
2023-06-26 04:41:00,20739330,27.150000000000002,54161.49126311216,34.16697891152059
2023-06-26 04:42:00,20739330,26.6,50994.29126311216,32.31134202290019
2023-06-26 04:43:00,20739330,26.51,50237.59126311216,31.836061192865603
2023-06-26 04:44:00,20739330,26.660000000000004,50889.49126311216,32.195126702738456
2023-06-26 04:45:00,20739330,27.130000000000003,53363.99126311216,33.61620549358702
2023-06-26 04:46:00,20739330,27.160000000000004,53681.391263112164,33.81928499586816
2023-06-26 04:47:00,20739330,27.470000000000002,54970.49126311216,34.50440948419029
2023-06-26 04:48:00,20739330,26.740000000000002,51511.59126311216,32.580713554038546
2023-06-26 04:49:00,20739330,26.860000000000003,52877.391263112164,33.465669684711365
2023-06-26 04:50:00,20739330,26.860000000000003,51885.09126311216,32.76114758622505
2023-06-26 04:51:00,20739330,26.69,51312.19126311216,32.474236825715806
2023-06-26 04:52:00,20739330,26.610000000000003,50600.29126311216,32.024573267015924
2023-06-26 04:53:00,20739330,26.930000000000003,52792.99126311216,33.35533774886569
2023-06-26 04:54:00,20739330,26.76,52460.79126311216,33.24118317171304
2023-06-26 04:55:00,20739330,26.430000000000003,49613.79126311216,31.447787001761565
2023-06-26 04:56:00,20739330,26.410000000000004,49743.69126311216,31.55370676230705
2023-06-26 04:57:00,20739330,26.980000000000004,51755.891263112164,32.585355730902
2023-06-26 04:58:00,20739330,26.620000000000005,50898.79126311216,32.229549053379955
2023-06-26 04:59:00,20739330,26.67,52124.09126311216,33.065837597123746
2023-06-26 05:00:00,20739330,27.340000000000003,54342.49126311216,34.156016533569904
2023-06-26 05:01:00,20739330,27.030000000000005,52906.29126311216,33.363941176053736
2023-06-26 05:02:00,20739330,26.640000000000004,51160.19126311216,32.40128165790798
2023-06-26 05:03:00,20739330,26.610000000000003,50357.19126311216,31.852128391564936
2023-06-26 05:04:00,20739330,26.770000000000003,51924.391263112164,32.85265811625615
2023-06-26 05:05:00,20739330,26.720000000000002,51018.69126311216,32.24504949223859
2023-06-26 05:06:00,20739330,26.94,52201.79126311216,32.928992346915635
2023-06-26 05:07:00,20739330,26.380000000000003,49316.99126311216,31.27096540633397
2023-06-26 05:08:00,20739330,26.380000000000003,49995.29126311216,31.75322653411335
2023-06-26 05:09:00,20739330,27.19,53595.69126311216,33.73686294258749
2023-06-26 05:10:00,20739330,26.650000000000002,51709.09126311216,32.78456884037503
2023-06-26 05:11:00,20739330,27.030000000000005,53086.891263112164,33.49194789495405
2023-06-26 05:12:00,20739330,26.76,51981.49126311216,32.90031511974512
2023-06-26 05:13:00,20739330,26.660000000000004,51720.79126311216,32.78581436737677
2023-06-26 05:14:00,20739330,26.740000000000002,51914.49126311216,32.866884947424026
2023-06-26 05:15:00,20739330,27.000000000000004,52283.69126311216,32.94447573775161
2023-06-26 05:16:00,20739330,26.410000000000004,49311.891263112164,31.247042099018866
2023-06-26 05:17:00,20739330,26.710000000000004,50969.891263112164,32.217404717839656
2023-06-26 05:18:00,20739330,26.220000000000002,48191.19126311216,30.578835279672127
2023-06-26 05:19:00,20739330,26.410000000000004,49710.29126311216,31.5299699003133
2023-06-26 05:20:00,20739330,26.460000000000004,50378.99126311216,31.971092957126935
2023-06-26 05:21:00,20739330,27.210000000000004,53962.49126311216,33.98202151034695
2023-06-26 05:22:00,20739330,26.460000000000004,50346.29126311216,31.94782895876806
2023-06-26 05:23:00,20739330,26.310000000000002,49150.69126311216,31.200177653254432
2023-06-26 05:24:00,20739330,26.150000000000002,47075.09126311216,29.833275742290308
2023-06-26 05:25:00,20739330,26.110000000000003,47345.49126311216,30.050972613467074
2023-06-26 05:26:00,20739330,25.990000000000002,45948.99126311216,29.13830375483764
2023-06-26 05:27:00,20739330,26.470000000000002,49509.19126311216,31.346385519415552
2023-06-26 05:28:00,20739330,26.370000000000005,49828.391263112164,31.641312899578892
2023-06-26 05:29:00,20739330,26.470000000000002,50224.99126311216,31.854660600450018
2023-06-26 05:30:00,20739330,26.42,50179.891263112164,31.85705691039762
2023-06-26 05:31:00,20739330,26.720000000000002,51961.79126311216,32.91470682640977
2023-06-26 05:32:00,20739330,26.980000000000004,52388.19126311216,33.03263021736068
2023-06-26 05:33:00,20739330,26.450000000000003,49924.09126311216,31.65454137230178
2023-06-26 05:34:00,20739330,26.640000000000004,51396.29126311216,32.56910369279054
2023-06-26 05:35:00,20739330,26.770000000000003,52243.69126311216,33.07958277938717
2023-06-26 05:36:00,20739330,26.990000000000002,52623.09126311216,33.19189622776476
2023-06-26 05:37:00,20739330,26.180000000000003,48106.891263112164,30.545496119297965
2023-06-26 05:38:00,20739330,26.330000000000002,48608.49126311216,30.801759499729013
2023-06-26 05:39:00,20739330,26.01,46060.69126311216,29.20470385094148
2023-06-26 05:40:00,20739330,26.160000000000004,46810.09126311216,29.63923517593129
2023-06-26 05:41:00,20739330,26.1,46599.391263112164,29.52865175406586
2023-06-26 05:42:00,20739330,26.130000000000003,47446.79126311216,30.109785982474882
2023-06-26 05:43:00,20739330,26.020000000000003,46398.391263112164,29.437528007250293
2023-06-26 05:44:00,20739330,26.360000000000003,49420.69126311216,31.35820298727988
2023-06-26 05:45:00,20739330,26.180000000000003,48050.29126311216,30.50529409505843
2023-06-26 05:46:00,20739330,26.790000000000003,52038.79126311216,32.919734734022335
2023-06-26 05:47:00,20739330,26.380000000000003,50007.79126311216,31.762124337490224
2023-06-26 05:48:00,20739330,26.490000000000002,50662.99126311216,32.15236935581321
2023-06-26 05:49:00,20739330,26.590000000000003,50932.391263112164,32.274323272034145
2023-06-26 05:50:00,20739330,26.820000000000004,51759.79126311216,32.700514062181846
2023-06-26 05:51:00,20739330,26.640000000000004,50718.391263112164,32.08760598835739
2023-06-26 05:52:00,20739330,26.890000000000004,52135.99126311216,32.91779139305839
2023-06-26 05:53:00,20739330,26.210000000000004,47889.69126311216,30.371490094402777
2023-06-26 05:54:00,20739330,26.450000000000003,49934.79126311216,31.6621442108286
2023-06-26 05:55:00,20739330,26.230000000000004,48344.59126311216,30.68111107728222
2023-06-26 05:56:00,20739330,26.410000000000004,49217.391263112164,31.179988553060713
2023-06-26 05:57:00,20739330,26.790000000000003,51484.59126311216,32.52646869907212
2023-06-26 05:58:00,20739330,26.430000000000003,49986.391263112164,31.712536770407787
2023-06-26 05:59:00,20739330,26.76,51755.891263112164,32.74006311050021
2023-06-26 06:00:00,20739330,26.820000000000004,51979.49126311216,32.856368711349305
2023-06-26 06:01:00,20739330,26.42,49079.09126311216,31.07516964718769
2023-06-26 06:02:00,20739330,26.620000000000005,50773.99126311216,32.14093336849452
2023-06-26 06:03:00,20739330,26.570000000000004,50451.891263112164,31.946880286008188
2023-06-26 06:04:00,20739330,26.220000000000002,48349.49126311216,30.691247823249874
2023-06-26 06:05:00,20739330,26.410000000000004,49727.891263112164,31.542477609789138
2023-06-26 06:06:00,20739330,26.740000000000002,51843.891263112164,32.8167111955711
2023-06-26 06:07:00,20739330,26.500000000000004,50057.891263112164,31.715308214462272
2023-06-26 06:08:00,20739330,26.430000000000003,49713.79126311216,31.51880862340866
2023-06-26 06:09:00,20739330,26.410000000000004,49244.79126311216,31.199428299088805
2023-06-26 06:10:00,20739330,26.450000000000003,49906.391263112164,31.641965323325117
2023-06-26 06:11:00,20739330,26.700000000000003,51781.29126311216,32.80052991845929
2023-06-26 06:12:00,20739330,26.490000000000002,49696.19126311216,31.465437215136085
2023-06-26 06:13:00,20739330,26.42,50559.891263112164,32.12764963221908
2023-06-26 06:14:00,20739330,26.620000000000005,51216.99126311216,32.455660147503544
2023-06-26 06:15:00,20739330,26.370000000000005,48818.79126311216,30.92416004620951
2023-06-26 06:16:00,20739330,26.660000000000004,50829.79126311216,32.152770188626576
2023-06-26 06:17:00,20739330,26.380000000000003,49654.09126311216,31.51049867204779
2023-06-26 06:18:00,20739330,26.590000000000003,50188.891263112164,31.74653569193609
2023-06-26 06:19:00,20739330,26.740000000000002,51742.19126311216,32.74445636178774
2023-06-26 06:20:00,20739330,26.470000000000002,50329.891263112164,31.929252200946216
2023-06-26 06:21:00,20739330,26.67,50881.99126311216,32.182858143472984
2023-06-26 06:22:00,20739330,26.740000000000002,51681.891263112164,32.70162668282672
2023-06-26 06:23:00,20739330,26.210000000000004,48005.19126311216,30.453436033756308
2023-06-26 06:24:00,20739330,26.410000000000004,49689.19126311216,31.51497585353188
2023-06-26 06:25:00,20739330,26.130000000000003,47003.19126311216,29.79528733621482
2023-06-26 06:26:00,20739330,26.51,50073.99126311216,31.719880742222553
2023-06-26 06:27:00,20739330,26.120000000000005,47055.19126311216,29.83860574689411
2023-06-26 06:28:00,20739330,26.110000000000003,47410.891263112164,30.097384489229018
2023-06-26 06:29:00,20739330,26.35,49087.59126311216,31.128336293966065
2023-06-26 06:30:00,20739330,26.380000000000003,49261.99126311216,31.231910261128956
2023-06-26 06:31:00,20739330,26.6,51274.09126311216,32.5103057202233
2023-06-26 06:32:00,20739330,26.720000000000002,52005.19126311216,32.94557466429835
2023-06-26 06:33:00,20739330,26.320000000000004,49401.59126311216,31.371807729470056
2023-06-26 06:34:00,20739330,26.35,48803.69126311216,30.926844464958332
2023-06-26 06:35:00,20739330,26.330000000000002,49043.391263112164,31.110430133317756
2023-06-26 06:36:00,20739330,26.740000000000002,51315.99126311216,32.4419230423279
2023-06-26 06:37:00,20739330,26.570000000000004,50362.59126311216,31.88349393758168
2023-06-26 06:38:00,20739330,26.230000000000004,48171.69126311216,30.5583631311782
2023-06-26 06:39:00,20739330,26.750000000000004,52249.69126311216,33.09812469331824
2023-06-26 06:40:00,20739330,26.540000000000003,50550.69126311216,32.037799546011016
2023-06-26 06:41:00,20739330,26.500000000000004,49849.59126311216,31.56745312934287
2023-06-26 06:42:00,20739330,26.590000000000003,50484.79126311216,31.956426360540867
2023-06-26 06:43:00,20739330,26.210000000000004,48016.49126311216,30.46145501425703
2023-06-26 06:44:00,20739330,26.300000000000004,48248.19126311216,30.566244243086228
2023-06-26 06:45:00,20739330,26.180000000000003,47507.891263112164,30.120435800457773
2023-06-26 06:46:00,20739330,26.230000000000004,48588.49126311216,30.854389038520395
2023-06-26 06:47:00,20739330,26.210000000000004,48474.391263112164,30.786664694147863
2023-06-26 06:48:00,20739330,26.360000000000003,49483.09126311216,31.40255713422948
2023-06-26 06:49:00,20739330,26.400000000000002,49379.09126311216,31.301513118226072
2023-06-26 06:50:00,20739330,26.320000000000004,49854.891263112164,31.694495686852594
2023-06-26 06:51:00,20739330,26.490000000000002,49823.09126311216,31.555473434862808
2023-06-26 06:52:00,20739330,26.620000000000005,50859.59126311216,32.20171060366798
2023-06-26 06:53:00,20739330,26.450000000000003,49740.19126311216,31.52391539847795
2023-06-26 06:54:00,20739330,26.280000000000005,48683.29126311216,30.88826703988178
2023-06-26 06:55:00,20739330,26.620000000000005,51302.69126311216,32.51659968203164
2023-06-26 06:56:00,20739330,26.490000000000002,49936.59126311216,31.636035315037205
2023-06-26 06:57:00,20739330,26.650000000000002,51287.391263112164,32.48466428510528
2023-06-26 06:58:00,20739330,26.320000000000004,49249.99126311216,31.26400084260478
2023-06-26 06:59:00,20739330,26.500000000000004,50075.79126311216,31.728018854262963
2023-06-26 07:00:00,20739330,26.450000000000003,49817.79126311216,31.5790254413432
2023-06-26 07:01:00,20739330,26.380000000000003,49719.09126311216,31.556717515202216
2023-06-26 07:02:00,20739330,26.450000000000003,49945.49126311216,31.669747326824407
2023-06-26 07:03:00,20739330,26.410000000000004,49320.49126311216,31.25314540402375
2023-06-26 07:04:00,20739330,26.400000000000002,49109.69126311216,31.11032821636027
2023-06-26 07:05:00,20739330,26.460000000000004,49787.79126311216,31.550891005083827
2023-06-26 07:06:00,20739330,26.560000000000002,51056.29126311216,32.383396435370706
2023-06-26 07:07:00,20739330,26.520000000000003,50532.391263112164,32.038647001605796
2023-06-26 07:08:00,20739330,26.330000000000002,49831.891263112164,31.67124431744257
2023-06-26 07:09:00,20739330,26.650000000000002,51426.99126311216,32.58389773757306
2023-06-26 07:10:00,20739330,26.720000000000002,51162.09126311216,32.34673472073359
2023-06-26 07:11:00,20739330,26.750000000000004,51957.891263112164,32.890638564572555
2023-06-26 07:12:00,20739330,26.570000000000004,50727.69126311216,32.142768249946656
2023-06-26 07:13:00,20739330,26.890000000000004,52476.99126311216,33.159676652165075
2023-06-26 07:14:00,20739330,26.860000000000003,52112.19126311216,32.92217926347622
2023-06-26 07:15:00,20739330,26.69,51478.891263112164,32.59264455533752
2023-06-26 07:16:00,20739330,26.470000000000002,50255.69126311216,31.876487797689038
2023-06-26 07:17:00,20739330,26.720000000000002,51681.891263112164,32.71573887464586
2023-06-26 07:18:00,20739330,26.860000000000003,51685.79126311216,32.61992950385489
2023-06-26 07:19:00,20739330,26.640000000000004,51781.29126311216,32.84305227110142
2023-06-26 07:20:00,20739330,27.040000000000003,52682.29126311216,33.19814552970558
2023-06-26 07:21:00,20739330,26.470000000000002,49989.99126311216,31.68765502292797
2023-06-26 07:22:00,20739330,26.620000000000005,51287.391263112164,32.50571886751528
2023-06-26 07:23:00,20739330,26.67,51317.891263112164,32.492307640415774
2023-06-26 07:24:00,20739330,27.160000000000004,53208.19126311216,33.48434808505713
2023-06-26 07:25:00,20739330,26.610000000000003,51232.19126311216,32.47348184522789
2023-06-26 07:26:00,20739330,26.860000000000003,51755.891263112164,32.669589499594544
2023-06-26 07:27:00,20739330,26.35,48454.59126311216,30.679347782949993
2023-06-26 07:28:00,20739330,26.120000000000005,46524.69126311216,29.46298418887975
2023-06-26 07:29:00,20739330,26.370000000000005,47956.99126311216,30.3139591816776
2023-06-26 07:30:00,20739330,26.220000000000002,47774.79126311216,30.283433394898214
2023-06-26 07:31:00,20739330,26.270000000000003,47974.69126311216,30.39222695988
2023-06-26 07:32:00,20739330,25.970000000000002,46463.69126311216,29.515880870767
2023-06-26 07:33:00,20739330,25.930000000000003,45454.59126311216,28.826152704529918
2023-06-26 07:34:00,20739330,26.1,46891.99126311216,29.735887647858156
2023-06-26 07:35:00,20739330,25.990000000000002,46028.69126311216,29.1947398939653
2023-06-26 07:36:00,20739330,26.610000000000003,50462.79126311216,31.927019088741986
2023-06-26 07:37:00,20739330,26.17,48241.69126311216,30.647926022283766
2023-06-26 07:38:00,20739330,26.67,51473.09126311216,32.60259565133351
2023-06-26 07:39:00,20739330,26.380000000000003,49704.99126311216,31.5466907094276
2023-06-26 07:40:00,20739330,26.540000000000003,50699.891263112164,32.14385259713293
2023-06-26 07:41:00,20739330,26.610000000000003,51453.891263112164,32.63120748156602
2023-06-26 07:42:00,20739330,26.320000000000004,48758.49126311216,30.914867179767015
2023-06-26 07:43:00,20739330,26.370000000000005,49316.99126311216,31.277738281755685
2023-06-26 07:44:00,20739330,26.220000000000002,48077.79126311216,30.49834505947735
2023-06-26 07:45:00,20739330,26.410000000000004,49699.69126311216,31.522437210889134
2023-06-26 07:46:00,20739330,26.200000000000003,48027.79126311216,30.476085445831963
2023-06-26 07:47:00,20739330,26.430000000000003,49696.19126311216,31.50630705842121
2023-06-26 07:48:00,20739330,26.320000000000004,49392.99126311216,31.365690536831185
2023-06-26 07:49:00,20739330,27.030000000000005,52717.09126311216,33.229921632778115
2023-06-26 07:50:00,20739330,26.460000000000004,49584.09126311216,31.40630512984191
2023-06-26 07:51:00,20739330,26.380000000000003,49533.49126311216,31.42477214468482
2023-06-26 07:52:00,20739330,26.01,45727.391263112164,28.968875031642867
2023-06-26 07:53:00,20739330,26.370000000000005,48892.79126311216,30.976640467699806
2023-06-26 07:54:00,20739330,26.200000000000003,47275.59126311216,29.942836430425224
2023-06-26 07:55:00,20739330,26.330000000000002,47521.99126311216,30.032634138774057
2023-06-26 07:56:00,20739330,26.130000000000003,48884.391263112164,31.132329646089918
2023-06-26 07:57:00,20739330,26.160000000000004,48016.49126311216,30.494525775912617
2023-06-26 07:58:00,20739330,26.210000000000004,47558.19126311216,30.136476574425576
2023-06-26 07:59:00,20739330,26.650000000000002,50624.29126311216,32.01394460390784
2023-06-26 08:00:00,20739330,26.26,47755.79126311216,30.24372448754046
2023-06-26 08:01:00,20739330,26.150000000000002,47247.69126311216,29.95556247629014
2023-06-26 08:02:00,20739330,26.080000000000002,47118.09126311216,29.90915996540752
2023-06-26 08:03:00,20739330,26.560000000000002,50521.391263112164,32.00314095039031
2023-06-26 08:04:00,20739330,26.560000000000002,50740.69126311216,32.1589558857811
2023-06-26 08:05:00,20739330,26.370000000000005,49592.891263112164,31.47380757329546
2023-06-26 08:06:00,20739330,26.660000000000004,51228.391263112164,32.43573486382297
2023-06-26 08:07:00,20739330,26.820000000000004,52553.99126311216,33.26446155402252
2023-06-26 08:08:00,20739330,26.660000000000004,51264.59126311216,32.461452007256625
2023-06-26 08:09:00,20739330,26.800000000000004,52253.69126311216,33.0652979485924
2023-06-26 08:10:00,20739330,26.42,49986.391263112164,31.719402749772375
2023-06-26 08:11:00,20739330,26.320000000000004,49207.09126311216,31.233503653756767
2023-06-26 08:12:00,20739330,26.410000000000004,49782.49126311216,31.58128472098392
2023-06-26 08:13:00,20739330,26.6,50997.99126311216,32.31397183652348
2023-06-26 08:14:00,20739330,26.560000000000002,49865.59126311216,31.53788050714137
2023-06-26 08:15:00,20739330,26.380000000000003,49575.391263112164,31.454552062790427
2023-06-26 08:16:00,20739330,26.650000000000002,50807.49126311216,32.14388850818563
2023-06-26 08:17:00,20739330,26.640000000000004,51590.79126311216,32.707456623422
2023-06-26 08:18:00,20739330,27.130000000000003,53216.59126311216,33.511858547794596
2023-06-26 08:19:00,20739330,27.01,53222.891263112164,33.60284008157681
2023-06-26 08:20:00,20739330,26.700000000000003,51505.79126311216,32.6047206632652
2023-06-26 08:21:00,20739330,26.870000000000005,52582.391263112164,33.24881523709988
2023-06-26 08:22:00,20739330,26.42,49476.19126311216,31.356886581837156
2023-06-26 08:23:00,20739330,26.610000000000003,50548.891263112164,31.988100413303627
2023-06-26 08:24:00,20739330,26.790000000000003,52382.09126311216,33.16371170392152
2023-06-26 08:25:00,20739330,26.85,52560.09126311216,33.247297337270474
2023-06-26 08:26:00,20739330,26.490000000000002,50158.29126311216,31.793487084011577
2023-06-26 08:27:00,20739330,26.470000000000002,49396.391263112164,31.26640177474303
2023-06-26 08:28:00,20739330,26.410000000000004,48928.29126311216,30.974989191838805
2023-06-26 08:29:00,20739330,26.150000000000002,46893.49126311216,29.704691853661195
2023-06-26 08:30:00,20739330,26.590000000000003,49964.99126311216,31.587857078959683
