DateTime,Northing,Easting,Alongshore,Cross_shore,Pressure,Temperature,Heading,Pitch,Roll,Direction,Speed,Site,Season
8/11/2021 16:15,0.113891374,-0.219930218,0.244870953,-0.037131682,1.257,27.86,232.9,-0.9,2.1,-62.62251507,0.247670236,Varari,Dry
8/11/2021 16:25,0.096672607,-0.215023922,0.23078074,-0.048178108,1.257,27.66,232.9,-0.9,2.2,-65.79179252,0.235755975,Varari,Dry
8/11/2021 16:35,0.080231553,-0.180223505,0.192962802,-0.041024029,1.249,27.57,233,-0.8,2.2,-66.00242013,0.197275477,Varari,Dry
8/11/2021 16:45,0.054236176,-0.162609016,0.163432682,-0.051701194,1.24,27.52,233,-0.8,2.2,-71.55453288,0.171415445,Varari,Dry
8/11/2021 16:55,0.075676567,-0.165836506,0.178646122,-0.036252623,1.223,27.49,233,-0.8,2.2,-65.47125046,0.182287381,Varari,Dry
8/11/2021 17:05,0.135639464,-0.224124361,0.261047293,-0.022002362,1.241,27.47,232.8,-0.7,2.2,-58.81778593,0.261972887,Varari,Dry
8/11/2021 17:15,0.101479218,-0.178566624,0.204111422,-0.022860416,1.226,27.44,232.8,-0.7,2.2,-60.39047778,0.205387612,Varari,Dry
8/11/2021 17:25,0.114445579,-0.167377224,0.202680442,-0.005793446,1.217,27.42,232.9,-0.7,2.2,-55.63730461,0.202763226,Varari,Dry
8/11/2021 17:35,0.079910569,-0.192047445,0.2023399,-0.048233648,1.213,27.39,232.8,-0.7,2.2,-67.40790023,0.208009423,Varari,Dry
8/11/2021 17:45,0.096462793,-0.17752364,0.200319049,-0.026305739,1.2,27.37,232.7,-0.7,2.2,-61.48122847,0.20203889,Varari,Dry
8/11/2021 17:55,0.135819849,-0.165756332,0.213932594,0.012451438,1.219,27.35,232.7,-0.7,2.2,-50.66899326,0.214294641,Varari,Dry
8/11/2021 18:05,0.054018785,-0.142314486,0.146886283,-0.039948241,1.188,27.33,232.8,-0.6,2.2,-69.2145732,0.152221688,Varari,Dry
8/11/2021 18:15,0.117962195,-0.154017235,0.193938999,0.004904361,1.205,27.31,232.8,-0.6,2.2,-52.55140373,0.194001001,Varari,Dry
8/11/2021 18:25,0.04177145,-0.145435176,0.142212171,-0.051690839,1.175,27.29,232.8,-0.6,2.2,-73.97503647,0.15131505,Varari,Dry
8/11/2021 18:35,0.131789873,-0.160474939,0.207291097,0.012295444,1.174,27.28,232.8,-0.6,2.2,-50.60548563,0.207655428,Varari,Dry
8/11/2021 18:45,0.102959896,-0.23105287,0.247444007,-0.052513164,1.159,27.27,232.8,-0.6,2.2,-65.98168099,0.252954875,Varari,Dry
8/11/2021 18:55,0.100071886,-0.127155322,0.161691595,0.006219833,1.166,27.25,232.8,-0.6,2.2,-51.79707426,0.161811181,Varari,Dry
8/11/2021 19:05,0.089089523,-0.139118372,0.164914635,-0.009696789,1.153,27.24,232.9,-0.6,2.2,-57.36505102,0.165199469,Varari,Dry
8/11/2021 19:15,0.092152112,-0.174512815,0.195349485,-0.028023434,1.134,27.23,232.7,-0.6,2.2,-62.16354675,0.197349269,Varari,Dry
8/11/2021 19:25,0.071023944,-0.152984709,0.165514056,-0.032462578,1.132,27.22,232.9,-0.6,2.2,-65.09667037,0.168667489,Varari,Dry
8/11/2021 19:35,0.094413123,-0.1572695,0.18272834,-0.016058872,1.134,27.2,232.7,-0.6,2.2,-59.02247033,0.18343264,Varari,Dry
8/11/2021 19:45,0.092110525,-0.133250816,0.161943383,-0.003803884,1.126,27.18,232.8,-0.6,2.2,-55.34557176,0.161988052,Varari,Dry
8/11/2021 19:55,0.075140931,-0.149853922,0.165401101,-0.027291636,1.104,27.16,232.8,-0.6,2.2,-63.36953819,0.167637578,Varari,Dry
8/11/2021 20:05,0.098999013,-0.180545961,0.20425491,-0.026030369,1.111,27.14,232.8,-0.6,2.2,-61.26265971,0.205906893,Varari,Dry
8/11/2021 20:15,0.094750024,-0.187048461,0.207018051,-0.033289947,1.099,27.12,232.7,-0.6,2.2,-63.13535363,0.209677595,Varari,Dry
8/11/2021 20:25,0.035436016,-0.108038501,0.108233751,-0.034835099,1.109,27.1,232.8,-0.6,2.2,-71.84080287,0.113701491,Varari,Dry
8/11/2021 20:35,0.064433313,-0.144812607,0.155028811,-0.03299107,1.098,27.08,232.8,-0.6,2.2,-66.01367636,0.158500293,Varari,Dry
8/11/2021 20:45,0.040231983,-0.130142472,0.128935237,-0.043947468,1.093,27.06,232.8,-0.6,2.2,-72.82163384,0.136219218,Varari,Dry
8/11/2021 20:55,0.076553331,-0.135169441,0.154351294,-0.017517659,1.121,27.04,232.7,-0.6,2.2,-60.47491548,0.155342171,Varari,Dry
8/11/2021 21:05,0.072044718,-0.164000827,0.175026279,-0.038111866,1.12,27.03,232.8,-0.6,2.2,-66.28436335,0.179127644,Varari,Dry
8/11/2021 21:15,0.057679452,-0.089664715,0.10644341,-0.00603994,1.134,27.01,232.8,-0.6,2.2,-57.24766355,0.106614635,Varari,Dry
8/11/2021 21:25,0.08013634,-0.122640452,0.146321169,-0.007254589,1.133,26.98,232.8,-0.6,2.2,-56.8383947,0.146500899,Varari,Dry
8/11/2021 21:35,0.032598736,-0.138279052,0.131031159,-0.054905457,1.126,26.97,232.7,-0.6,2.2,-76.734949,0.142069609,Varari,Dry
8/11/2021 21:45,0.052254524,-0.130055834,0.135931819,-0.034170104,1.141,26.95,232.8,-0.6,2.2,-68.1104631,0.140160819,Varari,Dry
8/11/2021 21:55,0.055424988,-0.109628033,0.121268932,-0.019597983,1.164,26.94,232.7,-0.6,2.2,-63.18006496,0.122842317,Varari,Dry
8/11/2021 22:05,0.064589925,-0.1517495,0.160732929,-0.036941771,1.165,26.93,232.7,-0.6,2.2,-66.94368998,0.164923525,Varari,Dry
8/11/2021 22:15,0.039907558,-0.158357731,0.151571169,-0.060794446,1.186,26.91,232.8,-0.6,2.2,-75.85547696,0.163308861,Varari,Dry
8/11/2021 22:25,0.020442136,-0.130157374,0.117315113,-0.05996655,1.16,26.88,232.7,-0.6,2.2,-81.07420672,0.131752886,Varari,Dry
8/11/2021 22:35,0.036559717,-0.121270862,0.119599451,-0.041703792,1.214,26.86,232.7,-0.6,2.2,-73.22343445,0.126661892,Varari,Dry
8/11/2021 22:45,0.064139147,-0.158457099,0.16589453,-0.041249086,1.215,26.83,232.7,-0.6,2.2,-67.96322942,0.170945846,Varari,Dry
8/11/2021 22:55,0.024074615,-0.132024548,0.120960807,-0.05812531,1.219,26.82,232.7,-0.6,2.2,-79.66568618,0.134201596,Varari,Dry
8/11/2021 23:05,0.067901521,-0.123265198,0.139635153,-0.017519981,1.248,26.8,232.8,-0.6,2.2,-61.15151286,0.140729974,Varari,Dry
8/11/2021 23:15,0.016414261,-0.116078981,0.103557928,-0.054950097,1.237,26.78,232.8,-0.6,2.2,-81.95139731,0.117233774,Varari,Dry
8/11/2021 23:25,0.093052231,-0.177535988,0.19832436,-0.029072199,1.288,26.76,232.8,-0.6,2.2,-62.33954362,0.200443869,Varari,Dry
8/11/2021 23:35,0.066645823,-0.17934152,0.184263769,-0.051496697,1.276,26.75,232.7,-0.6,2.2,-69.61422806,0.191324453,Varari,Dry
8/11/2021 23:45,0.074736144,-0.114237886,0.136349195,-0.006684534,1.295,26.73,232.7,-0.6,2.2,-56.80668452,0.136512951,Varari,Dry
8/11/2021 23:55,0.028996548,-0.177247908,0.160440314,-0.080725006,1.312,26.71,232.7,-0.6,2.2,-80.70910129,0.179604067,Varari,Dry
8/12/2021 0:05,0.088482011,-0.183562523,0.200513622,-0.036311893,1.314,26.69,232.7,-0.6,2.2,-64.26469854,0.203775038,Varari,Dry
8/12/2021 0:15,0.081494934,-0.153150982,0.171803267,-0.024089102,1.316,26.68,232.7,-0.6,2.2,-61.98159592,0.173483854,Varari,Dry
8/12/2021 0:25,0.075829304,-0.203775317,0.209429041,-0.05842893,1.324,26.66,232.8,-0.6,2.2,-69.58865253,0.217426914,Varari,Dry
8/12/2021 0:35,0.07480362,-0.174385806,0.185049546,-0.041984005,1.341,26.65,232.9,-0.6,2.2,-66.78285735,0.189752447,Varari,Dry
8/12/2021 0:45,0.1073907,-0.185352755,0.213076199,-0.022066715,1.361,26.64,232.7,-0.6,2.2,-59.91261927,0.214215794,Varari,Dry
8/12/2021 0:55,0.10751489,-0.18492909,0.212806443,-0.021717219,1.367,26.63,232.8,-0.6,2.2,-59.8269484,0.21391171,Varari,Dry
8/12/2021 1:05,0.083187849,-0.170267702,0.186646056,-0.032780461,1.339,26.63,232.8,-0.6,2.1,-63.96121015,0.189502793,Varari,Dry
8/12/2021 1:15,0.106507237,-0.181047452,0.209073848,-0.020250858,1.327,26.62,232.7,-0.6,2.2,-59.53240127,0.210052306,Varari,Dry
8/12/2021 1:25,0.111107793,-0.210309175,0.235451219,-0.033728539,1.344,26.62,232.8,-0.6,2.1,-62.1521963,0.237854768,Varari,Dry
8/12/2021 1:35,0.104601631,-0.152894991,0.185177942,-0.005244924,1.359,26.62,232.8,-0.6,2.1,-55.6223945,0.185252204,Varari,Dry
8/12/2021 1:45,0.139016418,-0.11669766,0.176122191,0.04387348,1.367,26.62,232.8,-0.6,2.1,-40.01185775,0.181504568,Varari,Dry
8/12/2021 1:55,0.111414768,-0.122964,0.164967923,0.017860015,1.348,26.61,232.8,-0.6,2.1,-47.82102094,0.165931901,Varari,Dry
8/12/2021 2:05,0.106267467,-0.154983645,0.187846852,-0.005124914,1.341,26.61,232.8,-0.6,2.1,-55.56277908,0.187916749,Varari,Dry
8/12/2021 2:15,0.063181389,-0.171268011,0.17569582,-0.049553994,1.343,26.61,232.9,-0.6,2.1,-69.75079989,0.182550321,Varari,Dry
8/12/2021 2:25,0.079733698,-0.172711986,0.186593224,-0.037011642,1.346,26.61,232.8,-0.6,2.2,-65.21926062,0.190228528,Varari,Dry
8/12/2021 2:35,0.082550795,-0.174115266,0.189384349,-0.03555739,1.325,26.61,232.7,-0.6,2.2,-64.63363188,0.192693434,Varari,Dry
8/12/2021 2:45,0.060326901,-0.179608056,0.180765232,-0.056765479,1.308,26.61,232.7,-0.6,2.1,-71.43378761,0.189468701,Varari,Dry
8/12/2021 2:55,0.065474266,-0.177314067,0.181934902,-0.0512528,1.321,26.6,232.8,-0.6,2.1,-69.7330352,0.18901629,Varari,Dry
8/12/2021 3:05,0.051332475,-0.154997823,0.155568345,-0.04957659,1.29,26.6,232.8,-0.6,2.2,-71.67606332,0.163276907,Varari,Dry
8/12/2021 3:15,0.120264464,-0.194481973,0.2280289,-0.01701764,1.297,26.61,232.9,-0.6,2.1,-58.26803283,0.228663025,Varari,Dry
8/12/2021 3:25,0.074034532,-0.202935351,0.207694554,-0.059387212,1.303,26.61,232.9,-0.6,2.1,-69.95710453,0.216018214,Varari,Dry
8/12/2021 3:35,0.119651853,-0.103918436,0.154401375,0.035718658,1.3,26.62,232.7,-0.6,2.1,-40.9745338,0.158479043,Varari,Dry
8/12/2021 3:45,0.135966378,-0.178455336,0.224292432,0.005105695,1.282,26.61,232.7,-0.6,2.1,-52.69596898,0.224350536,Varari,Dry
8/12/2021 3:55,0.120502642,-0.156123923,0.197136582,0.005721346,1.275,26.61,232.8,-0.6,2.2,-52.33761463,0.197219588,Varari,Dry
8/12/2021 4:05,0.124010283,-0.205624523,0.239245149,-0.020536635,1.255,26.61,232.8,-0.6,2.2,-58.90620272,0.240124957,Varari,Dry
8/12/2021 4:15,0.110210619,-0.150874208,0.186839975,0.000480629,1.254,26.61,232.8,-0.6,2.1,-53.85261205,0.186840593,Varari,Dry
8/12/2021 4:25,0.071840144,-0.166108268,0.176610988,-0.039516093,1.223,26.6,232.7,-0.6,2.1,-66.61200629,0.180977797,Varari,Dry
8/12/2021 4:35,0.116643751,-0.191949472,0.223851862,-0.018458292,1.254,26.6,232.7,-0.6,2.2,-58.7138094,0.224611586,Varari,Dry
8/12/2021 4:45,0.090252425,-0.19131435,0.207825605,-0.039436008,1.217,26.6,232.8,-0.6,2.1,-64.74443424,0.211534113,Varari,Dry
8/12/2021 4:55,0.125587686,-0.170155548,0.21147732,0.001587651,1.224,26.6,232.7,-0.6,2.1,-53.56986419,0.21148328,Varari,Dry
8/12/2021 5:05,0.034713466,-0.171519682,0.159166401,-0.072732956,1.202,26.6,232.9,-0.6,2.2,-78.55858729,0.174997217,Varari,Dry
8/12/2021 5:15,0.046988056,-0.187238631,0.179098121,-0.07204197,1.192,26.6,232.7,-0.6,2.1,-75.91238877,0.193044509,Varari,Dry
8/12/2021 5:25,0.045677858,-0.156379455,0.153362408,-0.054963374,1.182,26.58,232.8,-0.6,2.2,-73.71711251,0.16291409,Varari,Dry
8/12/2021 5:35,0.131114031,-0.124534418,0.177817354,0.032873985,1.168,26.57,232.8,-0.6,2.2,-43.52570658,0.180830612,Varari,Dry
8/12/2021 5:45,0.082662281,-0.18499708,0.198253451,-0.041863366,1.164,26.55,232.7,-0.6,2.2,-65.92346634,0.202625202,Varari,Dry
8/12/2021 5:55,0.094588588,-0.188424924,0.208036743,-0.034229616,1.163,26.53,232.7,-0.6,2.2,-63.34352468,0.210833947,Varari,Dry
8/12/2021 6:05,0.033449527,-0.172730477,0.15940303,-0.074467191,1.142,26.52,232.7,-0.6,2.2,-79.04023922,0.175939446,Varari,Dry
8/12/2021 6:15,0.082872755,-0.183148351,0.196881511,-0.040606432,1.136,26.5,232.8,-0.6,2.2,-65.6537347,0.201025401,Varari,Dry
8/12/2021 6:25,0.092672568,-0.108870491,0.142549646,0.010981213,1.145,26.49,232.8,-0.6,2.2,-49.59495907,0.142971986,Varari,Dry
8/12/2021 6:35,0.12091617,-0.186073532,0.221609391,-0.011548042,1.133,26.47,232.9,-0.6,2.2,-56.98297892,0.22191007,Varari,Dry
8/12/2021 6:45,0.111434716,-0.175493277,0.207476726,-0.012999781,1.112,26.45,232.7,-0.6,2.2,-57.58527045,0.207883588,Varari,Dry
8/12/2021 6:55,0.055916697,-0.128426807,0.136766479,-0.030249826,1.119,26.44,232.7,-0.6,2.2,-66.47181673,0.140071845,Varari,Dry
8/12/2021 7:05,0.098811835,-0.204775331,0.223746862,-0.040423466,1.112,26.43,232.7,-0.6,2.2,-64.24093471,0.227369116,Varari,Dry
8/12/2021 7:15,0.073999399,-0.152536303,0.166900217,-0.029791818,1.123,26.42,232.7,-0.6,2.2,-64.12074864,0.169538299,Varari,Dry
8/12/2021 7:25,0.017139279,-0.085885545,0.07955708,-0.036616289,1.097,26.41,232.7,-0.6,2.2,-78.71433613,0.087579002,Varari,Dry
8/12/2021 7:35,0.024985363,-0.118732686,0.110742789,-0.049575738,1.09,26.43,232.8,-0.6,2.2,-78.11642101,0.121333092,Varari,Dry
8/12/2021 7:45,0.068711458,-0.097699231,0.11942792,-0.00183743,1.099,26.42,232.8,-0.6,2.2,-54.88144098,0.119442054,Varari,Dry
8/12/2021 7:55,0.065903768,-0.136254807,0.148969717,-0.026771297,1.091,26.44,232.8,-0.6,2.2,-64.18785978,0.151356133,Varari,Dry
8/12/2021 8:05,0.040693899,-0.134757603,0.132940465,-0.046286476,1.089,26.45,232.7,-0.6,2.2,-73.19681274,0.140767912,Varari,Dry
8/12/2021 8:15,0.072529316,-0.136581171,0.153128151,-0.021602948,1.093,26.45,232.7,-0.6,2.2,-62.03015518,0.154644489,Varari,Dry
8/12/2021 8:25,0.057356353,-0.18610281,0.184273554,-0.062986222,1.126,26.48,232.7,-0.6,2.2,-72.87085171,0.194740872,Varari,Dry
8/12/2021 8:35,0.070131534,-0.112061543,0.131881974,-0.009130519,1.116,26.51,232.7,-0.6,2.2,-57.96041074,0.132197661,Varari,Dry
8/12/2021 8:45,0.085636415,-0.101888251,0.132765148,0.009392904,1.116,26.54,232.8,-0.6,2.2,-49.95316581,0.133096999,Varari,Dry
8/12/2021 8:55,0.02408541,-0.076831282,0.076314861,-0.025674788,1.117,26.57,232.8,-0.6,2.2,-72.5946048,0.080518028,Varari,Dry
8/12/2021 9:05,0.130379186,-0.141594285,0.191187146,0.022251945,1.143,26.59,232.8,-0.6,2.2,-47.36131112,0.192477723,Varari,Dry
8/12/2021 9:15,0.093921533,-0.143124514,0.170995856,-0.008142362,1.137,26.61,232.9,-0.6,2.2,-56.72621145,0.171189605,Varari,Dry
8/12/2021 9:25,0.085476499,-0.192944367,0.206337097,-0.044257913,1.151,26.65,232.8,-0.6,2.2,-66.10612496,0.211030236,Varari,Dry
8/12/2021 9:35,0.062448734,-0.170203347,0.174403845,-0.04952093,1.162,26.66,232.7,-0.6,2.2,-69.85157868,0.181298162,Varari,Dry
8/12/2021 9:45,0.072209197,-0.177460732,0.18601225,-0.045890334,1.173,26.69,232.7,-0.6,2.2,-67.85847458,0.191589352,Varari,Dry
8/12/2021 9:55,0.100509892,-0.13050027,0.164655168,0.004608076,1.181,26.7,232.7,-0.6,2.2,-52.3969259,0.164719637,Varari,Dry
8/12/2021 10:05,0.072149678,-0.225407303,0.224766856,-0.074120773,1.196,26.73,232.8,-0.6,2.2,-72.25086888,0.23667283,Varari,Dry
8/12/2021 10:15,0.131795757,-0.164261182,0.210357689,0.010074707,1.203,26.79,232.8,-0.6,2.2,-51.25801589,0.210598806,Varari,Dry
8/12/2021 10:25,0.061807842,-0.138512706,0.148388871,-0.031412131,1.184,26.84,232.8,-0.6,2.2,-65.95237326,0.15167722,Varari,Dry
8/12/2021 10:35,0.101720259,-0.214403968,0.233246122,-0.043730073,1.204,26.94,232.7,-0.6,2.2,-64.61880684,0.237310077,Varari,Dry
8/12/2021 10:45,0.099468134,-0.146456848,0.176951981,-0.005613764,1.196,26.98,232.8,-0.6,2.2,-55.817087,0.177041007,Varari,Dry
8/12/2021 10:55,0.05714626,-0.172168692,0.172877127,-0.054965923,1.215,26.99,232.9,-0.6,2.2,-71.63795398,0.181404944,Varari,Dry
8/12/2021 11:05,0.066557307,-0.096856473,0.117479936,-0.003084814,1.243,26.97,232.9,-0.6,2.2,-55.50413952,0.11752043,Varari,Dry
8/12/2021 11:15,0.126184668,-0.227430754,0.258164832,-0.031594902,1.276,27.02,232.7,-0.6,2.2,-60.97731443,0.260090981,Varari,Dry
8/12/2021 11:25,0.057418448,-0.130146642,0.139040562,-0.030045777,1.267,27.02,232.8,-0.6,2.2,-66.19375739,0.142249873,Varari,Dry
8/12/2021 11:35,0.072056054,-0.18992069,0.196002552,-0.053338008,1.261,27.04,232.7,-0.6,2.2,-69.22321658,0.203130361,Varari,Dry
8/12/2021 11:45,0.11126934,-0.23946118,0.259130641,-0.050732963,1.316,27.05,232.8,-0.6,2.2,-65.07733426,0.264050228,Varari,Dry
8/12/2021 11:55,0.106932574,-0.126345511,0.165069055,0.012246242,1.314,27.09,232.8,-0.6,2.2,-49.75707942,0.165522698,Varari,Dry
8/12/2021 12:05,0.084549675,-0.184702923,0.199124856,-0.04016353,1.291,27.12,232.9,-0.6,2.2,-65.40357122,0.203134973,Varari,Dry
8/12/2021 12:15,0.069091025,-0.176113424,0.183089438,-0.04762106,1.328,27.18,232.8,-0.6,2.2,-68.5794354,0.189181151,Varari,Dry
8/12/2021 12:25,0.195091067,-0.164401456,0.247675224,0.061199238,1.325,27.19,232.8,-0.6,2.2,-40.12053238,0.255124212,Varari,Dry
8/12/2021 12:35,0.10447573,-0.251544696,0.264913227,-0.063331622,1.315,27.27,232.8,-0.6,2.2,-67.4450975,0.272378252,Varari,Dry
8/12/2021 12:45,0.065659515,-0.199089807,0.199660732,-0.063902389,1.333,27.28,232.9,-0.6,2.2,-71.74752322,0.209637599,Varari,Dry
8/12/2021 12:55,0.111390522,-0.214524647,0.239027791,-0.035977598,1.366,27.31,232.8,-0.6,2.2,-62.55969882,0.241720236,Varari,Dry
8/12/2021 13:05,0.148714511,-0.115870683,0.181153548,0.052205488,1.374,27.36,232.8,-0.6,2.2,-37.92388438,0.188525916,Varari,Dry
8/12/2021 13:15,0.080131508,-0.222080452,0.226766978,-0.065707863,1.386,27.38,232.8,-0.6,2.2,-70.15944206,0.236094866,Varari,Dry
8/12/2021 13:25,0.170467621,-0.149818477,0.221404048,0.049850111,1.376,27.43,232.8,-0.6,2.2,-41.31119283,0.226946659,Varari,Dry
8/12/2021 13:35,0.085657656,-0.112171663,0.141097089,0.00336565,1.379,27.49,232.7,-0.6,2.2,-52.63355798,0.141137224,Varari,Dry
8/12/2021 13:45,0.112180277,-0.184615326,0.215294849,-0.017758415,1.367,27.53,232.8,-0.6,2.3,-58.71531996,0.216026001,Varari,Dry
8/12/2021 13:55,0.034528423,-0.147861663,0.139917896,-0.058976824,1.404,27.56,232.9,-0.6,2.2,-76.85592061,0.151839663,Varari,Dry
8/12/2021 14:05,0.110896804,-0.136138752,0.17532207,0.009697048,1.392,27.59,232.8,-0.6,2.3,-50.83420109,0.175590037,Varari,Dry
8/12/2021 14:15,0.079085716,-0.163088504,0.178426789,-0.031879329,1.392,27.64,232.7,-0.6,2.2,-64.13008708,0.18125234,Varari,Dry
8/12/2021 14:25,0.177036342,-0.082689707,0.170956729,0.094621619,1.422,27.66,232.8,-0.6,2.3,-25.03622393,0.195395634,Varari,Dry
8/12/2021 14:35,0.043052449,-0.286210945,0.256855113,-0.13340041,1.441,27.64,232.8,-0.6,2.2,-81.44558395,0.289430852,Varari,Dry
8/12/2021 14:45,0.136172752,-0.191020609,0.234579254,-0.002113026,1.438,27.66,232.9,-0.6,2.2,-54.51609084,0.234588771,Varari,Dry
8/12/2021 14:55,0.194015947,-0.209526363,0.283550101,0.033805692,1.444,27.67,232.7,-0.6,2.2,-47.20111775,0.285558198,Varari,Dry
8/12/2021 15:05,0.073695362,-0.241900806,0.239018909,-0.082564926,1.405,27.66,232.7,-0.6,2.2,-73.05658174,0.252877453,Varari,Dry
8/12/2021 15:15,0.090848512,-0.149836923,0.174620032,-0.014573944,1.413,27.67,232.8,-0.6,2.2,-58.77089981,0.175227154,Varari,Dry
8/12/2021 15:25,-0.027242443,-0.229492467,0.169650599,-0.156931887,1.454,27.65,232.9,-0.6,2.2,263.2302495,0.231103749,Varari,Dry
8/12/2021 15:35,0.164557009,-0.106738818,0.183077701,0.070389914,1.562,27.62,232.9,-0.6,2.2,-32.9691922,0.196143276,Varari,Dry
8/12/2021 15:45,-0.006060354,-0.20516287,0.162418062,-0.125494639,1.422,27.6,232.9,-0.6,2.2,268.3080186,0.20525236,Varari,Dry
8/12/2021 15:55,0.140112874,-0.219702285,0.260099163,-0.015784067,1.453,27.6,232.9,-0.6,2.2,-57.47272439,0.26057765,Varari,Dry
8/12/2021 16:05,0.143702104,-0.278836278,0.310049265,-0.047638408,1.39,27.57,232.7,-0.6,2.2,-62.73506355,0.313687686,Varari,Dry
8/12/2021 16:15,0.039837585,-0.129272577,0.127999657,-0.043755231,1.418,27.55,232.9,-0.6,2.2,-72.87241129,0.135271698,Varari,Dry
8/12/2021 16:25,0.136982551,-0.225802621,0.263194481,-0.021902239,1.452,27.52,232.7,-0.6,2.2,-58.75701859,0.264104227,Varari,Dry
8/12/2021 16:35,0.147953253,-0.162116584,0.218119812,0.024406959,1.447,27.48,232.8,-0.6,2.2,-47.61533154,0.219481097,Varari,Dry
8/12/2021 16:45,0.048542981,-0.191379563,0.183362167,-0.073217988,1.408,27.44,232.7,-0.6,2.2,-75.76722356,0.197440011,Varari,Dry
8/12/2021 16:55,0.129389595,-0.188060153,0.228197155,-0.005860603,1.399,27.4,232.8,-0.6,2.2,-55.4711579,0.228272399,Varari,Dry
8/12/2021 17:05,0.128323088,-0.26077571,0.2863984,-0.049464558,1.45,27.36,232.8,-0.6,2.2,-63.79902183,0.290638583,Varari,Dry
8/12/2021 17:15,0.021189001,-0.212022173,0.183984123,-0.107481245,1.438,27.33,232.8,-0.6,2.2,-84.29294307,0.213078332,Varari,Dry
8/12/2021 17:25,0.261931125,-0.300693737,0.397225596,0.035163388,1.517,27.31,232.9,-0.6,2.2,-48.94122294,0.398778933,Varari,Dry
8/12/2021 17:35,0.234352727,-0.168032385,0.273690132,0.090828381,1.534,27.29,232.9,-0.6,2.2,-35.64076216,0.288367965,Varari,Dry
8/12/2021 17:45,0.058295221,-0.327640011,0.299331408,-0.145420142,1.512,27.26,232.8,-0.6,2.2,-79.91124706,0.332785681,Varari,Dry
8/12/2021 17:55,0.152449646,-0.197643453,0.249504566,0.007162448,1.511,27.23,232.7,-0.6,2.2,-52.35567999,0.24960735,Varari,Dry
8/12/2021 18:05,0.272668594,-0.257136825,0.368298639,0.069452293,1.467,27.2,232.8,-0.6,2.2,-43.32079857,0.374789953,Varari,Dry
8/12/2021 18:15,0.116090598,-0.26922833,0.286046636,-0.064329175,1.579,27.17,232.8,-0.6,2.2,-66.67441252,0.293190929,Varari,Dry
8/12/2021 18:25,0.03457966,-0.241846031,0.215982963,-0.114177998,1.517,27.12,232.8,-0.6,2.2,-81.86287992,0.24430566,Varari,Dry
8/12/2021 18:35,0.025538691,-0.278627158,0.240425371,-0.143111699,1.447,27.09,232.9,-0.6,2.2,-84.76295873,0.279795135,Varari,Dry
8/12/2021 18:45,0.113602892,-0.245042449,0.26501761,-0.052125668,1.48,27.05,232.8,-0.6,2.2,-65.12732768,0.270095204,Varari,Dry
8/12/2021 18:55,0.118237333,-0.148177006,0.189375876,0.008559753,1.515,27.03,232.9,-0.6,2.2,-51.41200347,0.189569227,Varari,Dry
8/12/2021 19:05,0.244888204,-0.211451028,0.31500915,0.073830923,1.531,27,232.8,-0.6,2.2,-40.80927656,0.323545622,Varari,Dry
8/12/2021 19:15,0.062258824,-0.162636052,0.168170149,-0.045226626,1.517,26.97,232.8,-0.6,2.2,-69.05261834,0.174145476,Varari,Dry
8/12/2021 19:25,0.159508996,-0.199117886,0.254846789,0.012006931,1.456,26.95,232.7,-0.6,2.2,-51.3025435,0.255129482,Varari,Dry
8/12/2021 19:35,0.030994456,-0.1128326,0.109501575,-0.041246296,1.563,26.92,232.7,-0.6,2.2,-74.64004142,0.117012187,Varari,Dry
8/12/2021 19:45,0.159950041,-0.133911953,0.202353321,0.05069083,1.53,26.9,232.9,-0.6,2.2,-39.93644443,0.208605913,Varari,Dry
8/12/2021 19:55,0.085271413,-0.33228788,0.318947821,-0.126327893,1.522,26.87,232.8,-0.6,2.2,-75.60737894,0.343054586,Varari,Dry
8/12/2021 20:05,0.183808975,-0.282924871,0.336931234,-0.017594482,1.451,26.85,232.8,-0.6,2.2,-56.98925901,0.337390311,Varari,Dry
8/12/2021 20:15,0.214426664,-0.222716812,0.306218516,0.042565158,1.528,26.84,232.7,-0.6,2.2,-46.08644776,0.309162696,Varari,Dry
8/12/2021 20:25,0.11432231,-0.246168322,0.266351324,-0.052205418,1.503,26.83,232.9,-0.6,2.2,-65.08951124,0.271419294,Varari,Dry
8/12/2021 20:35,0.072860143,-0.252413796,0.247033168,-0.089420013,1.484,26.82,232.8,-0.6,2.2,-73.8990268,0.262719099,Varari,Dry
8/12/2021 20:45,0.119731302,-0.148248896,0.19031217,0.009726143,1.452,26.81,232.9,-0.6,2.2,-51.0743723,0.190560541,Varari,Dry
8/12/2021 20:55,0.191214969,-0.092102537,0.186905856,0.100559646,1.548,26.8,232.7,-0.6,2.2,-25.71872722,0.212240527,Varari,Dry
8/12/2021 21:05,0.224825034,-0.195086027,0.289976751,0.067218584,1.542,26.79,232.9,-0.6,2.2,-40.94895331,0.297665675,Varari,Dry
8/12/2021 21:15,0.051501808,-0.241958592,0.226020616,-0.100553854,1.6,26.79,232.8,-0.6,2.2,-77.98370614,0.247379054,Varari,Dry
8/12/2021 21:25,0.303382478,-0.276783994,0.402246701,0.08275203,1.585,26.79,232.8,-0.6,2.2,-42.37503889,0.410670558,Varari,Dry
8/12/2021 21:35,0.029832757,-0.202966146,0.181738316,-0.0951653,1.461,26.79,232.8,-0.6,2.2,-81.63831564,0.205146898,Varari,Dry
8/12/2021 21:45,0.107644512,-0.198857082,0.224150615,-0.029799021,1.416,26.77,232.9,-0.6,2.2,-61.57260958,0.22612271,Varari,Dry
8/12/2021 21:55,0.229156242,-0.110577841,0.224154012,0.12039527,1.556,26.76,232.9,-0.6,2.2,-25.75932809,0.254440646,Varari,Dry
8/12/2021 22:05,0.048761537,-0.196774834,0.187855497,-0.076212434,1.511,26.75,232.9,-0.6,2.2,-76.08225277,0.202726473,Varari,Dry
8/12/2021 22:15,0.102860368,-0.259526907,0.270421486,-0.069330303,1.476,26.74,232.8,-0.6,2.2,-68.37969688,0.27916746,Varari,Dry
8/12/2021 22:25,0.206015524,-0.081834584,0.187298456,0.118568899,1.559,26.73,232.7,-0.6,2.2,-21.66422918,0.221673849,Varari,Dry
8/12/2021 22:35,0.015281264,-0.180880313,0.155317348,-0.093955978,1.584,26.74,232.8,-0.6,2.2,-85.17096284,0.181524666,Varari,Dry
8/12/2021 22:45,-0.055961261,-0.098149001,0.046511006,-0.102964146,1.599,26.73,232.7,-0.6,2.2,240.3096651,0.112981809,Varari,Dry
8/12/2021 22:55,0.114357672,-0.198550306,0.227848325,-0.024187641,1.548,26.72,232.7,-0.6,2.2,-60.05964012,0.229128569,Varari,Dry
8/12/2021 23:05,0.172263935,-0.33883182,0.375374901,-0.059795896,1.576,26.72,232.8,-0.6,2.2,-63.05096937,0.380107703,Varari,Dry
8/12/2021 23:15,0.117171463,-0.119563348,0.165600439,0.024516133,1.571,26.71,232.8,-0.6,2.2,-45.57887649,0.167405334,Varari,Dry
8/12/2021 23:25,-0.02037026,-0.245219495,0.186413401,-0.160616289,1.684,26.71,232.7,-0.6,2.2,265.2513712,0.246064114,Varari,Dry
8/12/2021 23:35,0.128997833,-0.163560404,0.20814617,0.008223045,1.56,26.7,232.7,-0.6,2.2,-51.73764313,0.208308537,Varari,Dry
8/12/2021 23:45,0.295890638,-0.053633369,0.21731046,0.207855652,1.583,26.7,232.8,-0.6,2.2,-10.27392881,0.300712168,Varari,Dry
8/12/2021 23:55,0.126771344,-0.082347385,0.14113476,0.054157593,1.594,26.7,232.9,-0.6,2.2,-33.00671087,0.151168996,Varari,Dry
8/13/2021 0:05,0.099362164,-0.168959978,0.195095108,-0.018926504,1.665,26.69,232.9,-0.6,2.2,-59.54102047,0.196011004,Varari,Dry
8/13/2021 0:15,0.050165514,-0.234537388,0.219231282,-0.097272864,1.644,26.7,232.9,-0.6,2.2,-77.92684915,0.239842375,Varari,Dry
8/13/2021 0:25,0.193846894,-0.114342542,0.206445406,0.089616572,1.676,26.7,232.9,-0.6,2.2,-30.53465726,0.225057405,Varari,Dry
8/13/2021 0:35,0.143042148,0.035245692,0.055563701,0.136440426,1.683,26.7,232.9,-0.6,2.2,13.84198824,0.147320449,Varari,Dry
8/13/2021 0:45,-0.012012066,-0.201192823,0.155707897,-0.12797614,1.656,26.7,232.8,-0.6,2.2,266.5832545,0.201551089,Varari,Dry
8/13/2021 0:55,0.064577806,-0.209669335,0.207583937,-0.070996001,1.69,26.7,232.9,-0.6,2.2,-72.8812549,0.219388976,Varari,Dry
8/13/2021 1:05,0.112101483,-0.070381845,0.122831707,0.049322595,1.626,26.7,232.7,-0.6,2.2,-32.12226415,0.132364446,Varari,Dry
8/13/2021 1:15,0.183207751,-0.17357978,0.248115806,0.046190549,1.685,26.69,232.8,-0.6,2.2,-43.45423906,0.252378723,Varari,Dry
8/13/2021 1:25,0.223136034,-0.158237229,0.259172677,0.087511334,1.705,26.69,232.9,-0.6,2.2,-35.34241269,0.273548369,Varari,Dry
8/13/2021 1:35,0.088520901,-0.037871534,0.082669995,0.049354584,1.831,26.71,232.8,-0.6,2.2,-23.16249347,0.096281893,Varari,Dry
8/13/2021 1:45,0.194520515,-0.175633956,0.256427145,0.054135353,1.644,26.72,232.7,-0.6,2.2,-42.07910461,0.262079219,Varari,Dry
8/13/2021 1:55,0.105249972,-0.196641265,0.220950507,-0.030433819,1.732,26.72,232.7,-0.6,2.2,-61.8425965,0.223036642,Varari,Dry
8/13/2021 2:05,0.013580811,-0.231347881,0.195146968,-0.124995766,1.652,26.72,232.8,-0.6,2.1,-86.64042234,0.231746155,Varari,Dry
8/13/2021 2:15,0.155542976,-0.188031574,0.243546606,0.015314725,1.614,26.73,232.9,-0.6,2.1,-50.40185787,0.244027642,Varari,Dry
8/13/2021 2:25,0.322714309,-0.172221472,0.329016809,0.159852119,1.68,26.72,232.9,-0.6,2.1,-28.08729904,0.36579333,Varari,Dry
8/13/2021 2:35,0.209104931,-0.129591264,0.227750329,0.092997609,1.65,26.72,232.8,-0.6,2.1,-31.78826469,0.246005626,Varari,Dry
8/13/2021 2:45,0.123545074,0.006298273,0.067522563,0.103652096,1.708,26.72,232.7,-0.6,2.1,2.918386726,0.123705511,Varari,Dry
8/13/2021 2:55,0.24452425,-0.149861045,0.26496788,0.109738162,1.737,26.73,232.8,-0.6,2.1,-31.50279216,0.286793378,Varari,Dry
8/13/2021 3:05,0.346146149,0.046951216,0.16547527,0.307635349,1.706,26.72,232.7,-0.6,2.1,7.724449874,0.349315865,Varari,Dry
8/13/2021 3:15,0.035064414,-0.295039932,0.259302664,-0.145052414,1.656,26.72,232.7,-0.6,2.1,-83.22239737,0.297116264,Varari,Dry
8/13/2021 3:25,0.085115757,-0.253752528,0.255319894,-0.0802919,1.687,26.73,232.7,-0.6,2.1,-71.45709427,0.267647226,Varari,Dry
8/13/2021 3:35,0.073573188,-0.203282752,0.207704436,-0.059964644,1.713,26.73,232.9,-0.6,2.1,-70.10352391,0.216187167,Varari,Dry
8/13/2021 3:45,0.194554915,-0.24727753,0.314408234,0.012052148,1.599,26.72,232.8,-0.6,2.1,-51.8047672,0.314639145,Varari,Dry
8/13/2021 3:55,0.08071749,-0.169991284,0.184970388,-0.034616549,1.643,26.71,232.9,-0.6,2.1,-64.60008422,0.188181694,Varari,Dry
8/13/2021 4:05,0.167852982,-0.195715331,0.256998536,0.02075733,1.685,26.7,232.7,-0.6,2.1,-49.38234208,0.25783544,Varari,Dry
8/13/2021 4:15,0.069459369,-0.207989139,0.209093941,-0.066059139,1.618,26.7,232.8,-0.6,2.1,-71.53291186,0.219280838,Varari,Dry
8/13/2021 4:25,0.263814292,0.031127854,0.129883188,0.231726739,1.72,26.7,232.7,-0.6,2.1,6.729303678,0.265644356,Varari,Dry
8/13/2021 4:35,0.193260606,-0.360296697,0.405081885,-0.055425971,1.565,26.7,232.7,-0.6,2.1,-61.79120513,0.408856175,Varari,Dry
8/13/2021 4:45,0.208999391,-0.22250559,0.302857564,0.038298555,1.7,26.69,232.8,-0.6,2.1,-46.79278492,0.305269525,Varari,Dry
8/13/2021 4:55,0.306575833,-0.031102825,0.205363467,0.229743278,1.669,26.67,232.7,-0.6,2.1,-5.792968272,0.308149521,Varari,Dry
8/13/2021 5:05,0.190318669,-0.224234888,0.293276342,0.022169078,1.689,26.65,232.8,-0.6,2.1,-49.67717078,0.294113041,Varari,Dry
8/13/2021 5:15,0.263196247,-0.230689515,0.34133461,0.077334342,1.728,26.64,232.8,-0.6,2.1,-41.23431935,0.349985595,Varari,Dry
8/13/2021 5:25,0.234820281,-0.251703993,0.341656706,0.042025703,1.6,26.64,232.7,-0.6,2.1,-46.98752142,0.344231702,Varari,Dry
8/13/2021 5:35,0.127859623,-0.160282156,0.204824989,0.00922912,1.765,26.63,232.9,-0.6,2.1,-51.4200794,0.205032809,Varari,Dry
8/13/2021 5:45,0.069666062,-0.253060865,0.245679225,-0.092384416,1.586,26.62,232.8,-0.6,2.1,-74.6081052,0.262475069,Varari,Dry
8/13/2021 5:55,0.240265019,-0.256800684,0.348980352,0.043434829,1.662,26.62,232.9,-0.6,2.1,-46.90533073,0.35167296,Varari,Dry
8/13/2021 6:05,0.131485348,-0.123975202,0.177583194,0.033503086,1.63,26.61,232.8,-0.6,2.2,-43.31607752,0.180715931,Varari,Dry
8/13/2021 6:15,0.147616015,-0.222268848,0.266585792,-0.011222486,1.585,26.61,232.8,-0.6,2.2,-56.41056229,0.266821905,Varari,Dry
8/13/2021 6:25,0.237341138,-0.251089868,0.342641591,0.044426093,1.592,26.6,232.8,-0.6,2.2,-46.61237966,0.345509678,Varari,Dry
8/13/2021 6:35,0.13793564,-0.058824101,0.128666233,0.077016338,1.648,26.6,232.8,-0.6,2.2,-23.09633259,0.149955046,Varari,Dry
8/13/2021 6:45,0.135925278,-0.159476458,0.208914039,0.01622795,1.593,26.6,232.8,-0.6,2.2,-49.55831814,0.209543365,Varari,Dry
8/13/2021 6:55,0.161346261,0.060683935,0.045742618,0.166200989,1.617,26.58,232.8,-0.6,2.1,20.61178004,0.172380845,Varari,Dry
8/13/2021 7:05,0.175321162,-0.260318794,0.313653522,-0.011173748,1.661,26.58,232.8,-0.6,2.1,-56.04027035,0.313852488,Varari,Dry
8/13/2021 7:15,-0.075892752,-0.220983728,0.134170951,-0.191289503,1.642,26.58,232.8,-0.6,2.2,251.045919,0.233652558,Varari,Dry
8/13/2021 7:25,0.126421422,-0.111574903,0.16457464,0.036694996,1.71,26.58,232.8,-0.6,2.2,-41.4304406,0.168615939,Varari,Dry
8/13/2021 7:35,0.428643712,-0.052344876,0.294298347,0.316012501,1.91,26.58,232.7,-0.6,2.4,-6.962341926,0.431827995,Varari,Dry
8/13/2021 7:45,0.04204711,-0.133725421,0.132900809,-0.044585004,1.688,26.58,232.8,-0.6,2.7,-72.54535608,0.140180054,Varari,Dry
8/13/2021 7:55,-0.042878814,-0.076161592,0.036412488,-0.07945635,1.632,26.58,232.7,-0.6,2.6,240.6205814,0.087402407,Varari,Dry
8/13/2021 8:05,0.175175568,-0.199864911,0.264659725,0.024242364,1.683,26.59,232.7,-0.6,2.6,-48.76641198,0.265767685,Varari,Dry
8/13/2021 8:15,-0.313253746,-0.204142951,-0.018970815,-0.37341982,1.862,26.6,232.8,-0.6,2.6,213.0917078,0.373901396,Varari,Dry
8/13/2021 8:25,0.032038368,-0.119280415,0.115331563,-0.044191685,1.902,26.63,232.8,-0.6,2.6,-74.96537252,0.123508196,Varari,Dry
8/13/2021 8:35,0.189906925,-0.120870287,0.209410605,0.082592157,1.828,26.66,232.7,-0.6,2.6,-32.47557829,0.225109454,Varari,Dry
8/13/2021 8:45,0.114535913,-0.151671155,0.190027063,0.003511432,1.76,26.68,232.9,-0.6,2.8,-52.94137534,0.190059503,Varari,Dry
8/13/2021 8:55,0.218013327,-0.01968743,0.144072484,0.164804506,1.895,26.69,232.8,-0.6,2.8,-5.160030062,0.218900447,Varari,Dry
8/13/2021 9:05,0.21769994,-0.299241379,0.370052175,0.000233281,1.721,26.73,232.8,-0.6,2.8,-53.96388068,0.370052249,Varari,Dry
8/13/2021 9:15,0.163288073,-0.16466996,0.229199118,0.035312252,1.872,26.75,232.8,-0.6,2.8,-45.24142063,0.231903408,Varari,Dry
8/13/2021 9:25,0.158507301,-0.274015798,0.314851691,-0.032827345,1.673,26.78,232.7,-0.6,2.8,-59.95231655,0.316558402,Varari,Dry
8/13/2021 9:35,0.200355563,-0.16700142,0.252873032,0.063930084,1.86,26.8,232.8,-0.6,2.8,-39.81205976,0.260829113,Varari,Dry
8/13/2021 9:45,0.294187577,-0.241574127,0.368356693,0.09600904,1.631,26.83,232.9,-0.6,2.8,-39.39136145,0.380663092,Varari,Dry
8/13/2021 9:55,0.264348396,-0.21410992,0.328598653,0.088011692,1.92,26.84,233.1,-0.6,3.2,-39.00586527,0.340181029,Varari,Dry
8/13/2021 10:05,0.017496434,-0.360971889,0.302316538,-0.19801904,1.953,26.89,232.9,-0.6,3.3,-87.2250253,0.361395669,Varari,Dry
8/13/2021 10:15,0.188706867,-0.140274945,0.224403928,0.070215518,1.801,26.91,233,-0.6,3.3,-36.62520791,0.235132605,Varari,Dry
8/13/2021 10:25,0.191495865,-0.264207035,0.326306427,-0.00037359,1.789,26.93,232.8,-0.6,3.2,-54.06559814,0.326306641,Varari,Dry
8/13/2021 10:35,0.292383211,0.013434078,0.160990142,0.244439339,1.992,26.96,232.9,-0.6,3.3,2.630708483,0.292691675,Varari,Dry
8/13/2021 10:45,0.302230588,0.103950138,0.093549254,0.305610041,1.811,26.96,232.8,-0.6,3.2,18.98030402,0.319607509,Varari,Dry
8/13/2021 10:55,0.121144511,0.046929935,0.033239842,0.125592692,1.915,26.98,233.1,-0.6,3.2,21.17577201,0.12991694,Varari,Dry
8/13/2021 11:05,-0.305776093,0.126116734,-0.281761259,-0.173248499,2.181,26.98,233.1,-0.6,3.2,157.5863993,0.330763434,Varari,Dry
8/13/2021 11:15,0.237903034,-0.163713697,0.272283058,0.096239101,1.889,26.99,232.9,-0.6,3.2,-34.53392282,0.288790631,Varari,Dry
8/13/2021 11:25,0.227459588,0.044657658,0.097568587,0.210267785,2.252,27,233,-0.6,3.3,11.10772801,0.231802007,Varari,Dry
8/13/2021 11:35,0.130374342,-0.323932318,0.338698866,-0.084927581,1.882,27.02,233.1,-0.6,3.3,-68.07649579,0.349184214,Varari,Dry
8/13/2021 11:45,0.154200778,-0.092970576,0.165851719,0.070104317,1.834,27.05,233.1,-0.6,3.2,-31.08657267,0.180059457,Varari,Dry
8/13/2021 11:55,0.168881765,-0.267741211,0.3158734,-0.020746118,1.675,27.07,233,-0.6,3.2,-57.75770867,0.316553955,Varari,Dry
8/13/2021 12:05,0.255380889,0.090000785,0.077296956,0.259508613,2.095,27.1,233.1,-0.6,3.2,19.41336754,0.270775811,Varari,Dry
8/13/2021 12:15,0.033401964,-0.223476472,0.200429446,-0.104333418,1.991,27.14,233.1,-0.6,3.2,-81.49920214,0.225958901,Varari,Dry
8/13/2021 12:25,0.229390451,-0.353274805,0.420637644,-0.022068947,1.858,27.16,233,-0.6,3.2,-57.00329577,0.421216175,Varari,Dry
8/13/2021 12:35,-0.213596658,-0.131459054,-0.019196356,-0.250073019,2.342,27.16,233.2,-1.6,4.1,211.6104123,0.250808722,Varari,Dry
8/13/2021 12:45,0.176966342,-0.058123505,0.151041109,0.109004639,2.212,27.18,233.2,-1.6,4,-18.18244742,0.186267088,Varari,Dry
8/13/2021 12:55,-0.000517435,-0.094677353,0.076291447,-0.056068566,1.834,27.2,232.9,-1.5,1.8,269.6868677,0.094678767,Varari,Dry
8/13/2021 13:05,0.256928223,-0.193880571,0.307871297,0.093899159,1.927,27.22,232.8,-1.5,1.9,-37.03856426,0.321872316,Varari,Dry
8/13/2021 13:15,0.224134495,0.006562832,0.126433508,0.185186152,1.873,27.22,234.1,-1.6,-4.3,1.677185726,0.224230557,Varari,Dry
8/13/2021 13:25,0.355745448,-0.183945213,0.357916731,0.17968383,2.043,27.24,235,-1.7,-1.9,-27.34211754,0.400488033,Varari,Dry
8/13/2021 13:35,0.179112796,-0.261236227,0.316624407,-0.008645505,1.947,27.25,235.1,-1.7,-2.1,-55.56408632,0.316742419,Varari,Dry
8/13/2021 13:45,0.027723984,-0.230395584,0.202689692,-0.112993952,2.145,27.25,235.8,-1.8,-1.8,-83.13846951,0.232057632,Varari,Dry
8/13/2021 13:55,-0.175671453,-0.221204945,0.075701471,-0.272142195,2.073,27.25,235.8,-1.8,-1.8,231.5449085,0.282474932,Varari,Dry
8/13/2021 14:05,-0.070703126,-0.260213749,0.16895909,-0.210149835,1.967,27.27,235.8,-1.8,-1.8,254.7990536,0.269648154,Varari,Dry
8/13/2021 14:15,0.39776584,0.025986412,0.212777445,0.337073754,1.935,27.27,235.8,-1.8,-1.8,3.73787466,0.398613794,Varari,Dry
8/13/2021 14:25,-0.055381102,-0.122199544,0.066309313,-0.116631343,2.26,27.27,237,-1.8,-1.9,245.6198617,0.134163315,Varari,Dry
8/13/2021 14:35,-0.00574754,-0.292263497,0.233067817,-0.176438031,2.012,27.29,237,-1.8,-1.7,268.8733887,0.292320006,Varari,Dry
8/13/2021 14:45,0.206392122,-0.243058725,0.317952885,0.0241084,2.089,27.29,236.9,-1.8,-1.9,-49.66391255,0.31886557,Varari,Dry
8/13/2021 14:55,0.074511702,-0.104273672,0.128156052,-0.001009294,2.044,27.31,245.3,-3,9.9,-54.45122382,0.128160026,Varari,Dry
8/13/2021 15:05,0.110586306,-0.293998329,0.302850645,-0.083341681,2.188,27.32,246.2,-3.3,10.3,-69.38640896,0.314108817,Varari,Dry
8/13/2021 15:15,0.266216801,-0.073401762,0.215861582,0.172229443,2.085,27.31,249,-3.9,10.7,-15.41468991,0.27615069,Varari,Dry
8/13/2021 15:25,0.204961973,-0.083476175,0.188007269,0.116751655,1.856,27.3,249.2,-4,10.9,-22.159908,0.22130902,Varari,Dry
8/13/2021 15:35,0.333194695,-0.131275441,0.302050991,0.192398402,1.947,27.31,249.3,-3.9,10.9,-21.50395374,0.358122808,Varari,Dry
8/13/2021 15:45,0.297987422,-0.22430063,0.356615633,0.109236286,1.865,27.32,249.3,-3.9,10.3,-36.96945131,0.372970878,Varari,Dry
8/13/2021 15:55,0.069077254,-0.248742938,0.241839855,-0.090322758,1.923,27.32,249.1,-4,10.2,-74.47973966,0.258156379,Varari,Dry
8/13/2021 16:05,0.175968388,-0.107783308,0.190630152,0.079007978,1.985,27.32,249.3,-4,10.7,-31.4881016,0.206354344,Varari,Dry
8/13/2021 16:15,0.153593576,-0.317090991,0.346812039,-0.062121595,1.943,27.29,249.3,-4,10.9,-64.15522801,0.35233178,Varari,Dry
8/13/2021 16:25,0.322711044,0.152980675,0.065920827,0.350998504,1.955,27.28,250.6,-4.3,10.9,25.36321913,0.357135136,Varari,Dry
8/13/2021 16:35,0.157349677,-0.193282476,0.248856628,0.013689973,2,27.25,250.8,-4.3,10.8,-50.85124765,0.249232896,Varari,Dry
8/13/2021 16:45,0.408623044,-0.231166286,0.427200053,0.194706853,2.172,27.23,250.8,-4.3,10.6,-29.49771531,0.46947912,Varari,Dry
8/13/2021 16:55,-0.008135976,-0.221787007,0.174647251,-0.136945274,1.883,27.21,250.9,-4.3,11,267.8991189,0.221936186,Varari,Dry
8/13/2021 17:05,0.092888697,-0.272189268,0.27480435,-0.084840303,1.928,27.17,250.8,-4.3,10.6,-71.15701798,0.28760269,Varari,Dry
8/13/2021 17:15,-0.066912437,-0.200598475,0.122957431,-0.172042124,2.233,27.11,250.9,-4.3,10.7,251.5531555,0.211463998,Varari,Dry
8/13/2021 17:25,0.118036311,-0.165426383,0.203212758,-0.001741807,2.06,27.08,252.7,-4,15.6,-54.49109002,0.203220223,Varari,Dry
8/13/2021 17:35,0.187904763,-0.331539791,0.378668973,-0.042856053,1.884,27.07,252.4,-4,16.8,-60.45700387,0.381086385,Varari,Dry
8/13/2021 17:45,0.195544545,-0.224346019,0.296437942,0.026331578,1.772,27.04,252.2,-4,16.2,-48.92393236,0.297605117,Varari,Dry
8/13/2021 17:55,0.161610767,-0.187690164,0.246836958,0.020424346,2.065,27.02,251.9,-4.2,17.9,-49.26987747,0.247680515,Varari,Dry
8/13/2021 18:05,0.259352321,-0.21425696,0.325780992,0.083883354,1.905,27,252,-4.2,17.8,-39.56090096,0.336407003,Varari,Dry
8/13/2021 18:15,-0.191906372,-0.205138299,0.053160635,-0.275832783,1.88,26.97,252.1,-4.2,17.7,226.9087352,0.280908842,Varari,Dry
8/13/2021 18:25,0.103319764,-0.297718585,0.301589228,-0.091407149,2.128,26.94,252.1,-4.2,17.7,-70.86126515,0.315137001,Varari,Dry
8/13/2021 18:35,0.172791505,-0.320243817,0.360646988,-0.048443329,1.957,26.91,253.5,-4.5,17.7,-61.65037174,0.36388598,Varari,Dry
8/13/2021 18:45,0.116872343,-0.107216667,0.155435946,0.031531336,1.894,26.89,253.5,-4.5,17.6,-42.5327326,0.158601886,Varari,Dry
8/13/2021 18:55,0.247712344,-0.18541349,0.295604327,0.091420181,1.838,26.87,253.6,-4.5,17.6,-36.81497281,0.309418111,Varari,Dry
8/13/2021 19:05,0.038655796,-0.082498219,0.089463768,-0.017218041,1.83,26.86,253.6,-4.5,17.6,-64.89384588,0.09110558,Varari,Dry
8/13/2021 19:15,-0.08663262,-0.274589491,0.171226189,-0.231486915,1.853,26.85,253.6,-4.5,17.6,252.4895838,0.287931588,Varari,Dry
8/13/2021 19:25,0.176050742,-0.190430951,0.257541906,0.030495538,1.995,26.84,253.5,-4.5,17.5,-47.24705033,0.25934111,Varari,Dry
8/13/2021 19:35,0.357757976,-0.064258145,0.262270793,0.251662292,1.886,26.84,253.4,-4.4,17.4,-10.1825197,0.363482982,Varari,Dry
8/13/2021 19:45,0.20658902,-0.226626471,0.304774646,0.03392633,2.127,26.83,253.9,-4.6,18.5,-47.64820576,0.306657106,Varari,Dry
8/13/2021 19:55,0.179915106,-0.135805675,0.215620545,0.065729806,1.771,26.83,253.6,-4.4,16.1,-37.04667217,0.225416563,Varari,Dry
8/13/2021 20:05,0.163144464,-0.177817997,0.239751692,0.027467848,1.866,26.82,253.7,-4.4,16.1,-47.46423913,0.241320029,Varari,Dry
8/13/2021 20:15,0.11160968,-0.268244355,0.282616766,-0.067375948,1.664,26.82,253.7,-4.4,17,-67.40904268,0.290537011,Varari,Dry
8/13/2021 20:25,0.367609534,0.00574345,0.211428914,0.300778275,2.044,26.82,253.8,-4.4,16.1,0.895103777,0.367654398,Varari,Dry
8/13/2021 20:35,0.182025441,-0.297739216,0.347867956,-0.027745045,2.013,26.82,253.8,-4.4,16.6,-58.56010964,0.348972638,Varari,Dry
8/13/2021 20:45,0.279501504,-0.150338799,0.285913505,0.137754537,1.789,26.82,254,-4.5,17.1,-28.27500344,0.317368627,Varari,Dry
8/13/2021 20:55,0.303250345,-0.254214807,0.38391018,0.095910968,1.996,26.81,254,-4.5,17.1,-39.97310851,0.395709413,Varari,Dry
8/13/2021 21:05,0.026133303,-0.236536725,0.206723001,-0.117890513,1.939,26.81,254,-4.5,17.1,-83.69535621,0.23797599,Varari,Dry
8/13/2021 21:15,0.133023472,0.012237476,0.068288909,0.114811258,1.894,26.8,254.1,-4.5,17.1,5.256123186,0.133585179,Varari,Dry
8/13/2021 21:25,0.091044062,-0.122855016,0.152906153,0.001443827,1.732,26.8,254,-4.5,17.1,-53.45899657,0.152912969,Varari,Dry
8/13/2021 21:35,0.018720669,-0.111318962,0.101062665,-0.050286305,1.787,26.8,253.9,-4.5,17,-80.45381187,0.112882128,Varari,Dry
8/13/2021 21:45,0.001498694,-0.246296685,0.200139115,-0.14355709,1.864,26.79,254,-4.5,17.1,-89.65136436,0.246301245,Varari,Dry
8/13/2021 21:55,-0.023014878,-0.269986722,0.20489604,-0.177313641,1.743,26.79,253.9,-4.5,17,265.1276301,0.270965892,Varari,Dry
8/13/2021 22:05,0.139717471,-0.189952297,0.235798505,0.00138265,1.703,26.78,254,-4.5,17,-53.66403903,0.235802559,Varari,Dry
8/13/2021 22:15,0.220508524,-0.348384225,0.411460417,-0.026379966,1.887,26.78,254,-4.5,17.1,-57.66838416,0.4123052,Varari,Dry
8/13/2021 22:25,-0.047344119,0.050169583,-0.068416221,-0.008813256,1.832,26.78,253.9,-4.5,17,133.3403167,0.068981539,Varari,Dry
8/13/2021 22:35,0.392915391,0.040477012,0.198203281,0.34166702,1.981,26.78,254,-4.5,17,5.88169824,0.394994801,Varari,Dry
8/13/2021 22:45,0.250884727,-0.163850403,0.280024103,0.106661157,1.907,26.78,254,-4.5,17,-33.14816703,0.299649964,Varari,Dry
8/13/2021 22:55,0.237225333,-0.066014037,0.19284403,0.153117248,1.986,26.79,254,-4.5,17.2,-15.55059102,0.246239135,Varari,Dry
8/13/2021 23:05,0.094030781,-0.324334457,0.317661994,-0.114566511,1.89,26.79,253.9,-4.5,17,-73.83211227,0.337690136,Varari,Dry
8/13/2021 23:15,-0.148150356,-0.118725215,0.008970123,-0.189641086,1.903,26.8,254,-4.5,17.1,218.7081019,0.189853114,Varari,Dry
8/13/2021 23:25,0.042939143,-0.04901514,0.064893076,0.00592812,1.731,26.81,254,-4.5,17,-48.78039646,0.065163287,Varari,Dry
8/13/2021 23:35,0.051873568,-0.357371918,0.319610473,-0.168091345,1.919,26.8,254,-4.5,17.1,-81.74103325,0.361117093,Varari,Dry
8/13/2021 23:45,0.227261113,-0.151949477,0.25651044,0.094544441,1.838,26.81,254,-4.5,17.1,-33.76715708,0.273379328,Varari,Dry
8/13/2021 23:55,0.0983289,-0.16323563,0.189856676,-0.016397745,1.835,26.82,254.1,-4.5,17.1,-58.93633327,0.19056349,Varari,Dry
8/14/2021 0:05,0.122875853,0.004040026,0.068956164,0.101783321,1.937,26.82,254,-4.5,17,1.883145485,0.122942251,Varari,Dry
8/14/2021 0:15,0.352149263,-0.171878491,0.346040764,0.183867096,1.93,26.82,254,-4.5,17,-26.01627218,0.391856248,Varari,Dry
8/14/2021 0:25,0.252629012,-0.211239552,0.319387995,0.080217671,1.801,26.82,254,-4.5,17.1,-39.90118944,0.329307707,Varari,Dry
8/14/2021 0:35,0.22562788,-0.201037878,0.2952638,0.064369689,1.89,26.82,254.1,-4.5,17,-41.70152461,0.302198889,Varari,Dry
8/14/2021 0:45,0.128174574,-0.203883261,0.240284147,-0.016144165,1.826,26.82,254.1,-4.5,17,-57.84380088,0.240825882,Varari,Dry
8/14/2021 0:55,0.148646236,-0.311327646,0.339241422,-0.062736468,1.819,26.81,254.1,-4.5,17,-64.47743026,0.344993633,Varari,Dry
8/14/2021 1:05,0.12557817,-0.371681014,0.374509253,-0.116873745,2.015,26.82,254,-4.5,17,-71.33166615,0.392322129,Varari,Dry
8/14/2021 1:15,0.209046251,-0.013614652,0.133888789,0.161119478,1.934,26.82,254,-4.5,17,-3.726266419,0.209489126,Varari,Dry
8/14/2021 1:25,-0.015086914,-0.126882355,0.093782116,-0.086785146,1.805,26.82,253.9,-4.5,17,263.2190975,0.127776159,Varari,Dry
8/14/2021 1:35,0.147104191,-0.123649706,0.186500388,0.046330316,1.8,26.82,254,-4.5,17,-40.04902222,0.192168917,Varari,Dry
8/14/2021 1:45,0.102443663,-0.129183009,0.164726124,0.006946797,1.751,26.81,254.1,-4.5,17,-51.58516483,0.164872538,Varari,Dry
8/14/2021 1:55,0.193430196,-0.046854177,0.151601242,0.128948122,1.915,26.81,253.9,-4.5,17,-13.61636562,0.199024006,Varari,Dry
8/14/2021 2:05,0.225034516,-0.171353689,0.270900016,0.081337577,1.819,26.81,254,-4.5,16.9,-37.28764517,0.282847344,Varari,Dry
8/14/2021 2:15,0.309695592,-0.313262931,0.435469536,0.066417666,1.877,26.81,254,-4.5,17,-45.32809766,0.440505418,Varari,Dry
8/14/2021 2:25,0.072570153,-0.228104002,0.22719568,-0.075365681,1.811,26.8,253.9,-4.5,17,-72.35179018,0.23936972,Varari,Dry
8/14/2021 2:35,-0.05635632,-0.252410644,0.171079087,-0.193956474,1.938,26.8,254,-4.5,17,257.4138681,0.258625536,Varari,Dry
8/14/2021 2:45,0.22991384,0.059949457,0.086639835,0.22124161,1.972,26.8,254,-4.5,17,14.61432508,0.23760116,Varari,Dry
8/14/2021 2:55,0.070744384,-0.269110344,0.259297347,-0.100945683,2.032,26.8,254,-4.5,17,-75.27119842,0.278253742,Varari,Dry
8/14/2021 3:05,0.056084614,-0.134492355,0.14177231,-0.033679217,1.959,26.8,254,-4.5,17.1,-67.36339101,0.145717801,Varari,Dry
8/14/2021 3:15,0.183965573,-0.144038917,0.224662182,0.064167324,1.858,26.8,254.1,-4.5,16.8,-38.05976104,0.233646189,Varari,Dry
8/14/2021 3:25,0.172338144,-0.264518457,0.315297746,-0.01605556,1.82,26.8,254,-4.5,16.7,-56.91509202,0.315706272,Varari,Dry
8/14/2021 3:35,-0.036553783,-0.138249314,0.09036027,-0.110833539,1.811,26.8,254,-4.5,16.7,255.1896422,0.143000181,Varari,Dry
8/14/2021 3:45,0.095396123,-0.191894644,0.211318462,-0.035615757,1.734,26.79,254,-4.5,16.7,-63.56676141,0.214298797,Varari,Dry
8/14/2021 3:55,0.254257665,-0.07833495,0.212823212,0.159654643,1.871,26.79,254.1,-4.5,16.7,-17.12368741,0.266051357,Varari,Dry
8/14/2021 4:05,0.254388185,-0.11474853,0.242359134,0.138356871,1.797,26.78,254,-4.5,16.7,-24.27901651,0.279070912,Varari,Dry
8/14/2021 4:15,0.252985216,-0.168915252,0.285356288,0.105383445,1.749,26.78,254.1,-4.5,16.7,-33.73057025,0.304193823,Varari,Dry
8/14/2021 4:25,0.013713596,-0.044912288,0.044395454,-0.015304249,1.926,26.78,254.1,-4.5,16.8,-73.02038277,0.046959305,Varari,Dry
8/14/2021 4:35,0.098792447,-0.159024984,0.186722658,-0.013547772,1.777,26.77,254,-4.5,16.8,-58.14985692,0.187213496,Varari,Dry
8/14/2021 4:45,0.121877444,-0.256872205,0.279451743,-0.05238477,1.803,26.76,254.2,-4.5,16.7,-64.61719292,0.284319259,Varari,Dry
8/14/2021 4:55,0.359236483,-0.163420378,0.343363769,0.194572332,1.827,26.76,254.1,-4.5,16.8,-24.46127724,0.394660703,Varari,Dry
8/14/2021 5:05,0.205766687,-0.235568553,0.311525587,0.028005026,1.745,26.75,254,-4.5,16.8,-48.8631242,0.312781829,Varari,Dry
8/14/2021 5:15,0.334726868,-0.167127342,0.331956377,0.172564738,1.766,26.75,254.1,-4.5,16.7,-26.53271224,0.374130491,Varari,Dry
8/14/2021 5:25,-0.003841119,-0.22872617,0.182785606,-0.1375494,1.73,26.74,254.1,-4.5,16.8,269.0378924,0.228758421,Varari,Dry
8/14/2021 5:35,0.179660895,-0.009845425,0.113567141,0.139561722,1.671,26.74,254.1,-4.5,16.7,-3.136673934,0.179930458,Varari,Dry
8/14/2021 5:45,0.291381021,-0.284651703,0.401557532,0.068418125,1.665,26.73,254,-4.5,16.7,-44.33069085,0.407344439,Varari,Dry
8/14/2021 5:55,0.080114422,-0.340658516,0.322688605,-0.135420123,1.784,26.73,254,-4.5,16.8,-76.76593829,0.349952205,Varari,Dry
8/14/2021 6:05,-0.022460998,-0.13604733,0.096862359,-0.098137943,1.611,26.72,254.1,-4.5,16.8,260.625208,0.137888986,Varari,Dry
8/14/2021 6:15,0.030229513,-0.093774337,0.093633494,-0.030662982,1.789,26.71,254,-4.5,16.8,-72.13252326,0.098526391,Varari,Dry
8/14/2021 6:25,-0.072880191,-0.288848346,0.190845319,-0.228742112,1.752,26.71,254.1,-4.5,16.8,255.8390953,0.297900805,Varari,Dry
8/14/2021 6:35,0.145251593,-0.247958614,0.285979477,-0.02823541,1.667,26.71,254,-4.5,16.8,-59.63866906,0.28736997,Varari,Dry
8/14/2021 6:45,0.015322558,-0.034799021,0.037159373,-0.008058141,1.8,26.71,254.1,-4.5,16.8,-66.23534854,0.038023054,Varari,Dry
8/14/2021 6:55,0.182202904,-0.076240134,0.168775744,0.102592419,1.673,26.71,254.2,-4.5,16.8,-22.70615754,0.197510648,Varari,Dry
8/14/2021 7:05,0.078860438,-0.288335819,0.27962158,-0.105680107,1.775,26.72,254,-4.5,16.8,-74.70357111,0.298925598,Varari,Dry
8/14/2021 7:15,0.196722752,-0.310789327,0.36706458,-0.023525334,1.644,26.72,254.1,-4.5,16.9,-57.66709676,0.367817682,Varari,Dry
8/14/2021 7:25,0.240287003,-0.228325208,0.32595613,0.060190079,1.633,26.73,254.1,-4.5,16.8,-43.53778545,0.331466808,Varari,Dry
8/14/2021 7:35,-0.043679043,-0.272332939,0.194648078,-0.195410373,1.628,26.75,254,-4.5,16.8,260.8880265,0.275813503,Varari,Dry
8/14/2021 7:45,0.2542263,-0.260841489,0.360455667,0.052354616,1.798,26.75,254,-4.5,16.9,-45.73582858,0.364237963,Varari,Dry
8/14/2021 7:55,0.299542823,-0.104761386,0.260820596,0.180758037,1.736,26.76,254.1,-4.5,16.8,-19.27665111,0.317333974,Varari,Dry
8/14/2021 8:05,0.153323235,-0.162255544,0.221388629,0.028669686,1.702,26.76,254,-4.5,16.8,-46.62129735,0.223237264,Varari,Dry
8/14/2021 8:15,-0.011785656,-0.170193032,0.13076162,-0.109571751,1.692,26.77,254,-4.5,16.8,266.0386623,0.170600615,Varari,Dry
8/14/2021 8:25,0.246825927,-0.239231265,0.338622799,0.05906976,1.656,26.8,254,-4.5,16.8,-44.10482408,0.343736289,Varari,Dry
8/14/2021 8:35,0.181929345,-0.199028543,0.267952859,0.03019789,1.698,26.82,254,-4.5,16.9,-47.56998144,0.269649119,Varari,Dry
8/14/2021 8:45,0.279836045,-0.226217367,0.347497195,0.093424884,1.739,26.86,254.1,-4.5,16.9,-38.95181531,0.359836781,Varari,Dry
8/14/2021 8:55,0.261060348,-0.087938782,0.224591392,0.159513139,1.56,26.88,254,-4.5,16.8,-18.61621725,0.275473656,Varari,Dry
8/14/2021 9:05,-0.047304173,-0.232003244,0.159889872,-0.174637966,1.721,26.89,254.1,-4.5,16.8,258.4756758,0.236776667,Varari,Dry
8/14/2021 9:15,0.14903308,-0.235475841,0.278103403,-0.017838932,1.591,26.94,254,-4.5,16.9,-57.67020733,0.278674955,Varari,Dry
8/14/2021 9:25,0.174218921,-0.278589989,0.327787348,-0.022805019,1.661,26.94,254.1,-4.5,16.8,-57.9798036,0.328579693,Varari,Dry
8/14/2021 9:35,0.105823717,-0.282554467,0.290792985,-0.080468163,1.566,27,254.1,-4.5,16.8,-69.46781779,0.301721205,Varari,Dry
8/14/2021 9:45,0.260169553,-0.23253822,0.341051198,0.073799053,1.701,27,254.1,-4.5,16.9,-41.79018226,0.348944437,Varari,Dry
8/14/2021 9:55,0.210231999,-0.086196036,0.193305327,0.119416501,1.62,27.03,254.1,-4.5,16.8,-22.29384301,0.227216307,Varari,Dry
8/14/2021 10:05,0.21598826,-0.118205545,0.222585009,0.105258697,1.675,27.01,254.1,-4.5,16.8,-28.69090182,0.246218357,Varari,Dry
8/14/2021 10:15,0.121039688,-0.22102646,0.249959506,-0.031992929,1.61,27.02,254,-4.5,16.8,-61.29377054,0.251998615,Varari,Dry
8/14/2021 10:25,0.2031527,-0.185283668,0.269307797,0.055446979,1.624,27.06,254,-4.5,16.8,-42.36610964,0.274956464,Varari,Dry
8/14/2021 10:35,0.275573388,-0.024583601,0.181866524,0.208493676,1.669,27.12,254.1,-4.5,16.9,-5.097799303,0.276667754,Varari,Dry
8/14/2021 10:45,0.155945275,-0.330888184,0.359356497,-0.068328817,1.653,27.13,254.1,-4.5,16.8,-64.76582771,0.365794914,Varari,Dry
8/14/2021 10:55,0.352553162,-0.153929292,0.331756963,0.194744132,1.669,27.16,254,-4.5,16.8,-23.58670697,0.384692032,Varari,Dry
8/14/2021 11:05,0.2523956,0.048707788,0.108948983,0.232822049,1.619,27.19,254,-4.5,16.8,10.92277528,0.257052499,Varari,Dry
8/14/2021 11:15,0.098800586,-0.250497792,0.260730498,-0.067307554,1.648,27.18,254.1,-4.5,16.8,-68.47488111,0.269278108,Varari,Dry
8/14/2021 11:25,0.087794997,-0.177252461,0.195004857,-0.033158738,1.644,27.18,254.1,-4.5,16.9,-63.65030476,0.197803934,Varari,Dry
8/14/2021 11:35,-0.079681273,-0.207387892,0.120944852,-0.186363048,1.627,27.21,254,-4.5,16.9,248.9825399,0.222168501,Varari,Dry
8/14/2021 11:45,0.238356231,-0.035731531,0.169009693,0.171831775,1.722,27.22,254.2,-4.5,16.8,-8.525616161,0.241019574,Varari,Dry
8/14/2021 11:55,0.290565769,-0.179597197,0.316087459,0.129508061,1.743,27.23,254.1,-4.5,16.9,-31.71999643,0.341589841,Varari,Dry
8/14/2021 12:05,0.02697382,-0.192611378,0.171680692,-0.091391849,1.753,27.27,254.1,-4.5,16.9,-82.02798934,0.194490951,Varari,Dry
8/14/2021 12:15,0.180938489,-0.050577535,0.147271061,0.116653583,1.776,27.27,254.1,-4.5,16.9,-15.61721318,0.18787449,Varari,Dry
8/14/2021 12:25,0.126696317,-0.206739161,0.241725721,-0.019018756,1.686,27.27,254.1,-4.5,16.9,-58.49871133,0.242472756,Varari,Dry
8/14/2021 12:35,0.172179379,-0.173866233,0.241865237,0.037100037,1.593,27.27,254,-4.5,16.9,-45.279295,0.244694106,Varari,Dry
8/14/2021 12:45,0.219632869,-0.211352699,0.300084887,0.053456724,1.64,27.27,254.2,-4.5,16.9,-43.89935894,0.304809056,Varari,Dry
8/14/2021 12:55,0.193458292,-0.186593795,0.264669482,0.046833965,1.758,27.27,254.1,-4.5,16.9,-43.96523676,0.26878124,Varari,Dry
8/14/2021 13:05,0.176981829,-0.133091834,0.211700865,0.06495189,1.707,27.27,254.1,-4.5,16.9,-36.9434759,0.221440746,Varari,Dry
8/14/2021 13:15,0.011233428,-0.217831787,0.182832461,-0.118950278,1.625,27.27,254.1,-4.5,16.9,-87.04791309,0.218121245,Varari,Dry
8/14/2021 13:25,0.142504058,-0.213988341,0.256881988,-0.010490986,1.662,27.26,254.2,-4.5,16.9,-56.33864349,0.257096123,Varari,Dry
8/14/2021 13:35,0.232040058,-0.179516467,0.281621596,0.082207218,1.665,27.27,254.1,-4.5,16.8,-37.72712378,0.293374761,Varari,Dry
8/14/2021 13:45,0.22350923,-0.337410387,0.404346167,-0.017502084,1.751,27.28,254.1,-4.5,16.8,-56.47849504,0.404724778,Varari,Dry
8/14/2021 13:55,0.17783336,-0.2137192,0.277430291,0.018249217,1.691,27.31,254.1,-4.5,16.8,-50.23653593,0.278029855,Varari,Dry
8/14/2021 14:05,0.231827643,-0.1466426,0.254901226,0.101358145,1.722,27.33,254.1,-4.5,16.8,-32.31540355,0.274313887,Varari,Dry
8/14/2021 14:15,0.158707755,-0.252218136,0.297334836,-0.01985283,1.705,27.34,254.1,-4.5,16.8,-57.8199275,0.297996878,Varari,Dry
8/14/2021 14:25,0.150646059,-0.190873759,0.242967647,0.009682441,1.742,27.37,254,-4.5,16.8,-51.71792824,0.243160496,Varari,Dry
8/14/2021 14:35,0.036281047,-0.22533978,0.203629176,-0.103099415,1.716,27.36,254.4,-4.5,16,-80.8535334,0.228241825,Varari,Dry
8/14/2021 14:45,0.248782301,-0.179395298,0.291364412,0.095823199,1.71,27.34,254.4,-4.5,16,-35.79512801,0.306716981,Varari,Dry
8/14/2021 14:55,0.021936136,-0.242268776,0.208893294,-0.124655306,1.626,27.32,254.4,-4.5,16,-84.82628273,0.243259848,Varari,Dry
8/14/2021 15:05,0.127410435,-0.265042049,0.289313497,-0.0527106,1.624,27.33,254.3,-4.5,16.1,-64.32557708,0.294076022,Varari,Dry
8/14/2021 15:15,0.18989752,-0.261196191,0.322931119,0.000103052,1.736,27.34,254.4,-4.5,16,-53.98171602,0.322931136,Varari,Dry
8/14/2021 15:25,0.267483682,-0.195309058,0.315231311,0.101599061,1.693,27.33,254.3,-4.5,16.1,-36.13586734,0.33119956,Varari,Dry
8/14/2021 15:35,0.018039281,-0.171165243,0.149078814,-0.086014321,1.671,27.33,254.4,-4.5,16,-83.98374816,0.172113207,Varari,Dry
8/14/2021 15:45,0.144731402,-0.088589329,0.156741256,0.065018663,1.75,27.3,254.4,-4.5,16.1,-31.47058099,0.169691626,Varari,Dry
8/14/2021 15:55,-0.042773586,-0.072592469,0.033586858,-0.077273341,1.815,27.29,254.2,-4.5,16.5,239.4921756,0.084257025,Varari,Dry
8/14/2021 16:05,-0.073238165,0.004271755,-0.046504235,-0.056740046,1.763,27.27,254.3,-4.5,16.4,176.6618973,0.073362639,Varari,Dry
8/14/2021 16:15,0.39538439,-0.221312183,0.411446431,0.189788654,1.782,27.26,254.2,-4.5,16.4,-29.23745415,0.453109146,Varari,Dry
8/14/2021 16:25,0.151508164,-0.274081097,0.31079053,-0.038528147,1.704,27.25,254.3,-4.5,16.4,-61.0668015,0.313169557,Varari,Dry
8/14/2021 16:35,0.082575307,-0.079640463,0.112967036,0.019993337,1.729,27.23,254.3,-4.5,16.3,-43.96350487,0.114722643,Varari,Dry
8/14/2021 16:45,0.085102514,-0.163452787,0.182258085,-0.027225757,1.714,27.2,254.3,-4.5,16.4,-62.49603444,0.184280361,Varari,Dry
8/14/2021 16:55,0.311203581,-0.060511383,0.231875613,0.216201288,1.808,27.17,254.3,-4.5,16.3,-11.00346551,0.317032012,Varari,Dry
8/14/2021 17:05,0.202562631,-0.241942948,0.314799284,0.021666115,1.778,27.14,254.4,-4.5,16.4,-50.062817,0.31554399,Varari,Dry
8/14/2021 17:15,0.071822164,-0.249395026,0.243980823,-0.088485367,1.657,27.12,254.3,-4.5,16.4,-73.93436401,0.259530927,Varari,Dry
8/14/2021 17:25,0.126353529,-0.235182659,0.264535509,-0.036014747,1.774,27.09,254.3,-4.5,16.4,-61.75277381,0.266975837,Varari,Dry
8/14/2021 17:35,0.346319276,-0.14064574,0.317346157,0.197508688,1.679,27.06,254.4,-4.5,16.4,-22.10284959,0.373789065,Varari,Dry
8/14/2021 17:45,0.112339265,-0.208646616,0.234830022,-0.031755029,1.736,27.04,254.3,-4.5,16.4,-61.70114165,0.236967342,Varari,Dry
8/14/2021 17:55,0.034544436,-0.178403595,0.16463625,-0.076915966,1.713,27.01,254.3,-4.5,16.4,-79.0413843,0.181717255,Varari,Dry
8/14/2021 18:05,0.044544946,-0.017133266,0.040043965,0.025966937,1.853,27,254.4,-4.5,16.4,-21.03817698,0.047726313,Varari,Dry
8/14/2021 18:15,0.180116083,-0.239131491,0.299331017,0.005159009,1.684,26.98,254.3,-4.5,16.4,-53.01259763,0.299375472,Varari,Dry
8/14/2021 18:25,0.241945247,-0.178547272,0.286659625,0.090790363,1.667,26.97,254.3,-4.5,16.3,-36.42604994,0.300693583,Varari,Dry
8/14/2021 18:35,0.230257754,-0.177223542,0.278718969,0.082113052,1.65,26.96,254.3,-4.5,16.3,-37.58456437,0.290562931,Varari,Dry
8/14/2021 18:45,0.034897494,-0.26968446,0.238691544,-0.130283883,1.671,26.95,254.4,-4.5,16.4,-82.62682872,0.271932975,Varari,Dry
8/14/2021 18:55,0.260326618,-0.258269544,0.361960597,0.058801629,1.698,26.94,254.3,-4.5,16.4,-44.77273055,0.366705748,Varari,Dry
8/14/2021 19:05,0.122018704,-0.239352397,0.265360951,-0.041972604,1.712,26.92,254.2,-4.5,16.4,-62.98811119,0.268659885,Varari,Dry
8/14/2021 19:15,0.002864271,-0.273148432,0.2226653,-0.158235376,1.713,26.9,254.3,-4.5,16.4,-89.39921084,0.27316345,Varari,Dry
8/14/2021 19:25,0.231358877,-0.139753066,0.249051941,0.105028472,1.664,26.88,254.3,-4.5,16.4,-31.13420874,0.270292155,Varari,Dry
8/14/2021 19:35,0.243464763,-0.230591959,0.32965781,0.061428578,1.689,26.86,254.3,-4.5,16.4,-43.44454027,0.335332286,Varari,Dry
8/14/2021 19:45,0.067492489,-0.226216558,0.22268413,-0.078364187,1.647,26.85,254.4,-4.5,16.4,-73.3873462,0.236070259,Varari,Dry
8/14/2021 19:55,0.010812133,-0.284768361,0.236737656,-0.158635444,1.623,26.83,254.2,-4.5,16.4,-87.82562868,0.284973546,Varari,Dry
8/14/2021 20:05,0.015953113,-0.262876296,0.222048395,-0.141608471,1.699,26.82,254.3,-4.5,16.4,-86.52716354,0.263359922,Varari,Dry
8/14/2021 20:15,0.157183738,-0.078160744,0.155623653,0.081222583,1.655,26.82,254.2,-4.5,16.4,-26.43919214,0.17554438,Varari,Dry
8/14/2021 20:25,0.171943731,-0.277046721,0.325201494,-0.023738576,1.692,26.82,254.3,-4.5,16.4,-58.1749874,0.32606676,Varari,Dry
8/14/2021 20:35,0.106255063,-0.286788635,0.294472038,-0.082607979,1.673,26.82,254.3,-4.5,16.4,-69.67035436,0.305839598,Varari,Dry
8/14/2021 20:45,0.170569505,-0.290321309,0.335133112,-0.032652956,1.612,26.82,254.3,-4.5,16.4,-59.56492274,0.336720089,Varari,Dry
8/14/2021 20:55,0.239509598,-0.166211741,0.275248332,0.096070525,1.694,26.83,254.3,-4.5,16.4,-34.75936923,0.291532486,Varari,Dry
8/14/2021 21:05,0.194077594,-0.153739363,0.238453705,0.066646342,1.622,26.83,254.3,-4.5,16.4,-38.38464951,0.247592213,Varari,Dry
8/14/2021 21:15,0.304039632,-0.143223704,0.294580423,0.161788448,1.642,26.83,254.3,-4.5,16.4,-25.22368015,0.336085,Varari,Dry
8/14/2021 21:25,0.250506537,-0.221514302,0.326452883,0.072461206,1.679,26.83,254.3,-4.5,16.4,-41.48522195,0.334398133,Varari,Dry
8/14/2021 21:35,0.059051102,-0.102300518,0.117472224,-0.012357391,1.687,26.83,254.5,-4.5,16.4,-60.00509556,0.118120399,Varari,Dry
8/14/2021 21:45,0.135909012,-0.231393334,0.267086452,-0.026056889,1.696,26.83,254.3,-4.5,16.4,-59.57212855,0.268354494,Varari,Dry
8/14/2021 21:55,0.129798935,-0.158092402,0.20419334,0.012085162,1.738,26.83,254.4,-4.5,16.4,-50.61290633,0.204550657,Varari,Dry
8/14/2021 22:05,0.089970897,-0.208957893,0.221934053,-0.050034384,1.732,26.83,254.2,-4.5,16.4,-66.70476254,0.227504205,Varari,Dry
8/14/2021 22:15,0.098764787,-0.276360021,0.281632438,-0.082537954,1.747,26.83,254.3,-4.5,16.4,-70.33426585,0.293478013,Varari,Dry
8/14/2021 22:25,0.25217442,-0.114820644,0.241116258,0.13652351,1.656,26.82,254.4,-4.5,16.4,-24.48083376,0.277084317,Varari,Dry
8/14/2021 22:35,0.150212817,-0.241121424,0.283364208,-0.020202895,1.67,26.82,254.4,-4.5,16.4,-58.07809173,0.284083494,Varari,Dry
8/14/2021 22:45,0.063711233,-0.201299502,0.200303241,-0.066777408,1.7,26.81,254.4,-4.5,16.4,-72.437436,0.21114121,Varari,Dry
8/14/2021 22:55,0.026873141,-0.273736498,0.237253114,-0.139157449,1.679,26.8,254.3,-4.5,16.4,-84.39314985,0.275052424,Varari,Dry
8/14/2021 23:05,0.10784176,-0.076311805,0.125125343,0.042390863,1.72,26.79,254.4,-4.5,16.4,-35.28427826,0.132111078,Varari,Dry
8/14/2021 23:15,-0.008812289,-0.349270943,0.277386395,-0.212425601,1.724,26.79,254.4,-4.5,16.4,268.5547041,0.349382095,Varari,Dry
8/14/2021 23:25,0.098950963,-0.220492987,0.236544491,-0.049549516,1.739,26.78,254.3,-4.5,16.4,-65.83081753,0.241678403,Varari,Dry
8/14/2021 23:35,0.15532165,-0.253588495,0.296453177,-0.023397724,1.655,26.78,254.3,-4.5,16.4,-58.51274487,0.297375083,Varari,Dry
8/14/2021 23:45,0.097229545,-0.226044817,0.240024191,-0.054205456,1.635,26.78,254.3,-4.5,16.4,-66.72581951,0.246068779,Varari,Dry
8/14/2021 23:55,-0.057552418,-0.340764451,0.24185577,-0.246857203,1.753,26.77,254.3,-4.5,16.5,260.4136619,0.345590353,Varari,Dry
8/15/2021 0:05,0.319188656,-0.150870614,0.309671276,0.169549525,1.708,26.77,254.3,-4.5,16.9,-25.29865423,0.353048638,Varari,Dry
8/15/2021 0:15,0.08549682,-0.204788424,0.215931085,-0.051203235,1.781,26.76,254.3,-4.5,17,-67.34002287,0.221918915,Varari,Dry
8/15/2021 0:25,0.168532631,-0.215229045,0.273184951,0.009837304,1.749,26.76,254.3,-4.5,16.8,-51.9376881,0.273362012,Varari,Dry
8/15/2021 0:35,0.002067341,-0.229304325,0.186726248,-0.133109186,1.798,26.75,254.2,-4.5,16.8,-89.48345192,0.229313644,Varari,Dry
8/15/2021 0:45,0.091024797,-0.19232735,0.209099128,-0.039406572,1.689,26.75,254.2,-4.5,16.8,-64.67271586,0.212779988,Varari,Dry
8/15/2021 0:55,0.156482065,-0.13881847,0.204284351,0.0450012,1.791,26.75,254.1,-4.5,16.8,-41.57689401,0.209182227,Varari,Dry
8/15/2021 1:05,0.08402347,-0.178387889,0.193706591,-0.036877355,1.721,26.75,254.2,-4.5,16.8,-64.77883502,0.197185655,Varari,Dry
8/15/2021 1:15,0.181914896,-0.201663095,0.270075764,0.028637649,1.745,26.74,254.2,-4.5,16.8,-47.94722414,0.271589826,Varari,Dry
8/15/2021 1:25,0.398083207,-0.167288697,0.369326837,0.223726251,1.702,26.74,254.2,-4.5,16.8,-22.79387478,0.43180522,Varari,Dry
8/15/2021 1:35,0.17082379,-0.201337621,0.263293262,0.019856065,1.687,26.73,254.2,-4.5,16.7,-49.68724512,0.264040915,Varari,Dry
8/15/2021 1:45,0.028418951,-0.181543582,0.163576083,-0.083717226,1.644,26.73,254.1,-4.5,16.8,-81.10308522,0.18375448,Varari,Dry
8/15/2021 1:55,0.132110375,-0.314085903,0.331753364,-0.077735523,1.672,26.72,254.3,-4.5,16.9,-67.18747209,0.340739058,Varari,Dry
8/15/2021 2:05,0.089843949,-0.240696771,0.247536726,-0.068792731,1.672,26.72,254.2,-4.5,16.8,-69.53110072,0.256918023,Varari,Dry
8/15/2021 2:15,0.238594535,-0.093343376,0.215758727,0.138161174,1.656,26.72,254.1,-4.5,16.8,-21.36651904,0.256203704,Varari,Dry
8/15/2021 2:25,0.059727355,-0.158668256,0.163472174,-0.044942415,1.653,26.72,254.3,-4.5,16.7,-69.37220007,0.169537525,Varari,Dry
8/15/2021 2:35,0.1758702,-0.161497749,0.234028333,0.047355986,1.714,26.71,254.2,-4.5,16.7,-42.56057689,0.238771544,Varari,Dry
8/15/2021 2:45,0.162551195,-0.18016249,0.241299711,0.025609824,1.65,26.71,254.1,-4.5,16.8,-47.94171536,0.242654927,Varari,Dry
8/15/2021 2:55,0.078068789,-0.241606063,0.241351094,-0.078853504,1.667,26.7,254.2,-4.5,16.8,-72.09309491,0.253905938,Varari,Dry
8/15/2021 3:05,0.218301684,-0.19404778,0.285302462,0.062551349,1.663,26.7,254.2,-4.5,16.8,-41.63380884,0.292079041,Varari,Dry
8/15/2021 3:15,0.284356286,-0.152510663,0.29052415,0.140405549,1.681,26.7,254.2,-4.5,16.8,-28.2062847,0.322673209,Varari,Dry
8/15/2021 3:25,0.0893027,-0.223395128,0.233221265,-0.05906096,1.685,26.69,254.1,-4.5,17,-68.2108298,0.240583365,Varari,Dry
8/15/2021 3:35,0.106686504,-0.323814774,0.324680409,-0.104022354,1.718,26.69,254.2,-4.5,16.8,-71.76461858,0.340936971,Varari,Dry
8/15/2021 3:45,0.224900329,-0.123571065,0.232164188,0.109314939,1.703,26.68,254.2,-4.5,16.8,-28.78651171,0.256612482,Varari,Dry
8/15/2021 3:55,0.065154556,-0.139178879,0.150894966,-0.029096149,1.631,26.68,254.2,-4.5,16.8,-64.91404365,0.15367458,Varari,Dry
8/15/2021 4:05,0.127281082,-0.17171426,0.213733697,0.002041449,1.594,26.67,254.2,-4.5,16.8,-53.45276359,0.213743446,Varari,Dry
8/15/2021 4:15,0.239143352,-0.226685593,0.323957433,0.060228587,1.646,26.67,254.2,-4.5,16.8,-43.46809245,0.329508575,Varari,Dry
8/15/2021 4:25,0.206892031,-0.244122456,0.3191073,0.02388759,1.66,26.67,254.2,-4.5,16.8,-49.71896305,0.320000134,Varari,Dry
8/15/2021 4:35,0.179301937,-0.179342787,0.250482397,0.039643269,1.53,26.67,254.2,-4.5,16.8,-45.00652609,0.253600118,Varari,Dry
8/15/2021 4:45,0.155123069,-0.267850071,0.307874311,-0.031941123,1.629,26.68,254.2,-4.5,16.8,-59.92309096,0.309526779,Varari,Dry
8/15/2021 4:55,0.26494107,-0.216902606,0.331206348,0.086849675,1.607,26.67,254.3,-4.5,16.8,-39.30658496,0.342404017,Varari,Dry
8/15/2021 5:05,0.130425002,-0.260574945,0.287471452,-0.047646067,1.579,26.67,254.2,-4.5,16.8,-63.41076175,0.291393176,Varari,Dry
