Date,LoggerID,FullLoggerID,TempInSitu,ECond.mS.cm,Salinity_psu
2022-06-03T07:50:00Z,332,CT_332_VSled_20220604,25.94,60421.49296,39.68597047
2022-06-03T07:52:00Z,332,CT_332_VSled_20220604,25.94,60203.59296,39.52384073
2022-06-03T07:54:00Z,332,CT_332_VSled_20220604,25.96,59659.09296,39.10205955
2022-06-03T07:56:00Z,332,CT_332_VSled_20220604,25.86,58400.19296,38.25349097
2022-06-03T07:58:00Z,332,CT_332_VSled_20220604,25.95,60317.99296,39.6002588
2022-06-03T08:00:00Z,332,CT_332_VSled_20220604,26,61044.89296,40.09764082
2022-06-03T08:02:00Z,332,CT_332_VSled_20220604,25.99,61084.49296,40.13593892
2022-06-03T08:04:00Z,332,CT_332_VSled_20220604,25.89,58243.79296,38.11258992
2022-06-03T08:06:00Z,332,CT_332_VSled_20220604,25.9,58188.49296,38.06333537
2022-06-03T08:08:00Z,332,CT_332_VSled_20220604,25.94,59603.49296,39.07793209
2022-06-03T08:10:00Z,332,CT_332_VSled_20220604,26.03,60981.79296,40.02431545
2022-06-03T08:12:00Z,332,CT_332_VSled_20220604,26.06,61295.29296,40.23126991
2022-06-03T08:14:00Z,332,CT_332_VSled_20220604,25.99,59890.19296,39.24781207
2022-06-03T08:16:00Z,332,CT_332_VSled_20220604,26.03,61359.29296,40.30541199
2022-06-03T08:18:00Z,332,CT_332_VSled_20220604,26.01,60887.39296,39.97159621
2022-06-03T08:20:00Z,332,CT_332_VSled_20220604,25.95,58212.69296,38.03953363
2022-06-03T08:22:00Z,332,CT_332_VSled_20220604,26.13,61371.39296,40.22620701
2022-06-03T08:24:00Z,332,CT_332_VSled_20220604,26.05,60479.19296,39.63323572
2022-06-03T08:26:00Z,332,CT_332_VSled_20220604,26,60571.79296,39.74553549
2022-06-03T08:28:00Z,332,CT_332_VSled_20220604,26.01,60707.59296,39.83781493
2022-06-03T08:30:00Z,332,CT_332_VSled_20220604,26.05,60622.19296,39.73945337
2022-06-03T08:32:00Z,332,CT_332_VSled_20220604,26.06,60486.89296,39.63027293
2022-06-03T08:34:00Z,332,CT_332_VSled_20220604,26.05,61052.79296,40.05959515
2022-06-03T08:36:00Z,332,CT_332_VSled_20220604,26.01,59897.69296,39.2361801
2022-06-03T08:38:00Z,332,CT_332_VSled_20220604,25.94,47369.59296,30.17943089
2022-06-03T08:40:00Z,332,CT_332_VSled_20220604,25.89,45916.49296,29.17870712
2022-06-03T08:42:00Z,332,CT_332_VSled_20220604,25.89,42996.39296,27.11758015
2022-06-03T08:44:00Z,332,CT_332_VSled_20220604,25.94,45508.59296,28.85809618
2022-06-03T08:46:00Z,332,CT_332_VSled_20220604,25.83,46507.29296,29.63703305
2022-06-03T08:48:00Z,332,CT_332_VSled_20220604,25.94,48526.39296,31.00510703
2022-06-03T08:50:00Z,332,CT_332_VSled_20220604,25.95,50384.19296,32.33099512
2022-06-03T08:52:00Z,332,CT_332_VSled_20220604,25.98,52203.59296,33.62230348
2022-06-03T08:54:00Z,332,CT_332_VSled_20220604,26.04,58783.99296,38.38626146
2022-06-03T08:56:00Z,332,CT_332_VSled_20220604,25.93,55352.99296,35.95259287
2022-06-03T08:58:00Z,332,CT_332_VSled_20220604,25.95,56182.89296,36.54501918
2022-06-03T09:00:00Z,332,CT_332_VSled_20220604,25.95,50852.29296,32.66811412
2022-06-03T09:02:00Z,332,CT_332_VSled_20220604,25.99,49666.19296,31.78723338
2022-06-03T09:04:00Z,332,CT_332_VSled_20220604,26.03,50283.59296,32.20243208
2022-06-03T09:06:00Z,332,CT_332_VSled_20220604,25.99,48776.59296,31.15018435
2022-06-03T09:08:00Z,332,CT_332_VSled_20220604,25.96,47695.59296,30.39854118
2022-06-03T09:10:00Z,332,CT_332_VSled_20220604,26,48919.19296,31.24536659
2022-06-03T09:12:00Z,332,CT_332_VSled_20220604,26.01,49495.59296,31.65112614
2022-06-03T09:14:00Z,332,CT_332_VSled_20220604,26.09,47010.49296,29.82635465
2022-06-03T09:16:00Z,332,CT_332_VSled_20220604,26.06,48202.39296,30.6932568
2022-06-03T09:18:00Z,332,CT_332_VSled_20220604,26.19,50768.69296,32.43794346
2022-06-03T09:20:00Z,332,CT_332_VSled_20220604,25.93,46977.39296,29.90675715
2022-06-03T09:22:00Z,332,CT_332_VSled_20220604,26.05,47691.99296,30.33652039
2022-06-03T09:24:00Z,332,CT_332_VSled_20220604,26.08,48096.69296,30.60465206
2022-06-03T09:26:00Z,332,CT_332_VSled_20220604,26.17,44457.29296,27.97547861
2022-06-03T09:28:00Z,332,CT_332_VSled_20220604,26.09,42934.79296,26.95703755
2022-06-03T09:30:00Z,332,CT_332_VSled_20220604,26.19,42180.09296,26.37311422
2022-06-03T09:32:00Z,332,CT_332_VSled_20220604,26.09,42185.19296,26.43383849
2022-06-03T09:34:00Z,332,CT_332_VSled_20220604,26.14,41652.09296,26.03440707
2022-06-03T09:36:00Z,332,CT_332_VSled_20220604,26.2,42444.39296,26.55127123
2022-06-03T09:38:00Z,332,CT_332_VSled_20220604,26.17,41933.69296,26.21316645
2022-06-03T09:40:00Z,332,CT_332_VSled_20220604,26.2,41714.29296,26.0437988
2022-06-03T09:42:00Z,332,CT_332_VSled_20220604,26.3,41942.49296,26.14569027
2022-06-03T09:44:00Z,332,CT_332_VSled_20220604,26.28,41621.09296,25.93422667
2022-06-03T09:46:00Z,332,CT_332_VSled_20220604,26.27,41976.59296,26.18629803
2022-06-03T09:48:00Z,332,CT_332_VSled_20220604,26.28,42666.69296,26.65988586
2022-06-03T09:50:00Z,332,CT_332_VSled_20220604,26.23,42240.39296,26.39220932
2022-06-03T09:52:00Z,332,CT_332_VSled_20220604,26.3,42382.19296,26.4507339
2022-06-03T09:54:00Z,332,CT_332_VSled_20220604,26.28,41623.49296,25.93588916
2022-06-03T09:56:00Z,332,CT_332_VSled_20220604,26.3,42071.69296,26.23527295
2022-06-03T09:58:00Z,332,CT_332_VSled_20220604,26.32,41859.39296,26.07682766
2022-06-03T10:00:00Z,332,CT_332_VSled_20220604,26.28,41855.59296,26.09673364
2022-06-03T10:02:00Z,332,CT_332_VSled_20220604,26.33,41591.29296,25.88561877
2022-06-03T10:04:00Z,332,CT_332_VSled_20220604,26.37,41759.19296,25.97937906
2022-06-03T10:06:00Z,332,CT_332_VSled_20220604,26.37,41874.49296,26.05914616
2022-06-03T10:08:00Z,332,CT_332_VSled_20220604,26.37,41533.29296,25.82319315
2022-06-03T10:10:00Z,332,CT_332_VSled_20220604,26.32,41577.69296,25.88179688
2022-06-03T10:12:00Z,332,CT_332_VSled_20220604,26.4,41527.09296,25.80220589
2022-06-03T10:14:00Z,332,CT_332_VSled_20220604,26.42,41841.79296,26.0084543
2022-06-03T10:16:00Z,332,CT_332_VSled_20220604,26.4,41732.99296,25.94446189
2022-06-03T10:18:00Z,332,CT_332_VSled_20220604,26.44,42230.09296,26.26567733
2022-06-03T10:20:00Z,332,CT_332_VSled_20220604,26.42,42539.49296,26.4912619
2022-06-03T10:22:00Z,332,CT_332_VSled_20220604,26.4,42658.79296,26.58540761
2022-06-03T10:24:00Z,332,CT_332_VSled_20220604,26.5,42510.79296,26.42576583
2022-06-03T10:26:00Z,332,CT_332_VSled_20220604,26.5,42856.09296,26.66471809
2022-06-03T10:28:00Z,332,CT_332_VSled_20220604,26.48,42260.89296,26.26433161
2022-06-03T10:30:00Z,332,CT_332_VSled_20220604,26.47,42171.19296,26.20798212
2022-06-03T10:32:00Z,332,CT_332_VSled_20220604,26.54,42018.39296,26.0630734
2022-06-03T10:34:00Z,332,CT_332_VSled_20220604,26.54,42160.89296,26.16138835
2022-06-03T10:36:00Z,332,CT_332_VSled_20220604,26.62,42018.39296,26.01825318
2022-06-03T10:38:00Z,332,CT_332_VSled_20220604,26.59,41868.19296,25.93158634
2022-06-03T10:40:00Z,332,CT_332_VSled_20220604,26.57,41771.69296,25.87627648
2022-06-03T10:42:00Z,332,CT_332_VSled_20220604,26.57,41477.79296,25.67398006
2022-06-03T10:44:00Z,332,CT_332_VSled_20220604,26.59,41299.19296,25.54016355
2022-06-03T10:46:00Z,332,CT_332_VSled_20220604,26.59,41071.59296,25.38382094
2022-06-03T10:48:00Z,332,CT_332_VSled_20220604,26.58,40877.79296,25.25622839
2022-06-03T10:50:00Z,332,CT_332_VSled_20220604,26.66,40629.29296,25.04267303
2022-06-03T10:52:00Z,332,CT_332_VSled_20220604,26.67,40329.59296,24.83231516
2022-06-03T10:54:00Z,332,CT_332_VSled_20220604,26.63,40118.99296,24.70962559
2022-06-03T10:56:00Z,332,CT_332_VSled_20220604,26.67,39993.39296,24.6026386
2022-06-03T10:58:00Z,332,CT_332_VSled_20220604,26.66,39750.19296,24.44191886
2022-06-03T11:00:00Z,332,CT_332_VSled_20220604,26.68,39452.19296,24.2283128
2022-06-03T11:02:00Z,332,CT_332_VSled_20220604,26.68,39262.39296,24.0990628
2022-06-03T11:04:00Z,332,CT_332_VSled_20220604,26.69,39184.59296,24.04095032
2022-06-03T11:06:00Z,332,CT_332_VSled_20220604,26.74,38881.49296,23.809298
2022-06-03T11:08:00Z,332,CT_332_VSled_20220604,26.78,38795.39296,23.73050623
2022-06-03T11:10:00Z,332,CT_332_VSled_20220604,26.82,39019.99296,23.86241487
2022-06-03T11:12:00Z,332,CT_332_VSled_20220604,26.81,39218.59296,24.00226657
2022-06-03T11:14:00Z,332,CT_332_VSled_20220604,26.79,39200.99296,24.00060116
2022-06-03T11:16:00Z,332,CT_332_VSled_20220604,26.87,38983.19296,23.81196721
2022-06-03T11:18:00Z,332,CT_332_VSled_20220604,26.92,38827.59296,23.68128388
2022-06-03T11:20:00Z,332,CT_332_VSled_20220604,26.89,38857.79296,23.71691335
2022-06-03T11:22:00Z,332,CT_332_VSled_20220604,26.86,39027.59296,23.84714093
2022-06-03T11:24:00Z,332,CT_332_VSled_20220604,26.87,39211.99296,23.96698327
2022-06-03T11:26:00Z,332,CT_332_VSled_20220604,26.91,39413.39296,24.08292654
2022-06-03T11:28:00Z,332,CT_332_VSled_20220604,26.93,39565.49296,24.17569459
2022-06-03T11:30:00Z,332,CT_332_VSled_20220604,26.93,39708.69296,24.27278259
2022-06-03T11:32:00Z,332,CT_332_VSled_20220604,26.94,39776.09296,24.31329728
2022-06-03T11:34:00Z,332,CT_332_VSled_20220604,26.91,39762.59296,24.31974012
2022-06-03T11:36:00Z,332,CT_332_VSled_20220604,26.88,39746.79296,24.32462653
2022-06-03T11:38:00Z,332,CT_332_VSled_20220604,26.97,39713.19296,24.25508451
2022-06-03T11:40:00Z,332,CT_332_VSled_20220604,26.97,39559.99296,24.15130696
2022-06-03T11:42:00Z,332,CT_332_VSled_20220604,26.98,39582.29296,24.16124572
2022-06-03T11:44:00Z,332,CT_332_VSled_20220604,26.98,39708.69296,24.24685321
2022-06-03T11:46:00Z,332,CT_332_VSled_20220604,26.96,39868.59296,24.3656198
2022-06-03T11:48:00Z,332,CT_332_VSled_20220604,26.94,39932.09296,24.41912523
2022-06-03T11:50:00Z,332,CT_332_VSled_20220604,26.97,39977.49296,24.43425894
2022-06-03T11:52:00Z,332,CT_332_VSled_20220604,26.96,40033.29296,24.477341
2022-06-03T11:54:00Z,332,CT_332_VSled_20220604,27.02,40003.69296,24.4259208
2022-06-03T11:56:00Z,332,CT_332_VSled_20220604,26.98,40049.19296,24.47766364
2022-06-03T11:58:00Z,332,CT_332_VSled_20220604,26.94,40123.59296,24.54911891
2022-06-03T12:00:00Z,332,CT_332_VSled_20220604,26.97,40255.69296,24.6230447
2022-06-03T12:02:00Z,332,CT_332_VSled_20220604,26.97,40284.49296,24.64259932
2022-06-03T12:04:00Z,332,CT_332_VSled_20220604,27.01,40424.79296,24.7167505
2022-06-03T12:06:00Z,332,CT_332_VSled_20220604,26.98,40502.79296,24.78558854
2022-06-03T12:08:00Z,332,CT_332_VSled_20220604,27.01,40576.49296,24.81974921
2022-06-03T12:10:00Z,332,CT_332_VSled_20220604,26.93,40597.59296,24.87659259
2022-06-03T12:12:00Z,332,CT_332_VSled_20220604,27.03,40781.59296,24.94843188
2022-06-03T12:14:00Z,332,CT_332_VSled_20220604,26.94,40692.89296,24.93610974
2022-06-03T12:16:00Z,332,CT_332_VSled_20220604,27,41011.59296,25.12085122
2022-06-03T12:18:00Z,332,CT_332_VSled_20220604,26.94,41335.69296,25.37403121
2022-06-03T12:20:00Z,332,CT_332_VSled_20220604,27.02,41769.19296,25.62605492
2022-06-03T12:22:00Z,332,CT_332_VSled_20220604,26.97,41915.99296,25.75371439
2022-06-03T12:24:00Z,332,CT_332_VSled_20220604,26.94,41866.89296,25.73669455
2022-06-03T12:26:00Z,332,CT_332_VSled_20220604,27.11,42167.29296,25.84798332
2022-06-03T12:28:00Z,332,CT_332_VSled_20220604,26.92,42509.49296,26.1875551
2022-06-03T12:30:00Z,332,CT_332_VSled_20220604,26.97,42332.99296,26.03876259
2022-06-03T12:32:00Z,332,CT_332_VSled_20220604,27.07,42266.09296,25.93748759
2022-06-03T12:34:00Z,332,CT_332_VSled_20220604,26.97,42404.19296,26.08747544
2022-06-03T12:36:00Z,332,CT_332_VSled_20220604,27.11,42344.69296,25.96893705
2022-06-03T12:38:00Z,332,CT_332_VSled_20220604,26.97,42472.99296,26.13455812
2022-06-03T12:40:00Z,332,CT_332_VSled_20220604,27.05,42476.89296,26.09254834
2022-06-03T12:42:00Z,332,CT_332_VSled_20220604,27.15,42369.19296,25.96346755
2022-06-03T12:44:00Z,332,CT_332_VSled_20220604,27.11,42267.29296,25.9161552
2022-06-03T12:46:00Z,332,CT_332_VSled_20220604,27,42276.29296,25.98329905
2022-06-03T12:48:00Z,332,CT_332_VSled_20220604,27.12,42446.99296,26.03316211
2022-06-03T12:50:00Z,332,CT_332_VSled_20220604,27.06,42446.99296,26.06654897
2022-06-03T12:52:00Z,332,CT_332_VSled_20220604,27.02,42373.09296,26.03833409
2022-06-03T12:54:00Z,332,CT_332_VSled_20220604,27.17,42304.69296,25.90845696
2022-06-03T12:56:00Z,332,CT_332_VSled_20220604,27.28,42322.69296,25.86000337
2022-06-03T12:58:00Z,332,CT_332_VSled_20220604,27.35,43658.29296,26.72977506
2022-06-03T13:00:00Z,332,CT_332_VSled_20220604,27.07,43520.39296,26.79538535
2022-06-03T13:02:00Z,332,CT_332_VSled_20220604,27.3,43460.89296,26.62359731
2022-06-03T13:04:00Z,332,CT_332_VSled_20220604,27.41,44919.09296,27.55590837
2022-06-03T13:06:00Z,332,CT_332_VSled_20220604,27.35,44535.49296,27.32866498
2022-06-03T13:08:00Z,332,CT_332_VSled_20220604,27.44,45461.29296,27.9091945
2022-06-03T13:10:00Z,332,CT_332_VSled_20220604,27.4,45390.69296,27.88459841
2022-06-03T13:12:00Z,332,CT_332_VSled_20220604,27.32,45713.49296,28.1538279
2022-06-03T13:14:00Z,332,CT_332_VSled_20220604,27.31,45362.49296,27.91877057
2022-06-03T13:16:00Z,332,CT_332_VSled_20220604,27.37,45819.49296,28.19660065
2022-06-03T13:18:00Z,332,CT_332_VSled_20220604,27.44,45970.09296,28.25786094
2022-06-03T13:20:00Z,332,CT_332_VSled_20220604,27.41,45745.59296,28.12189797
2022-06-03T13:22:00Z,332,CT_332_VSled_20220604,27.52,45813.09296,28.10233645
2022-06-03T13:24:00Z,332,CT_332_VSled_20220604,27.31,45476.99296,27.99737505
2022-06-03T13:26:00Z,332,CT_332_VSled_20220604,27.46,47200.49296,29.09117084
2022-06-03T13:28:00Z,332,CT_332_VSled_20220604,27.52,48002.79296,29.6064652
2022-06-03T13:30:00Z,332,CT_332_VSled_20220604,27.46,47746.99296,29.46779079
2022-06-03T13:32:00Z,332,CT_332_VSled_20220604,27.39,47092.89296,29.06040932
2022-06-03T13:34:00Z,332,CT_332_VSled_20220604,27.7,49857.89296,30.77151803
2022-06-03T13:36:00Z,332,CT_332_VSled_20220604,27.51,48989.09296,30.29411531
2022-06-03T13:38:00Z,332,CT_332_VSled_20220604,27.41,48518.59296,30.03273448
2022-06-03T13:40:00Z,332,CT_332_VSled_20220604,27.56,49125.69296,30.35632359
2022-06-03T13:42:00Z,332,CT_332_VSled_20220604,27.76,49161.99296,30.2525464
2022-06-03T13:44:00Z,332,CT_332_VSled_20220604,27.66,50187.99296,31.02616699
2022-06-03T13:46:00Z,332,CT_332_VSled_20220604,27.42,48739.19296,30.17909232
2022-06-03T13:48:00Z,332,CT_332_VSled_20220604,27.46,48372.19296,29.89951267
2022-06-03T13:50:00Z,332,CT_332_VSled_20220604,27.59,48812.09296,30.1203392
2022-06-03T13:52:00Z,332,CT_332_VSled_20220604,27.85,50856.79296,31.36298677
2022-06-03T13:54:00Z,332,CT_332_VSled_20220604,27.51,48881.39296,30.21960359
2022-06-03T13:56:00Z,332,CT_332_VSled_20220604,27.9,50179.29296,30.86248809
2022-06-03T13:58:00Z,332,CT_332_VSled_20220604,27.36,48395.19296,29.97927219
2022-06-03T14:00:00Z,332,CT_332_VSled_20220604,27.72,49722.79296,30.66513211
2022-06-03T14:02:00Z,332,CT_332_VSled_20220604,27.35,48098.49296,29.780166
2022-06-03T14:04:00Z,332,CT_332_VSled_20220604,27.33,47866.89296,29.63254106
2022-06-03T14:06:00Z,332,CT_332_VSled_20220604,27.62,47646.29296,29.29843399
2022-06-03T14:08:00Z,332,CT_332_VSled_20220604,27.7,48006.59296,29.4960022
2022-06-03T14:10:00Z,332,CT_332_VSled_20220604,27.47,47452.29296,29.25837898
2022-06-03T14:12:00Z,332,CT_332_VSled_20220604,27.76,47828.09296,29.3360685
2022-06-03T14:14:00Z,332,CT_332_VSled_20220604,27.52,47013.99296,28.92584239
2022-06-03T14:16:00Z,332,CT_332_VSled_20220604,27.69,47310.69296,29.02477402
2022-06-03T14:18:00Z,332,CT_332_VSled_20220604,27.55,46503.89296,28.55740393
2022-06-03T14:20:00Z,332,CT_332_VSled_20220604,27.54,46826.49296,28.78479298
2022-06-03T14:22:00Z,332,CT_332_VSled_20220604,27.51,46862.69296,28.82803421
2022-06-03T14:24:00Z,332,CT_332_VSled_20220604,27.47,47038.49296,28.97349475
2022-06-03T14:26:00Z,332,CT_332_VSled_20220604,27.62,46733.59296,28.67224111
2022-06-03T14:28:00Z,332,CT_332_VSled_20220604,27.69,46724.99296,28.62377865
2022-06-03T14:30:00Z,332,CT_332_VSled_20220604,27.32,46397.89296,28.62460901
2022-06-03T14:32:00Z,332,CT_332_VSled_20220604,27.59,47117.49296,28.95384369
2022-06-03T14:34:00Z,332,CT_332_VSled_20220604,27.42,47133.39296,29.06973588
2022-06-03T14:36:00Z,332,CT_332_VSled_20220604,27.46,46745.59296,28.77821644
2022-06-03T14:38:00Z,332,CT_332_VSled_20220604,27.39,46453.29296,28.62002168
2022-06-03T14:40:00Z,332,CT_332_VSled_20220604,27.59,46471.89296,28.51121907
2022-06-03T14:42:00Z,332,CT_332_VSled_20220604,27.51,46919.89296,28.8673319
2022-06-03T14:44:00Z,332,CT_332_VSled_20220604,27.62,46935.59296,28.81066168
2022-06-03T14:46:00Z,332,CT_332_VSled_20220604,27.32,45934.39296,28.30565697
2022-06-03T14:48:00Z,332,CT_332_VSled_20220604,27.79,46965.19296,28.72714416
2022-06-03T14:50:00Z,332,CT_332_VSled_20220604,27.46,45919.79296,28.21135196
2022-06-03T14:52:00Z,332,CT_332_VSled_20220604,27.62,46406.29296,28.44816328
2022-06-03T14:54:00Z,332,CT_332_VSled_20220604,27.77,46736.99296,28.58344869
2022-06-03T14:56:00Z,332,CT_332_VSled_20220604,27.76,46712.99296,28.57311831
2022-06-03T14:58:00Z,332,CT_332_VSled_20220604,27.5,46198.19296,28.37811189
2022-06-03T15:00:00Z,332,CT_332_VSled_20220604,27.7,46507.29296,28.46889714
2022-06-03T15:02:00Z,332,CT_332_VSled_20220604,27.65,46682.19296,28.61879577
2022-06-03T15:04:00Z,332,CT_332_VSled_20220604,27.47,46125.59296,28.34643664
2022-06-03T15:06:00Z,332,CT_332_VSled_20220604,27.76,46043.59296,28.11651961
2022-06-03T15:08:00Z,332,CT_332_VSled_20220604,27.61,44529.59296,27.17399432
2022-06-03T15:10:00Z,332,CT_332_VSled_20220604,27.57,44248.19296,27.00567519
2022-06-03T15:12:00Z,332,CT_332_VSled_20220604,27.59,44392.69296,27.09243199
2022-06-03T15:14:00Z,332,CT_332_VSled_20220604,27.61,44407.29296,27.09085678
2022-06-03T15:16:00Z,332,CT_332_VSled_20220604,27.47,43698.89296,26.68922835
2022-06-03T15:18:00Z,332,CT_332_VSled_20220604,27.59,44480.89296,27.15240819
2022-06-03T15:20:00Z,332,CT_332_VSled_20220604,27.56,44198.89296,26.9778892
2022-06-03T15:22:00Z,332,CT_332_VSled_20220604,27.5,43809.99296,26.74773153
2022-06-03T15:24:00Z,332,CT_332_VSled_20220604,27.52,44017.59296,26.87749092
2022-06-03T15:26:00Z,332,CT_332_VSled_20220604,27.57,44372.19296,27.08999444
2022-06-03T15:28:00Z,332,CT_332_VSled_20220604,27.41,42782.99296,26.10069464
2022-06-03T15:30:00Z,332,CT_332_VSled_20220604,27.55,42568.29296,25.87796535
2022-06-03T15:32:00Z,332,CT_332_VSled_20220604,27.66,42719.49296,25.91968789
2022-06-03T15:34:00Z,332,CT_332_VSled_20220604,27.69,42525.19296,25.77222428
2022-06-03T15:36:00Z,332,CT_332_VSled_20220604,27.49,42312.39296,25.73779013
2022-06-03T15:38:00Z,332,CT_332_VSled_20220604,27.71,42566.99296,25.78947357
2022-06-03T15:40:00Z,332,CT_332_VSled_20220604,27.52,42248.09296,25.67794431
2022-06-03T15:42:00Z,332,CT_332_VSled_20220604,27.46,42496.49296,25.87883646
2022-06-03T15:44:00Z,332,CT_332_VSled_20220604,27.61,42360.19296,25.70458818
2022-06-03T15:46:00Z,332,CT_332_VSled_20220604,27.7,42504.29296,25.75268497
2022-06-03T15:48:00Z,332,CT_332_VSled_20220604,27.45,42140.49296,25.64333825
2022-06-03T15:50:00Z,332,CT_332_VSled_20220604,27.64,42153.29296,25.54878916
2022-06-03T15:52:00Z,332,CT_332_VSled_20220604,27.61,42436.59296,25.75614431
2022-06-03T15:54:00Z,332,CT_332_VSled_20220604,27.6,42094.59296,25.5308779
2022-06-03T15:56:00Z,332,CT_332_VSled_20220604,27.47,42070.39296,25.58504679
2022-06-03T15:58:00Z,332,CT_332_VSled_20220604,27.49,41917.29296,25.47074916
2022-06-03T16:00:00Z,332,CT_332_VSled_20220604,27.36,41886.99296,25.52069813
2022-06-03T16:02:00Z,332,CT_332_VSled_20220604,27.39,41772.89296,25.42721421
2022-06-03T16:04:00Z,332,CT_332_VSled_20220604,27.28,41655.79296,25.40740989
2022-06-03T16:06:00Z,332,CT_332_VSled_20220604,27.44,41638.39296,25.30933562
2022-06-03T16:08:00Z,332,CT_332_VSled_20220604,27.46,41921.09296,25.48955076
2022-06-03T16:10:00Z,332,CT_332_VSled_20220604,27.42,41860.59296,25.47030467
2022-06-03T16:12:00Z,332,CT_332_VSled_20220604,27.39,41573.99296,25.29270413
2022-06-03T16:14:00Z,332,CT_332_VSled_20220604,27.59,41878.19296,25.39041344
2022-06-03T16:16:00Z,332,CT_332_VSled_20220604,27.5,41909.69296,25.46021
2022-06-03T16:18:00Z,332,CT_332_VSled_20220604,27.41,41855.59296,25.47233695
2022-06-03T16:20:00Z,332,CT_332_VSled_20220604,27.23,41729.19296,25.48430024
2022-06-03T16:22:00Z,332,CT_332_VSled_20220604,27.4,41914.79296,25.51780962
2022-06-03T16:24:00Z,332,CT_332_VSled_20220604,27.16,41495.09296,25.36329427
2022-06-03T16:26:00Z,332,CT_332_VSled_20220604,27.39,41705.49296,25.38162282
2022-06-03T16:28:00Z,332,CT_332_VSled_20220604,27.37,41594.99296,25.31766588
2022-06-03T16:30:00Z,332,CT_332_VSled_20220604,27.39,41796.69296,25.44331589
2022-06-03T16:32:00Z,332,CT_332_VSled_20220604,27.39,41760.39296,25.418758
2022-06-03T16:34:00Z,332,CT_332_VSled_20220604,27.42,41730.49296,25.38234031
2022-06-03T16:36:00Z,332,CT_332_VSled_20220604,27.35,41502.49296,25.26585725
2022-06-03T16:38:00Z,332,CT_332_VSled_20220604,27.2,41450.79296,25.31160916
2022-06-03T16:40:00Z,332,CT_332_VSled_20220604,27.2,41423.79296,25.29329025
2022-06-03T16:42:00Z,332,CT_332_VSled_20220604,27.26,41493.79296,25.30840946
2022-06-03T16:44:00Z,332,CT_332_VSled_20220604,27.1,41365.09296,25.30739789
2022-06-03T16:46:00Z,332,CT_332_VSled_20220604,27.11,41243.19296,25.21916829
2022-06-03T16:48:00Z,332,CT_332_VSled_20220604,27.13,41355.29296,25.28454188
2022-06-03T16:50:00Z,332,CT_332_VSled_20220604,27.13,41385.79296,25.30526189
2022-06-03T16:52:00Z,332,CT_332_VSled_20220604,27.27,41422.59296,25.25478178
2022-06-03T16:54:00Z,332,CT_332_VSled_20220604,27.16,41332.09296,25.25261588
2022-06-03T16:56:00Z,332,CT_332_VSled_20220604,27.11,41565.39296,25.43817486
2022-06-03T16:58:00Z,332,CT_332_VSled_20220604,27.2,41475.39296,25.32830128
2022-06-03T17:00:00Z,332,CT_332_VSled_20220604,27.26,41493.79296,25.30840946
2022-06-03T17:02:00Z,332,CT_332_VSled_20220604,27.12,41451.99296,25.35565282
2022-06-03T17:04:00Z,332,CT_332_VSled_20220604,27.03,41327.19296,25.31946163
2022-06-03T17:06:00Z,332,CT_332_VSled_20220604,27.1,41345.49296,25.2940748
2022-06-03T17:08:00Z,332,CT_332_VSled_20220604,27.03,41290.59296,25.29454915
2022-06-03T17:10:00Z,332,CT_332_VSled_20220604,27.15,41280.89296,25.22324358
2022-06-03T17:12:00Z,332,CT_332_VSled_20220604,27.22,41350.39296,25.2327408
2022-06-03T17:14:00Z,332,CT_332_VSled_20220604,27.18,41334.49296,25.24347612
2022-06-03T17:16:00Z,332,CT_332_VSled_20220604,26.94,40902.79296,25.078996
2022-06-03T17:18:00Z,332,CT_332_VSled_20220604,27.03,40973.19296,25.07864365
2022-06-03T17:20:00Z,332,CT_332_VSled_20220604,27.06,41016.39296,25.09193024
2022-06-03T17:22:00Z,332,CT_332_VSled_20220604,27.13,40888.49296,24.96770973
2022-06-03T17:24:00Z,332,CT_332_VSled_20220604,27.08,40884.89296,24.99192209
2022-06-03T17:26:00Z,332,CT_332_VSled_20220604,27.03,40925.39296,25.04615016
2022-06-03T17:28:00Z,332,CT_332_VSled_20220604,27.07,40889.69296,25.00051793
2022-06-03T17:30:00Z,332,CT_332_VSled_20220604,26.96,40779.19296,24.98415443
2022-06-03T17:32:00Z,332,CT_332_VSled_20220604,27.08,40936.19296,25.02675207
2022-06-03T17:34:00Z,332,CT_332_VSled_20220604,27.01,40952.89296,25.07555745
2022-06-03T17:36:00Z,332,CT_332_VSled_20220604,27.02,40930.19296,25.05476555
2022-06-03T17:38:00Z,332,CT_332_VSled_20220604,26.98,40909.89296,25.06238246
2022-06-03T17:40:00Z,332,CT_332_VSled_20220604,27.03,40966.09296,25.07381686
2022-06-03T17:42:00Z,332,CT_332_VSled_20220604,26.98,40932.59296,25.07782866
2022-06-03T17:44:00Z,332,CT_332_VSled_20220604,27.11,40945.69296,25.01717798
2022-06-03T17:46:00Z,332,CT_332_VSled_20220604,27.01,40855.09296,25.00905704
2022-06-03T17:48:00Z,332,CT_332_VSled_20220604,27.06,41028.39296,25.10008446
2022-06-03T17:50:00Z,332,CT_332_VSled_20220604,27.06,41081.29296,25.13603521
2022-06-03T17:52:00Z,332,CT_332_VSled_20220604,26.98,41035.59296,25.14793098
2022-06-03T17:54:00Z,332,CT_332_VSled_20220604,26.97,41047.59296,25.16147961
2022-06-03T17:56:00Z,332,CT_332_VSled_20220604,27.1,41029.59296,25.07947258
2022-06-03T17:58:00Z,332,CT_332_VSled_20220604,26.94,40982.79296,25.13348357
2022-06-03T18:00:00Z,332,CT_332_VSled_20220604,26.94,40838.49296,25.03521312
2022-06-03T18:02:00Z,332,CT_332_VSled_20220604,26.92,40748.39296,24.98456793
2022-06-03T18:04:00Z,332,CT_332_VSled_20220604,27.01,40980.39296,25.0942607
2022-06-03T18:06:00Z,332,CT_332_VSled_20220604,26.92,40915.89296,25.09865489
2022-06-03T18:08:00Z,332,CT_332_VSled_20220604,26.91,40877.79296,25.0780643
2022-06-03T18:10:00Z,332,CT_332_VSled_20220604,26.83,40817.09296,25.07963494
2022-06-03T18:12:00Z,332,CT_332_VSled_20220604,26.83,40782.69296,25.05616138
2022-06-03T18:14:00Z,332,CT_332_VSled_20220604,26.87,40641.09296,24.93819492
2022-06-03T18:16:00Z,332,CT_332_VSled_20220604,26.88,40382.89296,24.75704476
2022-06-03T18:18:00Z,332,CT_332_VSled_20220604,26.87,39922.99296,24.44953768
2022-06-03T18:20:00Z,332,CT_332_VSled_20220604,26.86,39613.49296,24.24451331
2022-06-03T18:22:00Z,332,CT_332_VSled_20220604,26.93,39537.69296,24.15685245
2022-06-03T18:24:00Z,332,CT_332_VSled_20220604,26.93,39458.79296,24.10338657
2022-06-03T18:26:00Z,332,CT_332_VSled_20220604,26.81,39317.39296,24.06933507
2022-06-03T18:28:00Z,332,CT_332_VSled_20220604,26.87,39423.39296,24.11032754
2022-06-03T18:30:00Z,332,CT_332_VSled_20220604,26.77,39290.99296,24.07203096
2022-06-03T18:32:00Z,332,CT_332_VSled_20220604,26.87,39314.09296,24.03620032
2022-06-03T18:34:00Z,332,CT_332_VSled_20220604,26.81,39185.69296,23.97993848
2022-06-03T18:36:00Z,332,CT_332_VSled_20220604,26.82,39122.29296,23.93179345
2022-06-03T18:38:00Z,332,CT_332_VSled_20220604,26.87,39077.69296,23.87597666
2022-06-03T18:40:00Z,332,CT_332_VSled_20220604,26.84,39097.29296,23.9045985
2022-06-03T18:42:00Z,332,CT_332_VSled_20220604,26.81,39165.99296,23.96657008
2022-06-03T18:44:00Z,332,CT_332_VSled_20220604,26.83,39170.39296,23.95929278
2022-06-03T18:46:00Z,332,CT_332_VSled_20220604,26.84,39417.89296,24.12208144
2022-06-03T18:48:00Z,332,CT_332_VSled_20220604,26.74,39644.79296,24.32822968
2022-06-03T18:50:00Z,332,CT_332_VSled_20220604,26.76,39659.39296,24.32773624
2022-06-03T18:52:00Z,332,CT_332_VSled_20220604,26.67,39396.89296,24.1958371
2022-06-03T18:54:00Z,332,CT_332_VSled_20220604,26.67,38991.79296,23.92007893
2022-06-03T18:56:00Z,332,CT_332_VSled_20220604,26.71,38429.99296,23.51815687
2022-06-03T18:58:00Z,332,CT_332_VSled_20220604,26.74,38287.79296,23.40668829
2022-06-03T19:00:00Z,332,CT_332_VSled_20220604,26.69,38372.99296,23.4895759
2022-06-03T19:02:00Z,332,CT_332_VSled_20220604,26.64,38505.09296,23.60451457
2022-06-03T19:04:00Z,332,CT_332_VSled_20220604,26.69,38399.39296,23.50748489
2022-06-03T19:06:00Z,332,CT_332_VSled_20220604,26.72,38248.99296,23.39043191
2022-06-03T19:08:00Z,332,CT_332_VSled_20220604,26.73,38305.69296,23.4238334
2022-06-03T19:10:00Z,332,CT_332_VSled_20220604,26.69,38376.19296,23.4917466
2022-06-03T19:12:00Z,332,CT_332_VSled_20220604,26.63,38454.29296,23.57506328
2022-06-03T19:14:00Z,332,CT_332_VSled_20220604,26.58,38434.19296,23.58671747
2022-06-03T19:16:00Z,332,CT_332_VSled_20220604,26.62,38361.39296,23.5170028
2022-06-03T19:18:00Z,332,CT_332_VSled_20220604,26.63,38245.89296,23.43352525
2022-06-03T19:20:00Z,332,CT_332_VSled_20220604,26.61,38047.69296,23.3090218
2022-06-03T19:22:00Z,332,CT_332_VSled_20220604,26.61,38100.69296,23.34499591
2022-06-03T19:24:00Z,332,CT_332_VSled_20220604,26.66,38141.39296,23.34755965
2022-06-03T19:26:00Z,332,CT_332_VSled_20220604,26.67,38296.19296,23.44754323
2022-06-03T19:28:00Z,332,CT_332_VSled_20220604,26.62,38353.99296,23.51197574
2022-06-03T19:30:00Z,332,CT_332_VSled_20220604,26.63,38544.39296,23.63629033
2022-06-03T19:32:00Z,332,CT_332_VSled_20220604,26.64,38736.39296,23.76173061
2022-06-03T19:34:00Z,332,CT_332_VSled_20220604,26.62,38758.89296,23.78724243
2022-06-03T19:36:00Z,332,CT_332_VSled_20220604,26.59,38921.49296,23.91330442
2022-06-03T19:38:00Z,332,CT_332_VSled_20220604,26.61,39133.19296,24.04724057
2022-06-03T19:40:00Z,332,CT_332_VSled_20220604,26.56,39186.79296,24.1096572
2022-06-03T19:42:00Z,332,CT_332_VSled_20220604,26.57,39152.89296,24.0813515
2022-06-03T19:44:00Z,332,CT_332_VSled_20220604,26.56,39108.19296,24.05603376
2022-06-03T19:46:00Z,332,CT_332_VSled_20220604,26.56,38956.09296,23.95231083
2022-06-03T19:48:00Z,332,CT_332_VSled_20220604,26.56,38914.99296,23.92429322
2022-06-03T19:50:00Z,332,CT_332_VSled_20220604,26.59,38852.39296,23.86623874
2022-06-03T19:52:00Z,332,CT_332_VSled_20220604,26.64,38803.99296,23.80770442
2022-06-03T19:54:00Z,332,CT_332_VSled_20220604,26.67,39107.09296,23.99852324
2022-06-03T19:56:00Z,332,CT_332_VSled_20220604,26.58,39314.09296,24.18614024
2022-06-03T19:58:00Z,332,CT_332_VSled_20220604,26.58,39529.89296,24.33345182
2022-06-03T20:00:00Z,332,CT_332_VSled_20220604,26.59,39545.49296,24.33887458
2022-06-03T20:02:00Z,332,CT_332_VSled_20220604,26.63,39493.19296,24.28229453
2022-06-03T20:04:00Z,332,CT_332_VSled_20220604,26.64,39600.09296,24.34999226
2022-06-03T20:06:00Z,332,CT_332_VSled_20220604,26.64,39764.79296,24.46238274
2022-06-03T20:08:00Z,332,CT_332_VSled_20220604,26.64,39859.59296,24.52710482
2022-06-03T20:10:00Z,332,CT_332_VSled_20220604,26.63,39875.39296,24.54316459
2022-06-03T20:12:00Z,332,CT_332_VSled_20220604,26.68,39894.69296,24.52999935
2022-06-03T20:14:00Z,332,CT_332_VSled_20220604,26.64,39886.69296,24.54561076
2022-06-03T20:16:00Z,332,CT_332_VSled_20220604,26.63,39903.69296,24.56249537
2022-06-03T20:18:00Z,332,CT_332_VSled_20220604,26.63,39907.09296,24.56481793
2022-06-03T20:20:00Z,332,CT_332_VSled_20220604,26.66,39937.69296,24.56988848
2022-06-03T20:22:00Z,332,CT_332_VSled_20220604,26.61,39945.69296,24.60175562
2022-06-03T20:24:00Z,332,CT_332_VSled_20220604,26.66,40026.39296,24.63045748
2022-06-03T20:26:00Z,332,CT_332_VSled_20220604,26.63,40072.09296,24.67756545
2022-06-03T20:28:00Z,332,CT_332_VSled_20220604,26.64,40151.09296,24.72626022
2022-06-03T20:30:00Z,332,CT_332_VSled_20220604,26.59,40141.89296,24.74654191
2022-06-03T20:32:00Z,332,CT_332_VSled_20220604,26.61,40062.89296,24.68187982
2022-06-03T20:34:00Z,332,CT_332_VSled_20220604,26.62,39961.59296,24.60733649
2022-06-03T20:36:00Z,332,CT_332_VSled_20220604,26.68,39908.19296,24.5392111
2022-06-03T20:38:00Z,332,CT_332_VSled_20220604,26.67,39960.39296,24.58010982
2022-06-03T20:40:00Z,332,CT_332_VSled_20220604,26.62,40101.79296,24.70317349
2022-06-03T20:42:00Z,332,CT_332_VSled_20220604,26.64,40156.79296,24.73015664
2022-06-03T20:44:00Z,332,CT_332_VSled_20220604,26.63,40115.49296,24.70723285
2022-06-03T20:46:00Z,332,CT_332_VSled_20220604,26.62,40123.59296,24.71807984
2022-06-03T20:48:00Z,332,CT_332_VSled_20220604,26.61,40169.39296,24.75471894
2022-06-03T20:50:00Z,332,CT_332_VSled_20220604,26.61,40191.19296,24.76963225
2022-06-03T20:52:00Z,332,CT_332_VSled_20220604,26.67,40209.59296,24.75030403
2022-06-03T20:54:00Z,332,CT_332_VSled_20220604,26.63,40232.69296,24.78737219
2022-06-03T20:56:00Z,332,CT_332_VSled_20220604,26.63,40345.79296,24.86474076
2022-06-03T20:58:00Z,332,CT_332_VSled_20220604,26.61,40384.09296,24.90164663
2022-06-03T21:00:00Z,332,CT_332_VSled_20220604,26.57,40409.59296,24.94054057
2022-06-03T21:02:00Z,332,CT_332_VSled_20220604,26.59,40364.39296,24.89886073
2022-06-03T21:04:00Z,332,CT_332_VSled_20220604,26.59,40232.69296,24.80868663
2022-06-03T21:06:00Z,332,CT_332_VSled_20220604,26.59,40206.19296,24.79054753
2022-06-03T21:08:00Z,332,CT_332_VSled_20220604,26.59,40213.09296,24.79527037
2022-06-03T21:10:00Z,332,CT_332_VSled_20220604,26.57,40093.79296,24.72425724
2022-06-03T21:12:00Z,332,CT_332_VSled_20220604,26.58,40005.89296,24.65880007
2022-06-03T21:14:00Z,332,CT_332_VSled_20220604,26.59,39914.99296,24.59133935
2022-06-03T21:16:00Z,332,CT_332_VSled_20220604,26.63,39953.59296,24.59658529
2022-06-03T21:18:00Z,332,CT_332_VSled_20220604,26.57,39997.99296,24.65869595
2022-06-03T21:20:00Z,332,CT_332_VSled_20220604,26.56,40009.29296,24.6717318
2022-06-03T21:22:00Z,332,CT_332_VSled_20220604,26.61,40003.69296,24.6414032
2022-06-03T21:24:00Z,332,CT_332_VSled_20220604,26.57,39956.99296,24.63064443
2022-06-03T21:26:00Z,332,CT_332_VSled_20220604,26.52,39950.19296,24.65248645
2022-06-03T21:28:00Z,332,CT_332_VSled_20220604,26.56,40038.99296,24.69205998
2022-06-03T21:30:00Z,332,CT_332_VSled_20220604,26.59,40078.89296,24.70343607
2022-06-03T21:32:00Z,332,CT_332_VSled_20220604,26.56,40152.19296,24.76956017
2022-06-03T21:34:00Z,332,CT_332_VSled_20220604,26.52,40240.69296,24.85154543
2022-06-03T21:36:00Z,332,CT_332_VSled_20220604,26.47,40194.69296,24.84673569
2022-06-03T21:38:00Z,332,CT_332_VSled_20220604,26.49,40043.49296,24.73235632
2022-06-03T21:40:00Z,332,CT_332_VSled_20220604,26.48,39946.79296,24.67138549
2022-06-03T21:42:00Z,332,CT_332_VSled_20220604,26.49,39829.09296,24.58543314
2022-06-03T21:44:00Z,332,CT_332_VSled_20220604,26.5,39641.39296,24.45164022
2022-06-03T21:46:00Z,332,CT_332_VSled_20220604,26.47,39507.69296,24.37589338
2022-06-03T21:48:00Z,332,CT_332_VSled_20220604,26.45,39370.29296,24.29232488
2022-06-03T21:50:00Z,332,CT_332_VSled_20220604,26.44,39319.59296,24.26285049
2022-06-03T21:52:00Z,332,CT_332_VSled_20220604,26.47,39213.09296,24.17435302
2022-06-03T21:54:00Z,332,CT_332_VSled_20220604,26.49,39041.79296,24.0469148
2022-06-03T21:56:00Z,332,CT_332_VSled_20220604,26.54,38971.19296,23.97290918
2022-06-03T21:58:00Z,332,CT_332_VSled_20220604,26.44,38702.09296,23.84068197
2022-06-03T22:00:00Z,332,CT_332_VSled_20220604,26.47,38524.19296,23.70392855
2022-06-03T22:02:00Z,332,CT_332_VSled_20220604,26.42,38438.39296,23.67088311
2022-06-03T22:04:00Z,332,CT_332_VSled_20220604,26.47,38416.19296,23.63028918
2022-06-03T22:06:00Z,332,CT_332_VSled_20220604,26.47,38439.49296,23.64617367
2022-06-03T22:08:00Z,332,CT_332_VSled_20220604,26.45,38533.79296,23.72068238
2022-06-03T22:10:00Z,332,CT_332_VSled_20220604,26.52,38753.49296,23.8347266
2022-06-03T22:12:00Z,332,CT_332_VSled_20220604,26.53,38865.29296,23.90582986
2022-06-03T22:14:00Z,332,CT_332_VSled_20220604,26.43,38920.39296,23.99498245
2022-06-03T22:16:00Z,332,CT_332_VSled_20220604,26.47,39053.69296,24.06539705
2022-06-03T22:18:00Z,332,CT_332_VSled_20220604,26.48,39117.99296,24.10415309
2022-06-03T22:20:00Z,332,CT_332_VSled_20220604,26.47,39191.19296,24.1593797
2022-06-03T22:22:00Z,332,CT_332_VSled_20220604,26.47,39223.99296,24.18180594
2022-06-03T22:24:00Z,332,CT_332_VSled_20220604,26.5,39331.69296,24.2398094
2022-06-03T22:26:00Z,332,CT_332_VSled_20220604,26.47,39421.19296,24.31669454
2022-06-03T22:28:00Z,332,CT_332_VSled_20220604,26.52,39534.39296,24.36793949
2022-06-03T22:30:00Z,332,CT_332_VSled_20220604,26.48,39604.59296,24.43697191
2022-06-03T22:32:00Z,332,CT_332_VSled_20220604,26.53,39695.19296,24.47266436
2022-06-03T22:34:00Z,332,CT_332_VSled_20220604,26.47,39759.19296,24.5481227
2022-06-03T22:36:00Z,332,CT_332_VSled_20220604,26.4,39770.49296,24.59291486
2022-06-03T22:38:00Z,332,CT_332_VSled_20220604,26.45,39843.79296,24.61669171
2022-06-03T22:40:00Z,332,CT_332_VSled_20220604,26.47,39905.99296,24.64872668
2022-06-03T22:42:00Z,332,CT_332_VSled_20220604,26.52,39966.09296,24.66337608
2022-06-03T22:44:00Z,332,CT_332_VSled_20220604,26.44,39963.79296,24.70430687
2022-06-03T22:46:00Z,332,CT_332_VSled_20220604,26.45,40025.29296,24.74117734
2022-06-03T22:48:00Z,332,CT_332_VSled_20220604,26.42,40020.69296,24.75401255
2022-06-03T22:50:00Z,332,CT_332_VSled_20220604,26.45,40096.09296,24.78975964
2022-06-03T22:52:00Z,332,CT_332_VSled_20220604,26.49,40222.29296,24.85497253
2022-06-03T22:54:00Z,332,CT_332_VSled_20220604,26.49,40279.89296,24.89449025
2022-06-03T22:56:00Z,332,CT_332_VSled_20220604,26.44,40335.39296,24.95943464
2022-06-03T22:58:00Z,332,CT_332_VSled_20220604,26.43,40366.69296,24.9863225
2022-06-03T23:00:00Z,332,CT_332_VSled_20220604,26.4,40427.09296,25.04402407
2022-06-03T23:02:00Z,332,CT_332_VSled_20220604,26.47,40539.09296,25.08322274
2022-06-03T23:04:00Z,332,CT_332_VSled_20220604,26.53,40591.79296,25.08701453
2022-06-03T23:06:00Z,332,CT_332_VSled_20220604,26.48,40550.79296,25.08585963
2022-06-03T23:08:00Z,332,CT_332_VSled_20220604,26.52,40477.19296,25.01375923
2022-06-03T23:10:00Z,332,CT_332_VSled_20220604,26.44,40447.99296,25.03681084
2022-06-03T23:12:00Z,332,CT_332_VSled_20220604,26.49,40472.49296,25.0266884
2022-06-03T23:14:00Z,332,CT_332_VSled_20220604,26.56,40503.99296,25.0106193
2022-06-03T23:16:00Z,332,CT_332_VSled_20220604,26.5,40553.09296,25.07664017
2022-06-03T23:18:00Z,332,CT_332_VSled_20220604,26.49,40551.89296,25.08121476
2022-06-03T23:20:00Z,332,CT_332_VSled_20220604,26.44,40561.29296,25.11470036
2022-06-03T23:22:00Z,332,CT_332_VSled_20220604,26.47,40556.59296,25.09524735
2022-06-03T23:24:00Z,332,CT_332_VSled_20220604,26.5,40554.29296,25.07746419
2022-06-03T23:26:00Z,332,CT_332_VSled_20220604,26.47,40574.19296,25.10734145
2022-06-03T23:28:00Z,332,CT_332_VSled_20220604,26.52,40638.79296,25.12468064
2022-06-03T23:30:00Z,332,CT_332_VSled_20220604,26.52,40708.29296,25.17240528
2022-06-03T23:32:00Z,332,CT_332_VSled_20220604,26.38,40740.09296,25.27034576
2022-06-03T23:34:00Z,332,CT_332_VSled_20220604,26.42,40799.29296,25.28931899
2022-06-03T23:36:00Z,332,CT_332_VSled_20220604,26.52,40869.39296,25.28307702
2022-06-03T23:38:00Z,332,CT_332_VSled_20220604,26.45,40895.59296,25.33924769
2022-06-03T23:40:00Z,332,CT_332_VSled_20220604,26.44,40858.69296,25.31930577
2022-06-03T23:42:00Z,332,CT_332_VSled_20220604,26.48,40819.49296,25.27054141
2022-06-03T23:44:00Z,332,CT_332_VSled_20220604,26.49,40870.59296,25.30023533
2022-06-03T23:46:00Z,332,CT_332_VSled_20220604,26.4,40811.19296,25.30842092
2022-06-03T23:48:00Z,332,CT_332_VSled_20220604,26.38,40903.99296,25.38330043
2022-06-03T23:50:00Z,332,CT_332_VSled_20220604,26.42,40908.69296,25.36465674
2022-06-03T23:52:00Z,332,CT_332_VSled_20220604,26.44,40891.99296,25.3422294
2022-06-03T23:54:00Z,332,CT_332_VSled_20220604,26.56,40946.89296,25.31454416
2022-06-03T23:56:00Z,332,CT_332_VSled_20220604,26.49,40944.49296,25.3510582
2022-06-03T23:58:00Z,332,CT_332_VSled_20220604,26.47,40951.69296,25.36693391
2022-06-04T00:00:00Z,332,CT_332_VSled_20220604,26.47,40973.19296,25.38172943
2022-06-04T00:02:00Z,332,CT_332_VSled_20220604,26.43,40927.79296,25.37234406
2022-06-04T00:04:00Z,332,CT_332_VSled_20220604,26.42,40949.29296,25.3926234
2022-06-04T00:06:00Z,332,CT_332_VSled_20220604,26.4,40903.99296,25.37235602
2022-06-04T00:08:00Z,332,CT_332_VSled_20220604,26.42,40897.99296,25.35728691
2022-06-04T00:10:00Z,332,CT_332_VSled_20220604,26.45,40924.19296,25.35893402
2022-06-04T00:12:00Z,332,CT_332_VSled_20220604,26.52,40939.79296,25.33146057
2022-06-04T00:14:00Z,332,CT_332_VSled_20220604,26.43,40951.69296,25.38880423
2022-06-04T00:16:00Z,332,CT_332_VSled_20220604,26.42,40954.09296,25.39593008
2022-06-04T00:18:00Z,332,CT_332_VSled_20220604,26.45,40989.99296,25.40423417
2022-06-04T00:20:00Z,332,CT_332_VSled_20220604,26.42,41017.59296,25.43968012
2022-06-04T00:22:00Z,332,CT_332_VSled_20220604,26.52,41094.49296,25.43782437
2022-06-04T00:24:00Z,332,CT_332_VSled_20220604,26.45,41063.19296,25.45464165
2022-06-04T00:26:00Z,332,CT_332_VSled_20220604,26.4,41058.39296,25.47877889
2022-06-04T00:28:00Z,332,CT_332_VSled_20220604,26.43,41105.29296,25.49462439
2022-06-04T00:30:00Z,332,CT_332_VSled_20220604,26.35,41051.19296,25.50130194
2022-06-04T00:32:00Z,332,CT_332_VSled_20220604,26.42,41157.19296,25.53589698
2022-06-04T00:34:00Z,332,CT_332_VSled_20220604,26.38,41155.99296,25.55710293
2022-06-04T00:36:00Z,332,CT_332_VSled_20220604,26.48,41394.39296,25.66628894
2022-06-04T00:38:00Z,332,CT_332_VSled_20220604,26.45,41399.29296,25.68626198
2022-06-04T00:40:00Z,332,CT_332_VSled_20220604,26.43,41405.39296,25.70154446
2022-06-04T00:42:00Z,332,CT_332_VSled_20220604,26.44,41325.99296,25.64124881
2022-06-04T00:44:00Z,332,CT_332_VSled_20220604,26.43,41303.99296,25.63160347
2022-06-04T00:46:00Z,332,CT_332_VSled_20220604,26.53,41380.89296,25.62937931
2022-06-04T00:48:00Z,332,CT_332_VSled_20220604,26.38,41325.99296,25.67444098
2022-06-04T00:50:00Z,332,CT_332_VSled_20220604,26.44,41417.69296,25.70448928
2022-06-04T00:52:00Z,332,CT_332_VSled_20220604,26.43,41480.29296,25.75322356
2022-06-04T00:54:00Z,332,CT_332_VSled_20220604,26.45,41424.99296,25.70398458
2022-06-04T00:56:00Z,332,CT_332_VSled_20220604,26.42,41290.59296,25.6278864
2022-06-04T00:58:00Z,332,CT_332_VSled_20220604,26.48,41367.49296,25.64775312
2022-06-04T01:00:00Z,332,CT_332_VSled_20220604,26.38,41228.69296,25.6072733
2022-06-04T01:02:00Z,332,CT_332_VSled_20220604,26.39,41206.79296,25.58663971
2022-06-04T01:04:00Z,332,CT_332_VSled_20220604,26.47,41303.99296,25.60952052
2022-06-04T01:06:00Z,332,CT_332_VSled_20220604,26.38,41181.39296,25.57463
2022-06-04T01:08:00Z,332,CT_332_VSled_20220604,26.39,41235.99296,25.60678839
2022-06-04T01:10:00Z,332,CT_332_VSled_20220604,26.48,41346.69296,25.63342183
2022-06-04T01:12:00Z,332,CT_332_VSled_20220604,26.29,41083.69296,25.55681434
2022-06-04T01:14:00Z,332,CT_332_VSled_20220604,26.35,41239.59296,25.63138032
2022-06-04T01:16:00Z,332,CT_332_VSled_20220604,26.32,41224.99296,25.63789182
2022-06-04T01:18:00Z,332,CT_332_VSled_20220604,26.39,41274.79296,25.63356461
2022-06-04T01:20:00Z,332,CT_332_VSled_20220604,26.34,41363.79296,25.72273227
2022-06-04T01:22:00Z,332,CT_332_VSled_20220604,26.42,41426.29296,25.72150772
2022-06-04T01:24:00Z,332,CT_332_VSled_20220604,26.49,41599.99296,25.80246193
2022-06-04T01:26:00Z,332,CT_332_VSled_20220604,26.44,41593.79296,25.82599496
2022-06-04T01:28:00Z,332,CT_332_VSled_20220604,26.43,41404.19296,25.70071661
2022-06-04T01:30:00Z,332,CT_332_VSled_20220604,26.39,42995.09296,26.82455199
2022-06-04T01:32:00Z,332,CT_332_VSled_20220604,26.45,43560.59296,27.18245045
2022-06-04T01:34:00Z,332,CT_332_VSled_20220604,26.44,43452.59296,27.11325796
2022-06-04T01:36:00Z,332,CT_332_VSled_20220604,26.34,43467.79296,27.18243873
2022-06-04T01:38:00Z,332,CT_332_VSled_20220604,26.27,44433.79296,27.89852432
2022-06-04T01:40:00Z,332,CT_332_VSled_20220604,26.33,44624.59296,27.99575326
2022-06-04T01:42:00Z,332,CT_332_VSled_20220604,26.44,45102.29296,28.26289978
2022-06-04T01:44:00Z,332,CT_332_VSled_20220604,26.42,45011.89296,28.21190809
2022-06-04T01:46:00Z,332,CT_332_VSled_20220604,26.35,45617.89296,28.67930983
2022-06-04T01:48:00Z,332,CT_332_VSled_20220604,26.42,49756.49296,31.55597322
2022-06-04T01:50:00Z,332,CT_332_VSled_20220604,26.29,48456.79296,30.72081364
2022-06-04T01:52:00Z,332,CT_332_VSled_20220604,26.47,49762.79296,31.52632097
2022-06-04T01:54:00Z,332,CT_332_VSled_20220604,26.44,49849.39296,31.60831199
2022-06-04T01:56:00Z,332,CT_332_VSled_20220604,26.33,48570.99296,30.77516666
2022-06-04T01:58:00Z,332,CT_332_VSled_20220604,26.49,49752.29296,31.50523686
2022-06-04T02:00:00Z,332,CT_332_VSled_20220604,26.56,50079.99296,31.6898746
2022-06-04T02:02:00Z,332,CT_332_VSled_20220604,26.44,49117.59296,31.08901115
2022-06-04T02:04:00Z,332,CT_332_VSled_20220604,26.2,48030.89296,30.47828718
2022-06-04T02:06:00Z,332,CT_332_VSled_20220604,26.24,48808.19296,31.00387322
2022-06-04T02:08:00Z,332,CT_332_VSled_20220604,26.32,48867.59296,30.99231594
2022-06-04T02:10:00Z,332,CT_332_VSled_20220604,26.44,49794.39296,31.56923766
2022-06-04T02:12:00Z,332,CT_332_VSled_20220604,26.33,49470.79296,31.41422815
2022-06-04T02:14:00Z,332,CT_332_VSled_20220604,26.5,50157.59296,31.78611542
2022-06-04T02:16:00Z,332,CT_332_VSled_20220604,26.29,49077.29296,31.16151541
2022-06-04T02:18:00Z,332,CT_332_VSled_20220604,26.3,48877.49296,31.01278427
2022-06-04T02:20:00Z,332,CT_332_VSled_20220604,26.5,50090.79296,31.73867203
2022-06-04T02:22:00Z,332,CT_332_VSled_20220604,26.22,48219.49296,30.59892847
2022-06-04T02:24:00Z,332,CT_332_VSled_20220604,26.2,48333.79296,30.69341362
2022-06-04T02:26:00Z,332,CT_332_VSled_20220604,26.4,49881.19296,31.65830997
2022-06-04T02:28:00Z,332,CT_332_VSled_20220604,26.27,49137.79296,31.21807088
2022-06-04T02:30:00Z,332,CT_332_VSled_20220604,26.39,49450.09296,31.35871914
2022-06-04T02:32:00Z,332,CT_332_VSled_20220604,26.49,49752.29296,31.50523686
2022-06-04T02:34:00Z,332,CT_332_VSled_20220604,26.3,48981.09296,31.08638952
2022-06-04T02:36:00Z,332,CT_332_VSled_20220604,26.39,49947.19296,31.7121228
2022-06-04T02:38:00Z,332,CT_332_VSled_20220604,26.33,50353.49296,32.04306086
2022-06-04T02:40:00Z,332,CT_332_VSled_20220604,26.43,51156.19296,32.54592189
2022-06-04T02:42:00Z,332,CT_332_VSled_20220604,26.42,52434.69296,33.46778457
2022-06-04T02:44:00Z,332,CT_332_VSled_20220604,26.32,53224.19296,34.10862184
2022-06-04T02:46:00Z,332,CT_332_VSled_20220604,26.34,54216.69296,34.80986482
2022-06-04T02:48:00Z,332,CT_332_VSled_20220604,26.4,55920.39296,35.99758508
2022-06-04T02:50:00Z,332,CT_332_VSled_20220604,26.32,54141.59296,34.77070681
2022-06-04T02:52:00Z,332,CT_332_VSled_20220604,26.34,53719.89296,34.45114325
2022-06-04T02:54:00Z,332,CT_332_VSled_20220604,26.29,53358.59296,34.22779339
2022-06-04T02:56:00Z,332,CT_332_VSled_20220604,26.45,55616.39296,35.73822521
2022-06-04T02:58:00Z,332,CT_332_VSled_20220604,26.35,54745.39296,35.18462756
2022-06-04T03:00:00Z,332,CT_332_VSled_20220604,26.18,52034.29296,33.3542137
2022-06-04T03:02:00Z,332,CT_332_VSled_20220604,26.3,54688.09296,35.1813758
2022-06-04T03:04:00Z,332,CT_332_VSled_20220604,26.37,55740.39296,35.89037186
2022-06-04T03:06:00Z,332,CT_332_VSled_20220604,26.3,54901.19296,35.33581082
2022-06-04T03:08:00Z,332,CT_332_VSled_20220604,26.39,55944.99296,36.02326795
2022-06-04T03:10:00Z,332,CT_332_VSled_20220604,26.28,54247.29296,34.87743667
2022-06-04T03:12:00Z,332,CT_332_VSled_20220604,26.43,55795.19296,35.88334151
2022-06-04T03:14:00Z,332,CT_332_VSled_20220604,26.42,55798.19296,35.89331172
2022-06-04T03:16:00Z,332,CT_332_VSled_20220604,26.43,55898.99296,35.95861047
2022-06-04T03:18:00Z,332,CT_332_VSled_20220604,26.27,54708.19296,35.21891093
2022-06-04T03:20:00Z,332,CT_332_VSled_20220604,26.25,54463.49296,35.05682966
2022-06-04T03:22:00Z,332,CT_332_VSled_20220604,26.28,54264.09296,34.8895953
2022-06-04T03:24:00Z,332,CT_332_VSled_20220604,26.45,56559.89296,36.42262979
2022-06-04T03:26:00Z,332,CT_332_VSled_20220604,26.5,56480.69296,36.32563834
2022-06-04T03:28:00Z,332,CT_332_VSled_20220604,26.4,57941.49296,37.46940544
2022-06-04T03:30:00Z,332,CT_332_VSled_20220604,26.39,58470.09296,37.8642064
2022-06-04T03:32:00Z,332,CT_332_VSled_20220604,26.44,58323.59296,37.7159296
2022-06-04T03:34:00Z,332,CT_332_VSled_20220604,26.3,56235.79296,36.30549825
2022-06-04T03:36:00Z,332,CT_332_VSled_20220604,26.28,56999.69296,36.87852327
2022-06-04T03:38:00Z,332,CT_332_VSled_20220604,26.35,57476.59296,37.17039886
2022-06-04T03:40:00Z,332,CT_332_VSled_20220604,26.38,57921.09296,37.47080378
2022-06-04T03:42:00Z,332,CT_332_VSled_20220604,26.33,57439.99296,37.1598443
2022-06-04T03:44:00Z,332,CT_332_VSled_20220604,26.43,58171.29296,37.61281797
2022-06-04T03:46:00Z,332,CT_332_VSled_20220604,26.37,58216.09296,37.69473891
2022-06-04T03:48:00Z,332,CT_332_VSled_20220604,26.29,56828.29296,36.74537229
2022-06-04T03:50:00Z,332,CT_332_VSled_20220604,26.35,57360.39296,37.08554749
2022-06-04T03:52:00Z,332,CT_332_VSled_20220604,26.39,58368.79296,37.79005792
2022-06-04T03:54:00Z,332,CT_332_VSled_20220604,26.44,58292.29296,37.69305305
2022-06-04T03:56:00Z,332,CT_332_VSled_20220604,26.4,58571.89296,37.93048864
2022-06-04T03:58:00Z,332,CT_332_VSled_20220604,26.43,58716.59296,38.01163434
2022-06-04T04:00:00Z,332,CT_332_VSled_20220604,26.35,58105.79296,37.63041674
2022-06-04T04:02:00Z,332,CT_332_VSled_20220604,26.3,58143.69296,37.69919429
2022-06-04T04:04:00Z,332,CT_332_VSled_20220604,26.4,58375.79296,37.78695609
2022-06-04T04:06:00Z,332,CT_332_VSled_20220604,26.37,57751.49296,37.35499994
2022-06-04T04:08:00Z,332,CT_332_VSled_20220604,26.45,59135.39296,38.30174436
2022-06-04T04:10:00Z,332,CT_332_VSled_20220604,26.33,57413.39296,37.14041125
2022-06-04T04:12:00Z,332,CT_332_VSled_20220604,26.34,58119.59296,37.64871444
2022-06-04T04:14:00Z,332,CT_332_VSled_20220604,26.38,58755.59296,38.08160667
2022-06-04T04:16:00Z,332,CT_332_VSled_20220604,26.4,59218.79296,38.40463284
2022-06-04T04:18:00Z,332,CT_332_VSled_20220604,26.25,54556.99296,35.12460126
2022-06-04T04:20:00Z,332,CT_332_VSled_20220604,26.25,56170.39296,36.29737284
2022-06-04T04:22:00Z,332,CT_332_VSled_20220604,26.32,58438.59296,37.89887676
2022-06-04T04:24:00Z,332,CT_332_VSled_20220604,26.38,59544.39296,38.66049927
2022-06-04T04:26:00Z,332,CT_332_VSled_20220604,26.38,58684.69296,38.02964712
2022-06-04T04:28:00Z,332,CT_332_VSled_20220604,26.28,58344.39296,37.86281557
2022-06-04T04:30:00Z,332,CT_332_VSled_20220604,26.33,59066.79296,38.35156857
2022-06-04T04:32:00Z,332,CT_332_VSled_20220604,26.28,56486.99296,36.50438665
2022-06-04T04:34:00Z,332,CT_332_VSled_20220604,26.35,59342.59296,38.53743782
2022-06-04T04:36:00Z,332,CT_332_VSled_20220604,26.25,56928.39296,36.85053164
2022-06-04T04:38:00Z,332,CT_332_VSled_20220604,26.34,58571.89296,37.98007621
2022-06-04T04:40:00Z,332,CT_332_VSled_20220604,26.34,58050.89296,37.59842687
2022-06-04T04:42:00Z,332,CT_332_VSled_20220604,26.38,57961.99296,37.50070105
2022-06-04T04:44:00Z,332,CT_332_VSled_20220604,26.38,57748.09296,37.34438793
2022-06-04T04:46:00Z,332,CT_332_VSled_20220604,26.34,57761.59296,37.38678749
2022-06-04T04:48:00Z,332,CT_332_VSled_20220604,26.35,57143.19296,36.92703124
2022-06-04T04:50:00Z,332,CT_332_VSled_20220604,26.25,55075.79296,35.50102739
2022-06-04T04:52:00Z,332,CT_332_VSled_20220604,26.33,57603.49296,37.27932929
2022-06-04T04:54:00Z,332,CT_332_VSled_20220604,26.27,57126.79296,36.97942627
2022-06-04T04:56:00Z,332,CT_332_VSled_20220604,26.3,56518.69296,36.5115986
2022-06-04T04:58:00Z,332,CT_332_VSled_20220604,26.27,56528.19296,36.54238547
2022-06-04T05:00:00Z,332,CT_332_VSled_20220604,26.28,56065.09296,36.19698618
2022-06-04T05:02:00Z,332,CT_332_VSled_20220604,26.2,52090.59296,33.38022881
2022-06-04T05:04:00Z,332,CT_332_VSled_20220604,26.27,52560.29296,33.66729963
2022-06-04T05:06:00Z,332,CT_332_VSled_20220604,26.2,51449.79296,32.91950161
2022-06-04T05:08:00Z,332,CT_332_VSled_20220604,26.23,51071.09296,32.62641745
2022-06-04T05:10:00Z,332,CT_332_VSled_20220604,26.23,49591.09296,31.56821337
2022-06-04T05:12:00Z,332,CT_332_VSled_20220604,26.23,49339.09296,31.38856518
2022-06-04T05:14:00Z,332,CT_332_VSled_20220604,26.28,49938.69296,31.7817642
2022-06-04T05:16:00Z,332,CT_332_VSled_20220604,26.22,48975.09296,31.13610309
2022-06-04T05:18:00Z,332,CT_332_VSled_20220604,26.23,48995.09296,31.14358171
2022-06-04T05:20:00Z,332,CT_332_VSled_20220604,26.3,49380.09296,31.37011388
2022-06-04T05:22:00Z,332,CT_332_VSled_20220604,26.27,48627.49296,30.85533217
2022-06-04T05:24:00Z,332,CT_332_VSled_20220604,26.2,48412.49296,30.74934499
2022-06-04T05:26:00Z,332,CT_332_VSled_20220604,26.24,48806.19296,31.00245097
2022-06-04T05:28:00Z,332,CT_332_VSled_20220604,26.27,48812.09296,30.9864787
2022-06-04T05:30:00Z,332,CT_332_VSled_20220604,26.28,48617.79296,30.84175608
2022-06-04T05:32:00Z,332,CT_332_VSled_20220604,26.18,47615.29296,30.19658491
2022-06-04T05:34:00Z,332,CT_332_VSled_20220604,26.12,47734.09296,30.32031684
2022-06-04T05:36:00Z,332,CT_332_VSled_20220604,26.24,48627.49296,30.87541279
2022-06-04T05:38:00Z,332,CT_332_VSled_20220604,26.23,48447.09296,30.75391532
2022-06-04T05:40:00Z,332,CT_332_VSled_20220604,26.19,48263.19296,30.64990241
2022-06-04T05:42:00Z,332,CT_332_VSled_20220604,26.18,48106.09296,30.54492905
2022-06-04T05:44:00Z,332,CT_332_VSled_20220604,26.19,48204.29296,30.60805358
2022-06-04T05:46:00Z,332,CT_332_VSled_20220604,26.19,48156.99296,30.57445279
2022-06-04T05:48:00Z,332,CT_332_VSled_20220604,26.19,47642.59296,30.20939016
2022-06-04T05:50:00Z,332,CT_332_VSled_20220604,26.24,48092.89296,30.4958315
2022-06-04T05:52:00Z,332,CT_332_VSled_20220604,26.19,46838.49296,29.64003531
2022-06-04T05:54:00Z,332,CT_332_VSled_20220604,26.19,47721.29296,30.26520034
2022-06-04T05:56:00Z,332,CT_332_VSled_20220604,26.13,46712.99296,29.58980854
2022-06-04T05:58:00Z,332,CT_332_VSled_20220604,26.15,45829.19296,28.95274166
2022-06-04T06:00:00Z,332,CT_332_VSled_20220604,26.17,46217.99296,29.21443705
2022-06-04T06:02:00Z,332,CT_332_VSled_20220604,26.14,46059.99296,29.12188558
2022-06-04T06:04:00Z,332,CT_332_VSled_20220604,26.19,46347.69296,29.2933003
2022-06-04T06:06:00Z,332,CT_332_VSled_20220604,26.12,46206.49296,29.23801717
2022-06-04T06:08:00Z,332,CT_332_VSled_20220604,26.12,45421.99296,28.68444534
2022-06-04T06:10:00Z,332,CT_332_VSled_20220604,26.14,46130.59296,29.17173063
2022-06-04T06:12:00Z,332,CT_332_VSled_20220604,26.13,46646.39296,29.54268087
2022-06-04T06:14:00Z,332,CT_332_VSled_20220604,26.1,45546.49296,28.78468381
2022-06-04T06:16:00Z,332,CT_332_VSled_20220604,26.13,45033.29296,28.4045695
2022-06-04T06:18:00Z,332,CT_332_VSled_20220604,26.14,45686.39296,28.85832183
2022-06-04T06:20:00Z,332,CT_332_VSled_20220604,26.06,45379.69296,28.69197716
2022-06-04T06:22:00Z,332,CT_332_VSled_20220604,26.09,44780.09296,28.25101225
2022-06-04T06:24:00Z,332,CT_332_VSled_20220604,26.1,43528.69296,27.3666317
2022-06-04T06:26:00Z,332,CT_332_VSled_20220604,26.12,43753.69296,27.51232013
2022-06-04T06:28:00Z,332,CT_332_VSled_20220604,26.12,44579.99296,28.09200035
2022-06-04T06:30:00Z,332,CT_332_VSled_20220604,26.12,45114.59296,28.46794926
2022-06-04T06:32:00Z,332,CT_332_VSled_20220604,26.12,45340.69296,28.62716443
2022-06-04T06:34:00Z,332,CT_332_VSled_20220604,26.14,45373.49296,28.63784643
2022-06-04T06:36:00Z,332,CT_332_VSled_20220604,26.1,45125.29296,28.48783842
2022-06-04T06:38:00Z,332,CT_332_VSled_20220604,26.1,44955.49296,28.36829479
2022-06-04T06:40:00Z,332,CT_332_VSled_20220604,26.12,44669.29296,28.15474964
2022-06-04T06:42:00Z,332,CT_332_VSled_20220604,26.13,44300.59296,27.88975294
2022-06-04T06:44:00Z,332,CT_332_VSled_20220604,26.1,43581.49296,27.40360844
2022-06-04T06:46:00Z,332,CT_332_VSled_20220604,26.1,41712.99296,26.0993298
2022-06-04T06:48:00Z,332,CT_332_VSled_20220604,26.09,40432.89296,25.2163276
2022-06-04T06:50:00Z,332,CT_332_VSled_20220604,26.06,40909.89296,25.56358559
2022-06-04T06:52:00Z,332,CT_332_VSled_20220604,26.08,41770.39296,26.15059476
2022-06-04T06:54:00Z,332,CT_332_VSled_20220604,26.08,42593.19296,26.72422701
2022-06-04T06:56:00Z,332,CT_332_VSled_20220604,26.1,42239.09296,26.46567655
2022-06-04T06:58:00Z,332,CT_332_VSled_20220604,26.12,42504.29296,26.63906594
2022-06-04T07:00:00Z,332,CT_332_VSled_20220604,26.08,42530.39296,26.68038445
2022-06-04T07:02:00Z,332,CT_332_VSled_20220604,26.05,42846.69296,26.91880941
2022-06-04T07:04:00Z,332,CT_332_VSled_20220604,26.08,42258.29296,26.4905382
2022-06-04T07:06:00Z,332,CT_332_VSled_20220604,26.06,42881.39296,26.93723434
2022-06-04T07:08:00Z,332,CT_332_VSled_20220604,26.05,43029.99296,27.04703524
2022-06-04T07:10:00Z,332,CT_332_VSled_20220604,26.09,43363.09296,27.25661307
2022-06-04T07:12:00Z,332,CT_332_VSled_20220604,26.06,43832.69296,27.60356144
2022-06-04T07:14:00Z,332,CT_332_VSled_20220604,26.09,43386.39296,27.27292353
2022-06-04T07:16:00Z,332,CT_332_VSled_20220604,26.13,43863.79296,27.58348137
2022-06-04T07:18:00Z,332,CT_332_VSled_20220604,26.13,44685.69296,28.16016881
2022-06-04T07:20:00Z,332,CT_332_VSled_20220604,26.1,44240.99296,27.8660554
2022-06-04T07:22:00Z,332,CT_332_VSled_20220604,26.09,43001.79296,27.00387046
2022-06-04T07:24:00Z,332,CT_332_VSled_20220604,26.05,41597.49296,26.04720045
2022-06-04T07:26:00Z,332,CT_332_VSled_20220604,26.01,40328.49296,25.18765134
2022-06-04T07:28:00Z,332,CT_332_VSled_20220604,26.03,38379.29296,23.83037101
2022-06-04T07:30:00Z,332,CT_332_VSled_20220604,26.06,39698.59296,24.72450761
2022-06-04T07:32:00Z,332,CT_332_VSled_20220604,26.08,41719.19296,26.11495615
2022-06-04T07:34:00Z,332,CT_332_VSled_20220604,26.08,42200.59296,26.45030448
2022-06-04T07:36:00Z,332,CT_332_VSled_20220604,26.05,39624.69296,24.67878172
2022-06-04T07:38:00Z,332,CT_332_VSled_20220604,26.05,40352.79296,25.18266674
2022-06-04T07:40:00Z,332,CT_332_VSled_20220604,26.1,42519.89296,26.66149596
2022-06-04T07:42:00Z,332,CT_332_VSled_20220604,26.1,41985.49296,26.28899634
2022-06-04T07:44:00Z,332,CT_332_VSled_20220604,26.09,42569.59296,26.70196173
2022-06-04T07:46:00Z,332,CT_332_VSled_20220604,26.12,43203.19296,27.12707159
2022-06-04T07:48:00Z,332,CT_332_VSled_20220604,26.12,44655.89296,28.14533247
2022-06-04T07:50:00Z,332,CT_332_VSled_20220604,26.06,44702.19296,28.21457627
2022-06-04T07:52:00Z,332,CT_332_VSled_20220604,26.06,44538.49296,28.09939665
2022-06-04T07:54:00Z,332,CT_332_VSled_20220604,26.09,44762.09296,28.23834906
2022-06-04T07:56:00Z,332,CT_332_VSled_20220604,26.09,44551.79296,28.09046056
2022-06-04T07:58:00Z,332,CT_332_VSled_20220604,26.1,43927.69296,27.64623114
2022-06-04T08:00:00Z,332,CT_332_VSled_20220604,26.08,43484.39296,27.34746977
2022-06-04T08:02:00Z,332,CT_332_VSled_20220604,26.09,43058.29296,27.04337266
2022-06-04T08:04:00Z,332,CT_332_VSled_20220604,26.09,43525.89296,27.37060471
2022-06-04T08:06:00Z,332,CT_332_VSled_20220604,26.1,44342.89296,27.93760552
2022-06-04T08:08:00Z,332,CT_332_VSled_20220604,26.13,44920.59296,28.32529617
2022-06-04T08:10:00Z,332,CT_332_VSled_20220604,26.15,45156.09296,28.47862967
2022-06-04T08:12:00Z,332,CT_332_VSled_20220604,26.1,44870.59296,28.3085499
2022-06-04T08:14:00Z,332,CT_332_VSled_20220604,26.13,43957.59296,27.64921105
