PlateID,FragmentID,Treatment,Response_measurement,Initial_PR,Final_PR,PercentChange_PR,CowTagID,meanSilicate,meanSalinity,meanpH,meanPhosphate,meanAmmonia,meanN,maxSilicate,maxSalinity,maxpH,maxPhosphate,maxAmmonia,maxN,minSilicate,minSalinity,minpH,minPhosphate,minAmmonia,minN,rangeSilicate,rangeSalinity,rangepH,rangeAmmonia,rangePhosphate,rangeN,minTemp,maxTemp,meanTemp,rangeTemp,del15N,del13C,N_percent,C_percent,C_N
18,18c,Conspecific,NP,0.9435801006161053,0.429051890961438,-54.52936208793603,18,2.422,36.812,8.0359783134,0.232,0.288,0.544,7.67,36.91,8.068123549,0.31,0.48,1.09,0.88,36.49,7.994991411,0.2,0.12,0.31,6.79,0.4199999999999946,0.07313213799999918,0.36,0.11,0.78,26.25,31.57,27.36606909430392,5.32,4.3,-11.4,1.167943674,33.8579416,28.9893617
18,18c,Conspecific,GP,1.39039362844928,0.9185716921186524,-33.93441444757305,18,2.422,36.812,8.0359783134,0.232,0.288,0.544,7.67,36.91,8.068123549,0.31,0.48,1.09,0.88,36.49,7.994991411,0.2,0.12,0.31,6.79,0.4199999999999946,0.07313213799999918,0.36,0.11,0.78,26.25,31.57,27.36606909430392,5.32,4.3,-11.4,1.167943674,33.8579416,28.9893617
18,18c,Conspecific,R,0.4468135278331809,0.48951980115721455,9.5579633703432,18,2.422,36.812,8.0359783134,0.232,0.288,0.544,7.67,36.91,8.068123549,0.31,0.48,1.09,0.88,36.49,7.994991411,0.2,0.12,0.31,6.79,0.4199999999999946,0.07313213799999918,0.36,0.11,0.78,26.25,31.57,27.36606909430392,5.32,4.3,-11.4,1.167943674,33.8579416,28.9893617
18,18h,Heterospecific,NP,0.9435801006161053,0.5822217680080742,-38.29651901010675,18,2.422,36.812,8.0359783134,0.232,0.288,0.544,7.67,36.91,8.068123549,0.31,0.48,1.09,0.88,36.49,7.994991411,0.2,0.12,0.31,6.79,0.4199999999999946,0.07313213799999918,0.36,0.11,0.78,26.25,31.57,27.36606909430392,5.32,4.3,-11.4,1.167943674,33.8579416,28.9893617
18,18h,Heterospecific,GP,1.39039362844928,1.0372440988335698,-25.399248269684705,18,2.422,36.812,8.0359783134,0.232,0.288,0.544,7.67,36.91,8.068123549,0.31,0.48,1.09,0.88,36.49,7.994991411,0.2,0.12,0.31,6.79,0.4199999999999946,0.07313213799999918,0.36,0.11,0.78,26.25,31.57,27.36606909430392,5.32,4.3,-11.4,1.167943674,33.8579416,28.9893617
18,18h,Heterospecific,R,0.4468135278331809,0.4550223308254984,1.8371876590500804,18,2.422,36.812,8.0359783134,0.232,0.288,0.544,7.67,36.91,8.068123549,0.31,0.48,1.09,0.88,36.49,7.994991411,0.2,0.12,0.31,6.79,0.4199999999999946,0.07313213799999918,0.36,0.11,0.78,26.25,31.57,27.36606909430392,5.32,4.3,-11.4,1.167943674,33.8579416,28.9893617
18,18s,Space,NP,0.9435801006161053,0.48037841058301867,-49.08981121270381,18,2.422,36.812,8.0359783134,0.232,0.288,0.544,7.67,36.91,8.068123549,0.31,0.48,1.09,0.88,36.49,7.994991411,0.2,0.12,0.31,6.79,0.4199999999999946,0.07313213799999918,0.36,0.11,0.78,26.25,31.57,27.36606909430392,5.32,4.3,-11.4,1.167943674,33.8579416,28.9893617
18,18s,Space,GP,1.39039362844928,0.9978617675312428,-28.23170740186949,18,2.422,36.812,8.0359783134,0.232,0.288,0.544,7.67,36.91,8.068123549,0.31,0.48,1.09,0.88,36.49,7.994991411,0.2,0.12,0.31,6.79,0.4199999999999946,0.07313213799999918,0.36,0.11,0.78,26.25,31.57,27.36606909430392,5.32,4.3,-11.4,1.167943674,33.8579416,28.9893617
18,18s,Space,R,0.4468135278331809,0.5174833569482241,15.816403200179735,18,2.422,36.812,8.0359783134,0.232,0.288,0.544,7.67,36.91,8.068123549,0.31,0.48,1.09,0.88,36.49,7.994991411,0.2,0.12,0.31,6.79,0.4199999999999946,0.07313213799999918,0.36,0.11,0.78,26.25,31.57,27.36606909430392,5.32,4.3,-11.4,1.167943674,33.8579416,28.9893617
2,2m,Monoculture,NP,0.99004207067146,1.1399694761838801,15.143538840802725,2,2.172,36.872,8.0287693466,0.214,0.782,0.656,5.76,37.15,8.058910923,0.26,2.4,1.05,0.83,36.56,7.998791866,0.2,0.23,0.43,4.93,0.5899999999999963,0.06011905699999875,2.17,0.06,0.6200000000000001,23.12,28.9660355,27.33498078807052,5.846035499999999,4.4,-13.1,1.048576081,33.75700044,32.19318182
2,2m,Monoculture,GP,1.35006752459599,1.5684209141225298,16.173516179635712,2,2.172,36.872,8.0287693466,0.214,0.782,0.656,5.76,37.15,8.058910923,0.26,2.4,1.05,0.83,36.56,7.998791866,0.2,0.23,0.43,4.93,0.5899999999999963,0.06011905699999875,2.17,0.06,0.6200000000000001,23.12,28.9660355,27.33498078807052,5.846035499999999,4.4,-13.1,1.048576081,33.75700044,32.19318182
2,2m,Monoculture,R,0.360025453924522,0.4284514379386466,19.00587396480856,2,2.172,36.872,8.0287693466,0.214,0.782,0.656,5.76,37.15,8.058910923,0.26,2.4,1.05,0.83,36.56,7.998791866,0.2,0.23,0.43,4.93,0.5899999999999963,0.06011905699999875,2.17,0.06,0.6200000000000001,23.12,28.9660355,27.33498078807052,5.846035499999999,4.4,-13.1,1.048576081,33.75700044,32.19318182
2,2s,Space,NP,0.99004207067146,0.8246623589029954,-16.70431153054959,2,2.172,36.872,8.0287693466,0.214,0.782,0.656,5.76,37.15,8.058910923,0.26,2.4,1.05,0.83,36.56,7.998791866,0.2,0.23,0.43,4.93,0.5899999999999963,0.06011905699999875,2.17,0.06,0.6200000000000001,23.12,28.9660355,27.33498078807052,5.846035499999999,4.4,-13.1,1.048576081,33.75700044,32.19318182
2,2s,Space,GP,1.35006752459599,1.1317752870041,-16.16898663325854,2,2.172,36.872,8.0287693466,0.214,0.782,0.656,5.76,37.15,8.058910923,0.26,2.4,1.05,0.83,36.56,7.998791866,0.2,0.23,0.43,4.93,0.5899999999999963,0.06011905699999875,2.17,0.06,0.6200000000000001,23.12,28.9660355,27.33498078807052,5.846035499999999,4.4,-13.1,1.048576081,33.75700044,32.19318182
2,2s,Space,R,0.360025453924522,0.30711292810111257,-14.696884691520273,2,2.172,36.872,8.0287693466,0.214,0.782,0.656,5.76,37.15,8.058910923,0.26,2.4,1.05,0.83,36.56,7.998791866,0.2,0.23,0.43,4.93,0.5899999999999963,0.06011905699999875,2.17,0.06,0.6200000000000001,23.12,28.9660355,27.33498078807052,5.846035499999999,4.4,-13.1,1.048576081,33.75700044,32.19318182
2,2c,Conspecific,NP,0.99004207067146,0.8353452599931496,-15.625276466624594,2,2.172,36.872,8.0287693466,0.214,0.782,0.656,5.76,37.15,8.058910923,0.26,2.4,1.05,0.83,36.56,7.998791866,0.2,0.23,0.43,4.93,0.5899999999999963,0.06011905699999875,2.17,0.06,0.6200000000000001,23.12,28.9660355,27.33498078807052,5.846035499999999,4.4,-13.1,1.048576081,33.75700044,32.19318182
2,2c,Conspecific,GP,1.35006752459599,1.25368545330141,-7.139055605638885,2,2.172,36.872,8.0287693466,0.214,0.782,0.656,5.76,37.15,8.058910923,0.26,2.4,1.05,0.83,36.56,7.998791866,0.2,0.23,0.43,4.93,0.5899999999999963,0.06011905699999875,2.17,0.06,0.6200000000000001,23.12,28.9660355,27.33498078807052,5.846035499999999,4.4,-13.1,1.048576081,33.75700044,32.19318182
2,2c,Conspecific,R,0.360025453924522,0.41834019330826666,16.19739347539857,2,2.172,36.872,8.0287693466,0.214,0.782,0.656,5.76,37.15,8.058910923,0.26,2.4,1.05,0.83,36.56,7.998791866,0.2,0.23,0.43,4.93,0.5899999999999963,0.06011905699999875,2.17,0.06,0.6200000000000001,23.12,28.9660355,27.33498078807052,5.846035499999999,4.4,-13.1,1.048576081,33.75700044,32.19318182
2,2h,Heterospecific,NP,0.99004207067146,0.9150732292658076,-7.57228845384394,2,2.172,36.872,8.0287693466,0.214,0.782,0.656,5.76,37.15,8.058910923,0.26,2.4,1.05,0.83,36.56,7.998791866,0.2,0.23,0.43,4.93,0.5899999999999963,0.06011905699999875,2.17,0.06,0.6200000000000001,23.12,28.9660355,27.33498078807052,5.846035499999999,4.4,-13.1,1.048576081,33.75700044,32.19318182
2,2h,Heterospecific,GP,1.35006752459599,1.42980758969142,5.906376062137506,2,2.172,36.872,8.0287693466,0.214,0.782,0.656,5.76,37.15,8.058910923,0.26,2.4,1.05,0.83,36.56,7.998791866,0.2,0.23,0.43,4.93,0.5899999999999963,0.06011905699999875,2.17,0.06,0.6200000000000001,23.12,28.9660355,27.33498078807052,5.846035499999999,4.4,-13.1,1.048576081,33.75700044,32.19318182
2,2h,Heterospecific,R,0.360025453924522,0.5147343604256123,42.97165792436565,2,2.172,36.872,8.0287693466,0.214,0.782,0.656,5.76,37.15,8.058910923,0.26,2.4,1.05,0.83,36.56,7.998791866,0.2,0.23,0.43,4.93,0.5899999999999963,0.06011905699999875,2.17,0.06,0.6200000000000001,23.12,28.9660355,27.33498078807052,5.846035499999999,4.4,-13.1,1.048576081,33.75700044,32.19318182
8,8h,Heterospecific,NP,1.31106206778383,1.13552574000623,-13.388864805944694,8,2.75,36.782,8.0209187578,0.212,0.322,0.636,8.28,37.05,8.054799461,0.26,0.54,1.34,0.77,36.41,7.965271755,0.19,0.19,0.35,7.51,0.6400000000000006,0.08952770600000015,0.35000000000000003,0.07,0.99,26.18,29.1090611,27.47356743482826,2.929061100000002,5.2,-11.4,1.263891063,34.07027704,26.95665635
8,8h,Heterospecific,GP,2.01288845343332,1.47096428892019,-26.922712164640178,8,2.75,36.782,8.0209187578,0.212,0.322,0.636,8.28,37.05,8.054799461,0.26,0.54,1.34,0.77,36.41,7.965271755,0.19,0.19,0.35,7.51,0.6400000000000006,0.08952770600000015,0.35000000000000003,0.07,0.99,26.18,29.1090611,27.47356743482826,2.929061100000002,5.2,-11.4,1.263891063,34.07027704,26.95665635
8,8h,Heterospecific,R,0.7018263856494928,0.33543854891396185,-52.204910534457014,8,2.75,36.782,8.0209187578,0.212,0.322,0.636,8.28,37.05,8.054799461,0.26,0.54,1.34,0.77,36.41,7.965271755,0.19,0.19,0.35,7.51,0.6400000000000006,0.08952770600000015,0.35000000000000003,0.07,0.99,26.18,29.1090611,27.47356743482826,2.929061100000002,5.2,-11.4,1.263891063,34.07027704,26.95665635
8,8c,Conspecific,NP,1.31106206778383,1.27293447255036,-2.908145706474399,8,2.75,36.782,8.0209187578,0.212,0.322,0.636,8.28,37.05,8.054799461,0.26,0.54,1.34,0.77,36.41,7.965271755,0.19,0.19,0.35,7.51,0.6400000000000006,0.08952770600000015,0.35000000000000003,0.07,0.99,26.18,29.1090611,27.47356743482826,2.929061100000002,5.2,-11.4,1.263891063,34.07027704,26.95665635
8,8c,Conspecific,GP,2.01288845343332,1.67220804148227,-16.92495236732876,8,2.75,36.782,8.0209187578,0.212,0.322,0.636,8.28,37.05,8.054799461,0.26,0.54,1.34,0.77,36.41,7.965271755,0.19,0.19,0.35,7.51,0.6400000000000006,0.08952770600000015,0.35000000000000003,0.07,0.99,26.18,29.1090611,27.47356743482826,2.929061100000002,5.2,-11.4,1.263891063,34.07027704,26.95665635
8,8c,Conspecific,R,0.7018263856494928,0.39927356893191557,-43.109353381974245,8,2.75,36.782,8.0209187578,0.212,0.322,0.636,8.28,37.05,8.054799461,0.26,0.54,1.34,0.77,36.41,7.965271755,0.19,0.19,0.35,7.51,0.6400000000000006,0.08952770600000015,0.35000000000000003,0.07,0.99,26.18,29.1090611,27.47356743482826,2.929061100000002,5.2,-11.4,1.263891063,34.07027704,26.95665635
11,11h,Heterospecific,NP,0.5819347908896847,0.8089559911304459,39.01145004471761,11,2.264,36.814,8.04024345,0.212,0.452,0.56,7.61,36.89,8.057878901,0.23,1.02,1.11,0.66,36.56,8.007816244,0.2,0.07,0.34,6.95,0.3299999999999983,0.05006265699999979,0.95,0.03,0.77,23.12,28.4277037,27.096572399784737,5.307703699999998,4.5,-10.6,1.187867605,33.67546996,28.34951456
11,11h,Heterospecific,GP,0.970802509709042,0.9562037077566676,-1.5037870016168164,11,2.264,36.814,8.04024345,0.212,0.452,0.56,7.61,36.89,8.057878901,0.23,1.02,1.11,0.66,36.56,8.007816244,0.2,0.07,0.34,6.95,0.3299999999999983,0.05006265699999979,0.95,0.03,0.77,23.12,28.4277037,27.096572399784737,5.307703699999998,4.5,-10.6,1.187867605,33.67546996,28.34951456
11,11h,Heterospecific,R,0.38886771881935733,0.14724771662622163,-62.13424012842182,11,2.264,36.814,8.04024345,0.212,0.452,0.56,7.61,36.89,8.057878901,0.23,1.02,1.11,0.66,36.56,8.007816244,0.2,0.07,0.34,6.95,0.3299999999999983,0.05006265699999979,0.95,0.03,0.77,23.12,28.4277037,27.096572399784737,5.307703699999998,4.5,-10.6,1.187867605,33.67546996,28.34951456
11,11s,Space,NP,0.5819347908896847,0.7707772225391868,32.45078909284533,11,2.264,36.814,8.04024345,0.212,0.452,0.56,7.61,36.89,8.057878901,0.23,1.02,1.11,0.66,36.56,8.007816244,0.2,0.07,0.34,6.95,0.3299999999999983,0.05006265699999979,0.95,0.03,0.77,23.12,28.4277037,27.096572399784737,5.307703699999998,4.5,-10.6,1.187867605,33.67546996,28.34951456
11,11s,Space,GP,0.970802509709042,1.1109956438975601,14.440953003977627,11,2.264,36.814,8.04024345,0.212,0.452,0.56,7.61,36.89,8.057878901,0.23,1.02,1.11,0.66,36.56,8.007816244,0.2,0.07,0.34,6.95,0.3299999999999983,0.05006265699999979,0.95,0.03,0.77,23.12,28.4277037,27.096572399784737,5.307703699999998,4.5,-10.6,1.187867605,33.67546996,28.34951456
11,11s,Space,R,0.38886771881935733,0.3402184213583749,-12.510500385243278,11,2.264,36.814,8.04024345,0.212,0.452,0.56,7.61,36.89,8.057878901,0.23,1.02,1.11,0.66,36.56,8.007816244,0.2,0.07,0.34,6.95,0.3299999999999983,0.05006265699999979,0.95,0.03,0.77,23.12,28.4277037,27.096572399784737,5.307703699999998,4.5,-10.6,1.187867605,33.67546996,28.34951456
11,11m,Monoculture,NP,0.5819347908896847,0.8733533314600072,50.07752503073246,11,2.264,36.814,8.04024345,0.212,0.452,0.56,7.61,36.89,8.057878901,0.23,1.02,1.11,0.66,36.56,8.007816244,0.2,0.07,0.34,6.95,0.3299999999999983,0.05006265699999979,0.95,0.03,0.77,23.12,28.4277037,27.096572399784737,5.307703699999998,4.5,-10.6,1.187867605,33.67546996,28.34951456
11,11m,Monoculture,GP,0.970802509709042,1.00308267374401,3.3251010078911554,11,2.264,36.814,8.04024345,0.212,0.452,0.56,7.61,36.89,8.057878901,0.23,1.02,1.11,0.66,36.56,8.007816244,0.2,0.07,0.34,6.95,0.3299999999999983,0.05006265699999979,0.95,0.03,0.77,23.12,28.4277037,27.096572399784737,5.307703699999998,4.5,-10.6,1.187867605,33.67546996,28.34951456
11,11m,Monoculture,R,0.38886771881935733,0.12972934228401026,-66.63921019778088,11,2.264,36.814,8.04024345,0.212,0.452,0.56,7.61,36.89,8.057878901,0.23,1.02,1.11,0.66,36.56,8.007816244,0.2,0.07,0.34,6.95,0.3299999999999983,0.05006265699999979,0.95,0.03,0.77,23.12,28.4277037,27.096572399784737,5.307703699999998,4.5,-10.6,1.187867605,33.67546996,28.34951456
11,11c,Conspecific,NP,0.5819347908896847,0.38747081219397217,-33.41679888195176,11,2.264,36.814,8.04024345,0.212,0.452,0.56,7.61,36.89,8.057878901,0.23,1.02,1.11,0.66,36.56,8.007816244,0.2,0.07,0.34,6.95,0.3299999999999983,0.05006265699999979,0.95,0.03,0.77,23.12,28.4277037,27.096572399784737,5.307703699999998,4.5,-10.6,1.187867605,33.67546996,28.34951456
11,11c,Conspecific,GP,0.970802509709042,0.5456909221775522,-43.7897083371673,11,2.264,36.814,8.04024345,0.212,0.452,0.56,7.61,36.89,8.057878901,0.23,1.02,1.11,0.66,36.56,8.007816244,0.2,0.07,0.34,6.95,0.3299999999999983,0.05006265699999979,0.95,0.03,0.77,23.12,28.4277037,27.096572399784737,5.307703699999998,4.5,-10.6,1.187867605,33.67546996,28.34951456
11,11c,Conspecific,R,0.38886771881935733,0.15822010998358005,-59.31261394904347,11,2.264,36.814,8.04024345,0.212,0.452,0.56,7.61,36.89,8.057878901,0.23,1.02,1.11,0.66,36.56,8.007816244,0.2,0.07,0.34,6.95,0.3299999999999983,0.05006265699999979,0.95,0.03,0.77,23.12,28.4277037,27.096572399784737,5.307703699999998,4.5,-10.6,1.187867605,33.67546996,28.34951456
14,14s,Space,NP,0.7152355044912674,1.1444656973888498,60.01242810266882,14,2.396,36.842,8.0394515752,0.218,0.402,0.486,3.66,36.98,8.099315001,0.23,0.69,0.6,1.45,36.71,7.981920931,0.2,0.21,0.44,2.21,0.269999999999996,0.11739407000000046,0.48,0.03,0.15999999999999998,25.99,31.07,27.185998173617648,5.080000000000002,4.5,-10.4,0.892337536,32.78370514,36.73913043
14,14s,Space,GP,1.24365969104394,1.86928193833336,50.30493886669806,14,2.396,36.842,8.0394515752,0.218,0.402,0.486,3.66,36.98,8.099315001,0.23,0.69,0.6,1.45,36.71,7.981920931,0.2,0.21,0.44,2.21,0.269999999999996,0.11739407000000046,0.48,0.03,0.15999999999999998,25.99,31.07,27.185998173617648,5.080000000000002,4.5,-10.4,0.892337536,32.78370514,36.73913043
14,14s,Space,R,0.5284241865526751,0.7248162409445049,37.16560660726925,14,2.396,36.842,8.0394515752,0.218,0.402,0.486,3.66,36.98,8.099315001,0.23,0.69,0.6,1.45,36.71,7.981920931,0.2,0.21,0.44,2.21,0.269999999999996,0.11739407000000046,0.48,0.03,0.15999999999999998,25.99,31.07,27.185998173617648,5.080000000000002,4.5,-10.4,0.892337536,32.78370514,36.73913043
14,14h,Heterospecific,NP,0.7152355044912674,1.06298016617287,48.61960284381385,14,2.396,36.842,8.0394515752,0.218,0.402,0.486,3.66,36.98,8.099315001,0.23,0.69,0.6,1.45,36.71,7.981920931,0.2,0.21,0.44,2.21,0.269999999999996,0.11739407000000046,0.48,0.03,0.15999999999999998,25.99,31.07,27.185998173617648,5.080000000000002,4.5,-10.4,0.892337536,32.78370514,36.73913043
14,14h,Heterospecific,GP,1.24365969104394,1.8988615988456399,52.68337572730343,14,2.396,36.842,8.0394515752,0.218,0.402,0.486,3.66,36.98,8.099315001,0.23,0.69,0.6,1.45,36.71,7.981920931,0.2,0.21,0.44,2.21,0.269999999999996,0.11739407000000046,0.48,0.03,0.15999999999999998,25.99,31.07,27.185998173617648,5.080000000000002,4.5,-10.4,0.892337536,32.78370514,36.73913043
14,14h,Heterospecific,R,0.5284241865526751,0.8358814326727646,58.183795129794106,14,2.396,36.842,8.0394515752,0.218,0.402,0.486,3.66,36.98,8.099315001,0.23,0.69,0.6,1.45,36.71,7.981920931,0.2,0.21,0.44,2.21,0.269999999999996,0.11739407000000046,0.48,0.03,0.15999999999999998,25.99,31.07,27.185998173617648,5.080000000000002,4.5,-10.4,0.892337536,32.78370514,36.73913043
14,14m,Monoculture,NP,0.7152355044912674,0.9548309031820368,33.49881223544527,14,2.396,36.842,8.0394515752,0.218,0.402,0.486,3.66,36.98,8.099315001,0.23,0.69,0.6,1.45,36.71,7.981920931,0.2,0.21,0.44,2.21,0.269999999999996,0.11739407000000046,0.48,0.03,0.15999999999999998,25.99,31.07,27.185998173617648,5.080000000000002,4.5,-10.4,0.892337536,32.78370514,36.73913043
14,14m,Monoculture,GP,1.24365969104394,1.91436124656449,53.92966905259723,14,2.396,36.842,8.0394515752,0.218,0.402,0.486,3.66,36.98,8.099315001,0.23,0.69,0.6,1.45,36.71,7.981920931,0.2,0.21,0.44,2.21,0.269999999999996,0.11739407000000046,0.48,0.03,0.15999999999999998,25.99,31.07,27.185998173617648,5.080000000000002,4.5,-10.4,0.892337536,32.78370514,36.73913043
14,14m,Monoculture,R,0.5284241865526751,0.9595303433824568,81.58335061122483,14,2.396,36.842,8.0394515752,0.218,0.402,0.486,3.66,36.98,8.099315001,0.23,0.69,0.6,1.45,36.71,7.981920931,0.2,0.21,0.44,2.21,0.269999999999996,0.11739407000000046,0.48,0.03,0.15999999999999998,25.99,31.07,27.185998173617648,5.080000000000002,4.5,-10.4,0.892337536,32.78370514,36.73913043
1,1c,Conspecific,NP,0.6870284860517915,0.6659806939548191,-3.063598165765967,1,2.228,36.784,8.0338173744,0.212,0.338,0.5760000000000001,5.11,36.86,8.07027729,0.23,0.52,0.84,0.91,36.56,7.991556233,0.2,0.08,0.33,4.2,0.29999999999999716,0.0787210570000001,0.44,0.03,0.51,22.72,31.88,26.53707466723553,9.16,4.6,-9.8,0.946727778,32.69592005,34.53571429
1,1c,Conspecific,GP,1.1319822159993198,0.9308132367023656,-17.771390438264202,1,2.228,36.784,8.0338173744,0.212,0.338,0.5760000000000001,5.11,36.86,8.07027729,0.23,0.52,0.84,0.91,36.56,7.991556233,0.2,0.08,0.33,4.2,0.29999999999999716,0.0787210570000001,0.44,0.03,0.51,22.72,31.88,26.53707466723553,9.16,4.6,-9.8,0.946727778,32.69592005,34.53571429
1,1c,Conspecific,R,0.4449537299475306,0.26483254274754636,-40.48088038754599,1,2.228,36.784,8.0338173744,0.212,0.338,0.5760000000000001,5.11,36.86,8.07027729,0.23,0.52,0.84,0.91,36.56,7.991556233,0.2,0.08,0.33,4.2,0.29999999999999716,0.0787210570000001,0.44,0.03,0.51,22.72,31.88,26.53707466723553,9.16,4.6,-9.8,0.946727778,32.69592005,34.53571429
1,1s,Space,NP,0.6870284860517915,0.7709456154716126,12.21450509309668,1,2.228,36.784,8.0338173744,0.212,0.338,0.5760000000000001,5.11,36.86,8.07027729,0.23,0.52,0.84,0.91,36.56,7.991556233,0.2,0.08,0.33,4.2,0.29999999999999716,0.0787210570000001,0.44,0.03,0.51,22.72,31.88,26.53707466723553,9.16,4.6,-9.8,0.946727778,32.69592005,34.53571429
1,1s,Space,GP,1.1319822159993198,1.1173453226938,-1.293032089960748,1,2.228,36.784,8.0338173744,0.212,0.338,0.5760000000000001,5.11,36.86,8.07027729,0.23,0.52,0.84,0.91,36.56,7.991556233,0.2,0.08,0.33,4.2,0.29999999999999716,0.0787210570000001,0.44,0.03,0.51,22.72,31.88,26.53707466723553,9.16,4.6,-9.8,0.946727778,32.69592005,34.53571429
1,1s,Space,R,0.4449537299475306,0.3463997072221904,-22.1492744283685,1,2.228,36.784,8.0338173744,0.212,0.338,0.5760000000000001,5.11,36.86,8.07027729,0.23,0.52,0.84,0.91,36.56,7.991556233,0.2,0.08,0.33,4.2,0.29999999999999716,0.0787210570000001,0.44,0.03,0.51,22.72,31.88,26.53707466723553,9.16,4.6,-9.8,0.946727778,32.69592005,34.53571429
1,1h,Heterospecific,NP,0.6870284860517915,0.3805746977340477,-44.605688779932464,1,2.228,36.784,8.0338173744,0.212,0.338,0.5760000000000001,5.11,36.86,8.07027729,0.23,0.52,0.84,0.91,36.56,7.991556233,0.2,0.08,0.33,4.2,0.29999999999999716,0.0787210570000001,0.44,0.03,0.51,22.72,31.88,26.53707466723553,9.16,4.6,-9.8,0.946727778,32.69592005,34.53571429
1,1h,Heterospecific,GP,1.1319822159993198,0.5285106574169669,-53.3110458850809,1,2.228,36.784,8.0338173744,0.212,0.338,0.5760000000000001,5.11,36.86,8.07027729,0.23,0.52,0.84,0.91,36.56,7.991556233,0.2,0.08,0.33,4.2,0.29999999999999716,0.0787210570000001,0.44,0.03,0.51,22.72,31.88,26.53707466723553,9.16,4.6,-9.8,0.946727778,32.69592005,34.53571429
1,1h,Heterospecific,R,0.4449537299475306,0.14793595968291928,-66.75250712015291,1,2.228,36.784,8.0338173744,0.212,0.338,0.5760000000000001,5.11,36.86,8.07027729,0.23,0.52,0.84,0.91,36.56,7.991556233,0.2,0.08,0.33,4.2,0.29999999999999716,0.0787210570000001,0.44,0.03,0.51,22.72,31.88,26.53707466723553,9.16,4.6,-9.8,0.946727778,32.69592005,34.53571429
1,1m,Monoculture,NP,0.6870284860517915,0.9932350502107514,44.569704222697496,1,2.228,36.784,8.0338173744,0.212,0.338,0.5760000000000001,5.11,36.86,8.07027729,0.23,0.52,0.84,0.91,36.56,7.991556233,0.2,0.08,0.33,4.2,0.29999999999999716,0.0787210570000001,0.44,0.03,0.51,22.72,31.88,26.53707466723553,9.16,4.6,-9.8,0.946727778,32.69592005,34.53571429
1,1m,Monoculture,GP,1.1319822159993198,1.54393716260352,36.39235146821844,1,2.228,36.784,8.0338173744,0.212,0.338,0.5760000000000001,5.11,36.86,8.07027729,0.23,0.52,0.84,0.91,36.56,7.991556233,0.2,0.08,0.33,4.2,0.29999999999999716,0.0787210570000001,0.44,0.03,0.51,22.72,31.88,26.53707466723553,9.16,4.6,-9.8,0.946727778,32.69592005,34.53571429
1,1m,Monoculture,R,0.4449537299475306,0.5507021123927763,23.766152596971303,1,2.228,36.784,8.0338173744,0.212,0.338,0.5760000000000001,5.11,36.86,8.07027729,0.23,0.52,0.84,0.91,36.56,7.991556233,0.2,0.08,0.33,4.2,0.29999999999999716,0.0787210570000001,0.44,0.03,0.51,22.72,31.88,26.53707466723553,9.16,4.6,-9.8,0.946727778,32.69592005,34.53571429
5,5c,Conspecific,NP,0.6565780500840765,0.5982213678616755,-8.888003827561448,5,1.822,36.844,8.0399795864,0.214,0.226,0.548,5.43,37.08,8.065620771,0.25,0.46,1.05,0.86,36.61,8.006422563,0.19,0.04,0.27,4.569999999999999,0.46999999999999886,0.05919820800000153,0.42,0.06,0.78,26.39129985,28.51274742,27.25833353597198,2.121447570000001,4.1,-10.3,0.974888097,33.66967605,34.53696498
5,5c,Conspecific,GP,1.06942781913329,0.8722375493974508,-18.438857322381104,5,1.822,36.844,8.0399795864,0.214,0.226,0.548,5.43,37.08,8.065620771,0.25,0.46,1.05,0.86,36.61,8.006422563,0.19,0.04,0.27,4.569999999999999,0.46999999999999886,0.05919820800000153,0.42,0.06,0.78,26.39129985,28.51274742,27.25833353597198,2.121447570000001,4.1,-10.3,0.974888097,33.66967605,34.53696498
5,5c,Conspecific,R,0.41284976904921544,0.2740161815357753,-33.62811315921796,5,1.822,36.844,8.0399795864,0.214,0.226,0.548,5.43,37.08,8.065620771,0.25,0.46,1.05,0.86,36.61,8.006422563,0.19,0.04,0.27,4.569999999999999,0.46999999999999886,0.05919820800000153,0.42,0.06,0.78,26.39129985,28.51274742,27.25833353597198,2.121447570000001,4.1,-10.3,0.974888097,33.66967605,34.53696498
5,5s,Space,NP,0.6565780500840765,0.5374576894025812,-18.14260477733632,5,1.822,36.844,8.0399795864,0.214,0.226,0.548,5.43,37.08,8.065620771,0.25,0.46,1.05,0.86,36.61,8.006422563,0.19,0.04,0.27,4.569999999999999,0.46999999999999886,0.05919820800000153,0.42,0.06,0.78,26.39129985,28.51274742,27.25833353597198,2.121447570000001,4.1,-10.3,0.974888097,33.66967605,34.53696498
5,5s,Space,GP,1.06942781913329,0.8286776035539678,-22.51205843648583,5,1.822,36.844,8.0399795864,0.214,0.226,0.548,5.43,37.08,8.065620771,0.25,0.46,1.05,0.86,36.61,8.006422563,0.19,0.04,0.27,4.569999999999999,0.46999999999999886,0.05919820800000153,0.42,0.06,0.78,26.39129985,28.51274742,27.25833353597198,2.121447570000001,4.1,-10.3,0.974888097,33.66967605,34.53696498
5,5s,Space,R,0.41284976904921544,0.29121991415138654,-29.461044674419934,5,1.822,36.844,8.0399795864,0.214,0.226,0.548,5.43,37.08,8.065620771,0.25,0.46,1.05,0.86,36.61,8.006422563,0.19,0.04,0.27,4.569999999999999,0.46999999999999886,0.05919820800000153,0.42,0.06,0.78,26.39129985,28.51274742,27.25833353597198,2.121447570000001,4.1,-10.3,0.974888097,33.66967605,34.53696498
5,5h,Heterospecific,NP,0.6565780500840765,0.684415402610371,4.23976289227607,5,1.822,36.844,8.0399795864,0.214,0.226,0.548,5.43,37.08,8.065620771,0.25,0.46,1.05,0.86,36.61,8.006422563,0.19,0.04,0.27,4.569999999999999,0.46999999999999886,0.05919820800000153,0.42,0.06,0.78,26.39129985,28.51274742,27.25833353597198,2.121447570000001,4.1,-10.3,0.974888097,33.66967605,34.53696498
5,5h,Heterospecific,GP,1.06942781913329,1.19675435999961,11.906043455042228,5,1.822,36.844,8.0399795864,0.214,0.226,0.548,5.43,37.08,8.065620771,0.25,0.46,1.05,0.86,36.61,8.006422563,0.19,0.04,0.27,4.569999999999999,0.46999999999999886,0.05919820800000153,0.42,0.06,0.78,26.39129985,28.51274742,27.25833353597198,2.121447570000001,4.1,-10.3,0.974888097,33.66967605,34.53696498
5,5h,Heterospecific,R,0.41284976904921544,0.5123389573892393,24.09815768315564,5,1.822,36.844,8.0399795864,0.214,0.226,0.548,5.43,37.08,8.065620771,0.25,0.46,1.05,0.86,36.61,8.006422563,0.19,0.04,0.27,4.569999999999999,0.46999999999999886,0.05919820800000153,0.42,0.06,0.78,26.39129985,28.51274742,27.25833353597198,2.121447570000001,4.1,-10.3,0.974888097,33.66967605,34.53696498
5,5m,Monoculture,NP,0.6565780500840765,0.5755400070137889,-12.342484348952956,5,1.822,36.844,8.0399795864,0.214,0.226,0.548,5.43,37.08,8.065620771,0.25,0.46,1.05,0.86,36.61,8.006422563,0.19,0.04,0.27,4.569999999999999,0.46999999999999886,0.05919820800000153,0.42,0.06,0.78,26.39129985,28.51274742,27.25833353597198,2.121447570000001,4.1,-10.3,0.974888097,33.66967605,34.53696498
5,5m,Monoculture,GP,1.06942781913329,1.02173634042943,-4.459532270491269,5,1.822,36.844,8.0399795864,0.214,0.226,0.548,5.43,37.08,8.065620771,0.25,0.46,1.05,0.86,36.61,8.006422563,0.19,0.04,0.27,4.569999999999999,0.46999999999999886,0.05919820800000153,0.42,0.06,0.78,26.39129985,28.51274742,27.25833353597198,2.121447570000001,4.1,-10.3,0.974888097,33.66967605,34.53696498
5,5m,Monoculture,R,0.41284976904921544,0.44619633341564774,8.077166772608049,5,1.822,36.844,8.0399795864,0.214,0.226,0.548,5.43,37.08,8.065620771,0.25,0.46,1.05,0.86,36.61,8.006422563,0.19,0.04,0.27,4.569999999999999,0.46999999999999886,0.05919820800000153,0.42,0.06,0.78,26.39129985,28.51274742,27.25833353597198,2.121447570000001,4.1,-10.3,0.974888097,33.66967605,34.53696498
7,7h,Heterospecific,NP,1.0426191155187698,0.6473945193937571,-37.906901019013375,7,2.304,36.872,8.0320764612,0.23,0.408,0.688,4,36.99,8.080417976,0.25,0.7,0.92,1.01,36.76,7.996943508,0.21,0.21,0.54,2.99,0.230000000000004,0.08347446799999947,0.49,0.04000000000000001,0.38,23,28.74909763,27.15046137619001,5.749097630000001,4.8,-10.5,0.994806233,31.16660008,31.32931727
7,7h,Heterospecific,GP,1.6869770966661302,1.01775504351814,-39.66989560620193,7,2.304,36.872,8.0320764612,0.23,0.408,0.688,4,36.99,8.080417976,0.25,0.7,0.92,1.01,36.76,7.996943508,0.21,0.21,0.54,2.99,0.230000000000004,0.08347446799999947,0.49,0.04000000000000001,0.38,23,28.74909763,27.15046137619001,5.749097630000001,4.8,-10.5,0.994806233,31.16660008,31.32931727
7,7h,Heterospecific,R,0.6443579811473638,0.3703605241243909,-42.522551910521,7,2.304,36.872,8.0320764612,0.23,0.408,0.688,4,36.99,8.080417976,0.25,0.7,0.92,1.01,36.76,7.996943508,0.21,0.21,0.54,2.99,0.230000000000004,0.08347446799999947,0.49,0.04000000000000001,0.38,23,28.74909763,27.15046137619001,5.749097630000001,4.8,-10.5,0.994806233,31.16660008,31.32931727
7,7c,Conspecific,NP,1.0426191155187698,0.6768285879596079,-35.08381173091746,7,2.304,36.872,8.0320764612,0.23,0.408,0.688,4,36.99,8.080417976,0.25,0.7,0.92,1.01,36.76,7.996943508,0.21,0.21,0.54,2.99,0.230000000000004,0.08347446799999947,0.49,0.04000000000000001,0.38,23,28.74909763,27.15046137619001,5.749097630000001,4.8,-10.5,0.994806233,31.16660008,31.32931727
7,7c,Conspecific,GP,1.6869770966661302,1.0303700519704801,-38.922107833785205,7,2.304,36.872,8.0320764612,0.23,0.408,0.688,4,36.99,8.080417976,0.25,0.7,0.92,1.01,36.76,7.996943508,0.21,0.21,0.54,2.99,0.230000000000004,0.08347446799999947,0.49,0.04000000000000001,0.38,23,28.74909763,27.15046137619001,5.749097630000001,4.8,-10.5,0.994806233,31.16660008,31.32931727
7,7c,Conspecific,R,0.6443579811473638,0.35354146401087944,-45.13275626983738,7,2.304,36.872,8.0320764612,0.23,0.408,0.688,4,36.99,8.080417976,0.25,0.7,0.92,1.01,36.76,7.996943508,0.21,0.21,0.54,2.99,0.230000000000004,0.08347446799999947,0.49,0.04000000000000001,0.38,23,28.74909763,27.15046137619001,5.749097630000001,4.8,-10.5,0.994806233,31.16660008,31.32931727
7,7m,Monoculture,NP,1.0426191155187698,0.4257251883461012,-59.16771695344608,7,2.304,36.872,8.0320764612,0.23,0.408,0.688,4,36.99,8.080417976,0.25,0.7,0.92,1.01,36.76,7.996943508,0.21,0.21,0.54,2.99,0.230000000000004,0.08347446799999947,0.49,0.04000000000000001,0.38,23,28.74909763,27.15046137619001,5.749097630000001,4.8,-10.5,0.994806233,31.16660008,31.32931727
7,7m,Monoculture,GP,1.6869770966661302,0.683571548838659,-59.47950033289962,7,2.304,36.872,8.0320764612,0.23,0.408,0.688,4,36.99,8.080417976,0.25,0.7,0.92,1.01,36.76,7.996943508,0.21,0.21,0.54,2.99,0.230000000000004,0.08347446799999947,0.49,0.04000000000000001,0.38,23,28.74909763,27.15046137619001,5.749097630000001,4.8,-10.5,0.994806233,31.16660008,31.32931727
7,7m,Monoculture,R,0.6443579811473638,0.25784636049255777,-59.98398901904986,7,2.304,36.872,8.0320764612,0.23,0.408,0.688,4,36.99,8.080417976,0.25,0.7,0.92,1.01,36.76,7.996943508,0.21,0.21,0.54,2.99,0.230000000000004,0.08347446799999947,0.49,0.04000000000000001,0.38,23,28.74909763,27.15046137619001,5.749097630000001,4.8,-10.5,0.994806233,31.16660008,31.32931727
7,7s,Space,NP,1.0426191155187698,0.47934012860422953,-54.025384584884875,7,2.304,36.872,8.0320764612,0.23,0.408,0.688,4,36.99,8.080417976,0.25,0.7,0.92,1.01,36.76,7.996943508,0.21,0.21,0.54,2.99,0.230000000000004,0.08347446799999947,0.49,0.04000000000000001,0.38,23,28.74909763,27.15046137619001,5.749097630000001,4.8,-10.5,0.994806233,31.16660008,31.32931727
7,7s,Space,GP,1.6869770966661302,0.7453113744607738,-55.81970994545882,7,2.304,36.872,8.0320764612,0.23,0.408,0.688,4,36.99,8.080417976,0.25,0.7,0.92,1.01,36.76,7.996943508,0.21,0.21,0.54,2.99,0.230000000000004,0.08347446799999947,0.49,0.04000000000000001,0.38,23,28.74909763,27.15046137619001,5.749097630000001,4.8,-10.5,0.994806233,31.16660008,31.32931727
7,7s,Space,R,0.6443579811473638,0.2659712458565443,-58.72306177026818,7,2.304,36.872,8.0320764612,0.23,0.408,0.688,4,36.99,8.080417976,0.25,0.7,0.92,1.01,36.76,7.996943508,0.21,0.21,0.54,2.99,0.230000000000004,0.08347446799999947,0.49,0.04000000000000001,0.38,23,28.74909763,27.15046137619001,5.749097630000001,4.8,-10.5,0.994806233,31.16660008,31.32931727
13,13c,Conspecific,NP,0.8845157257217224,0.4337474148112427,-50.962159043885215,13,1.73,36.8975,8.03602667825,0.2175,0.355,0.505,2.33,37,8.072474817,0.24,0.49,0.59,1.07,36.73,7.991286007,0.2,0.2,0.35,1.26,0.2700000000000031,0.08118880999999956,0.29,0.03999999999999998,0.24,26.19,31.97,27.387938824127453,5.779999999999998,3.6,-11.3,0.949033392,34.48935755,36.34156379
13,13c,Conspecific,GP,1.4235178850752601,0.8613621945397385,-39.49059554708727,13,1.73,36.8975,8.03602667825,0.2175,0.355,0.505,2.33,37,8.072474817,0.24,0.49,0.59,1.07,36.73,7.991286007,0.2,0.2,0.35,1.26,0.2700000000000031,0.08118880999999956,0.29,0.03999999999999998,0.24,26.19,31.97,27.387938824127453,5.779999999999998,3.6,-11.3,0.949033392,34.48935755,36.34156379
13,13c,Conspecific,R,0.5390021593535408,0.42761477972849576,-20.665479292075357,13,1.73,36.8975,8.03602667825,0.2175,0.355,0.505,2.33,37,8.072474817,0.24,0.49,0.59,1.07,36.73,7.991286007,0.2,0.2,0.35,1.26,0.2700000000000031,0.08118880999999956,0.29,0.03999999999999998,0.24,26.19,31.97,27.387938824127453,5.779999999999998,3.6,-11.3,0.949033392,34.48935755,36.34156379
13,13s,Space,NP,0.8845157257217224,0.38986468553029824,-55.9233743173772,13,1.73,36.8975,8.03602667825,0.2175,0.355,0.505,2.33,37,8.072474817,0.24,0.49,0.59,1.07,36.73,7.991286007,0.2,0.2,0.35,1.26,0.2700000000000031,0.08118880999999956,0.29,0.03999999999999998,0.24,26.19,31.97,27.387938824127453,5.779999999999998,3.6,-11.3,0.949033392,34.48935755,36.34156379
13,13s,Space,GP,1.4235178850752601,0.7563222623307674,-46.869493508978195,13,1.73,36.8975,8.03602667825,0.2175,0.355,0.505,2.33,37,8.072474817,0.24,0.49,0.59,1.07,36.73,7.991286007,0.2,0.2,0.35,1.26,0.2700000000000031,0.08118880999999956,0.29,0.03999999999999998,0.24,26.19,31.97,27.387938824127453,5.779999999999998,3.6,-11.3,0.949033392,34.48935755,36.34156379
13,13s,Space,R,0.5390021593535408,0.3664575768004692,-32.01185367420701,13,1.73,36.8975,8.03602667825,0.2175,0.355,0.505,2.33,37,8.072474817,0.24,0.49,0.59,1.07,36.73,7.991286007,0.2,0.2,0.35,1.26,0.2700000000000031,0.08118880999999956,0.29,0.03999999999999998,0.24,26.19,31.97,27.387938824127453,5.779999999999998,3.6,-11.3,0.949033392,34.48935755,36.34156379
13,13h,Heterospecific,NP,0.8845157257217224,0.3414362095804667,-61.39851450330392,13,1.73,36.8975,8.03602667825,0.2175,0.355,0.505,2.33,37,8.072474817,0.24,0.49,0.59,1.07,36.73,7.991286007,0.2,0.2,0.35,1.26,0.2700000000000031,0.08118880999999956,0.29,0.03999999999999998,0.24,26.19,31.97,27.387938824127453,5.779999999999998,3.6,-11.3,0.949033392,34.48935755,36.34156379
13,13h,Heterospecific,GP,1.4235178850752601,0.6469978926304893,-54.54936678956561,13,1.73,36.8975,8.03602667825,0.2175,0.355,0.505,2.33,37,8.072474817,0.24,0.49,0.59,1.07,36.73,7.991286007,0.2,0.2,0.35,1.26,0.2700000000000031,0.08118880999999956,0.29,0.03999999999999998,0.24,26.19,31.97,27.387938824127453,5.779999999999998,3.6,-11.3,0.949033392,34.48935755,36.34156379
13,13h,Heterospecific,R,0.5390021593535408,0.30556168305002257,-43.30974788366304,13,1.73,36.8975,8.03602667825,0.2175,0.355,0.505,2.33,37,8.072474817,0.24,0.49,0.59,1.07,36.73,7.991286007,0.2,0.2,0.35,1.26,0.2700000000000031,0.08118880999999956,0.29,0.03999999999999998,0.24,26.19,31.97,27.387938824127453,5.779999999999998,3.6,-11.3,0.949033392,34.48935755,36.34156379
13,13m,Monoculture,NP,0.8845157257217224,0.3077762668521228,-65.2039802230772,13,1.73,36.8975,8.03602667825,0.2175,0.355,0.505,2.33,37,8.072474817,0.24,0.49,0.59,1.07,36.73,7.991286007,0.2,0.2,0.35,1.26,0.2700000000000031,0.08118880999999956,0.29,0.03999999999999998,0.24,26.19,31.97,27.387938824127453,5.779999999999998,3.6,-11.3,0.949033392,34.48935755,36.34156379
13,13m,Monoculture,GP,1.4235178850752601,0.7108773609096379,-50.06192978937848,13,1.73,36.8975,8.03602667825,0.2175,0.355,0.505,2.33,37,8.072474817,0.24,0.49,0.59,1.07,36.73,7.991286007,0.2,0.2,0.35,1.26,0.2700000000000031,0.08118880999999956,0.29,0.03999999999999998,0.24,26.19,31.97,27.387938824127453,5.779999999999998,3.6,-11.3,0.949033392,34.48935755,36.34156379
13,13m,Monoculture,R,0.5390021593535408,0.4031010940575152,-25.213454702856904,13,1.73,36.8975,8.03602667825,0.2175,0.355,0.505,2.33,37,8.072474817,0.24,0.49,0.59,1.07,36.73,7.991286007,0.2,0.2,0.35,1.26,0.2700000000000031,0.08118880999999956,0.29,0.03999999999999998,0.24,26.19,31.97,27.387938824127453,5.779999999999998,3.6,-11.3,0.949033392,34.48935755,36.34156379
3,3c,Conspecific,NP,0.5694707705707115,0.4592083052153256,-19.362269505927973,3,1.654,36.792,8.028921756799999,0.212,0.328,0.538,3.38,37.04,8.074805927,0.24,0.46,0.82,0.87,36.52,7.97291509,0.19,0.17,0.37,2.51,0.519999999999996,0.101890837,0.29000000000000004,0.04999999999999999,0.45,22.81,28.52497041,27.157821952027422,5.714970410000003,4,-10.4,1.080889867,35.07585882,32.45090909
3,3c,Conspecific,GP,0.9324492321603336,0.7966749390226965,-14.56103865548478,3,1.654,36.792,8.028921756799999,0.212,0.328,0.538,3.38,37.04,8.074805927,0.24,0.46,0.82,0.87,36.52,7.97291509,0.19,0.17,0.37,2.51,0.519999999999996,0.101890837,0.29000000000000004,0.04999999999999999,0.45,22.81,28.52497041,27.157821952027422,5.714970410000003,4,-10.4,1.080889867,35.07585882,32.45090909
3,3c,Conspecific,R,0.3629784615896221,0.33746663380737085,-7.028468761073359,3,1.654,36.792,8.028921756799999,0.212,0.328,0.538,3.38,37.04,8.074805927,0.24,0.46,0.82,0.87,36.52,7.97291509,0.19,0.17,0.37,2.51,0.519999999999996,0.101890837,0.29000000000000004,0.04999999999999999,0.45,22.81,28.52497041,27.157821952027422,5.714970410000003,4,-10.4,1.080889867,35.07585882,32.45090909
3,3s,Space,NP,0.5694707705707115,0.6922721433078493,21.564122178574475,3,1.654,36.792,8.028921756799999,0.212,0.328,0.538,3.38,37.04,8.074805927,0.24,0.46,0.82,0.87,36.52,7.97291509,0.19,0.17,0.37,2.51,0.519999999999996,0.101890837,0.29000000000000004,0.04999999999999999,0.45,22.81,28.52497041,27.157821952027422,5.714970410000003,4,-10.4,1.080889867,35.07585882,32.45090909
3,3s,Space,GP,0.9324492321603336,1.25929911186149,35.052833808860385,3,1.654,36.792,8.028921756799999,0.212,0.328,0.538,3.38,37.04,8.074805927,0.24,0.46,0.82,0.87,36.52,7.97291509,0.19,0.17,0.37,2.51,0.519999999999996,0.101890837,0.29000000000000004,0.04999999999999999,0.45,22.81,28.52497041,27.157821952027422,5.714970410000003,4,-10.4,1.080889867,35.07585882,32.45090909
3,3s,Space,R,0.3629784615896221,0.5670269685536412,56.215045397022266,3,1.654,36.792,8.028921756799999,0.212,0.328,0.538,3.38,37.04,8.074805927,0.24,0.46,0.82,0.87,36.52,7.97291509,0.19,0.17,0.37,2.51,0.519999999999996,0.101890837,0.29000000000000004,0.04999999999999999,0.45,22.81,28.52497041,27.157821952027422,5.714970410000003,4,-10.4,1.080889867,35.07585882,32.45090909
19,19h,Heterospecific,NP,0.896967244718403,0.7882208212905439,-12.123789811521965,19,1.022,36.85,8.0452887236,0.204,0.23,0.334,1.29,36.91,8.093951503,0.22,0.44,0.47,0.7,36.82,8.015310548,0.19,0.08,0.23,0.5900000000000001,0.0899999999999963,0.07864095499999912,0.36,0.03,0.23999999999999996,26.04,31.3,27.403990605186273,5.260000000000002,3.5,-9.5,1.03684432,35.50904848,34.24723247
19,19h,Heterospecific,GP,1.48697362162228,1.31212589391718,-11.75863009017888,19,1.022,36.85,8.0452887236,0.204,0.23,0.334,1.29,36.91,8.093951503,0.22,0.44,0.47,0.7,36.82,8.015310548,0.19,0.08,0.23,0.5900000000000001,0.0899999999999963,0.07864095499999912,0.36,0.03,0.23999999999999996,26.04,31.3,27.403990605186273,5.260000000000002,3.5,-9.5,1.03684432,35.50904848,34.24723247
19,19h,Heterospecific,R,0.5900063769038868,0.5239050726266389,-11.203489803639192,19,1.022,36.85,8.0452887236,0.204,0.23,0.334,1.29,36.91,8.093951503,0.22,0.44,0.47,0.7,36.82,8.015310548,0.19,0.08,0.23,0.5900000000000001,0.0899999999999963,0.07864095499999912,0.36,0.03,0.23999999999999996,26.04,31.3,27.403990605186273,5.260000000000002,3.5,-9.5,1.03684432,35.50904848,34.24723247
19,19c,Conspecific,NP,0.896967244718403,0.6277714288439711,-30.01177773876728,19,1.022,36.85,8.0452887236,0.204,0.23,0.334,1.29,36.91,8.093951503,0.22,0.44,0.47,0.7,36.82,8.015310548,0.19,0.08,0.23,0.5900000000000001,0.0899999999999963,0.07864095499999912,0.36,0.03,0.23999999999999996,26.04,31.3,27.403990605186273,5.260000000000002,3.5,-9.5,1.03684432,35.50904848,34.24723247
19,19c,Conspecific,GP,1.48697362162228,1.08877583661924,-26.77907524469792,19,1.022,36.85,8.0452887236,0.204,0.23,0.334,1.29,36.91,8.093951503,0.22,0.44,0.47,0.7,36.82,8.015310548,0.19,0.08,0.23,0.5900000000000001,0.0899999999999963,0.07864095499999912,0.36,0.03,0.23999999999999996,26.04,31.3,27.403990605186273,5.260000000000002,3.5,-9.5,1.03684432,35.50904848,34.24723247
19,19c,Conspecific,R,0.5900063769038868,0.4610044077752761,-21.86450421189691,19,1.022,36.85,8.0452887236,0.204,0.23,0.334,1.29,36.91,8.093951503,0.22,0.44,0.47,0.7,36.82,8.015310548,0.19,0.08,0.23,0.5900000000000001,0.0899999999999963,0.07864095499999912,0.36,0.03,0.23999999999999996,26.04,31.3,27.403990605186273,5.260000000000002,3.5,-9.5,1.03684432,35.50904848,34.24723247
19,19m,Monoculture,NP,0.896967244718403,0.4076116111742752,-54.55668938030816,19,1.022,36.85,8.0452887236,0.204,0.23,0.334,1.29,36.91,8.093951503,0.22,0.44,0.47,0.7,36.82,8.015310548,0.19,0.08,0.23,0.5900000000000001,0.0899999999999963,0.07864095499999912,0.36,0.03,0.23999999999999996,26.04,31.3,27.403990605186273,5.260000000000002,3.5,-9.5,1.03684432,35.50904848,34.24723247
19,19m,Monoculture,GP,1.48697362162228,0.8610311139404132,-42.09506467229506,19,1.022,36.85,8.0452887236,0.204,0.23,0.334,1.29,36.91,8.093951503,0.22,0.44,0.47,0.7,36.82,8.015310548,0.19,0.08,0.23,0.5900000000000001,0.0899999999999963,0.07864095499999912,0.36,0.03,0.23999999999999996,26.04,31.3,27.403990605186273,5.260000000000002,3.5,-9.5,1.03684432,35.50904848,34.24723247
19,19m,Monoculture,R,0.5900063769038868,0.453419502766138,-23.150067437321795,19,1.022,36.85,8.0452887236,0.204,0.23,0.334,1.29,36.91,8.093951503,0.22,0.44,0.47,0.7,36.82,8.015310548,0.19,0.08,0.23,0.5900000000000001,0.0899999999999963,0.07864095499999912,0.36,0.03,0.23999999999999996,26.04,31.3,27.403990605186273,5.260000000000002,3.5,-9.5,1.03684432,35.50904848,34.24723247
19,19s,Space,NP,0.896967244718403,0.35791508391131494,-60.097195742785445,19,1.022,36.85,8.0452887236,0.204,0.23,0.334,1.29,36.91,8.093951503,0.22,0.44,0.47,0.7,36.82,8.015310548,0.19,0.08,0.23,0.5900000000000001,0.0899999999999963,0.07864095499999912,0.36,0.03,0.23999999999999996,26.04,31.3,27.403990605186273,5.260000000000002,3.5,-9.5,1.03684432,35.50904848,34.24723247
19,19s,Space,GP,1.48697362162228,0.8145072462429742,-45.22382681177953,19,1.022,36.85,8.0452887236,0.204,0.23,0.334,1.29,36.91,8.093951503,0.22,0.44,0.47,0.7,36.82,8.015310548,0.19,0.08,0.23,0.5900000000000001,0.0899999999999963,0.07864095499999912,0.36,0.03,0.23999999999999996,26.04,31.3,27.403990605186273,5.260000000000002,3.5,-9.5,1.03684432,35.50904848,34.24723247
19,19s,Space,R,0.5900063769038868,0.4565921623316594,-22.612334339898307,19,1.022,36.85,8.0452887236,0.204,0.23,0.334,1.29,36.91,8.093951503,0.22,0.44,0.47,0.7,36.82,8.015310548,0.19,0.08,0.23,0.5900000000000001,0.0899999999999963,0.07864095499999912,0.36,0.03,0.23999999999999996,26.04,31.3,27.403990605186273,5.260000000000002,3.5,-9.5,1.03684432,35.50904848,34.24723247
6,6m,Monoculture,NP,0.6411007084460197,0.9182260793387584,43.22649581287624,6,2.336,36.928,8.0287308832,0.212,0.268,0.546,5,37.28,8.062786556,0.25,0.43,0.92,1.03,36.68,7.975720162,0.18,0.02,0.28,3.97,0.6000000000000014,0.08706639400000071,0.41,0.07,0.64,26.3635503,29.10532544,27.517281422591942,2.7417751400000014,4.9,-10.3,1.074096507,33.66848375,31.34586466
6,6m,Monoculture,GP,1.19683359558883,1.51220392983594,26.35039118299073,6,2.336,36.928,8.0287308832,0.212,0.268,0.546,5,37.28,8.062786556,0.25,0.43,0.92,1.03,36.68,7.975720162,0.18,0.02,0.28,3.97,0.6000000000000014,0.08706639400000071,0.41,0.07,0.64,26.3635503,29.10532544,27.517281422591942,2.7417751400000014,4.9,-10.3,1.074096507,33.66848375,31.34586466
6,6m,Monoculture,R,0.5557328871428114,0.5939778504971878,6.881896723982823,6,2.336,36.928,8.0287308832,0.212,0.268,0.546,5,37.28,8.062786556,0.25,0.43,0.92,1.03,36.68,7.975720162,0.18,0.02,0.28,3.97,0.6000000000000014,0.08706639400000071,0.41,0.07,0.64,26.3635503,29.10532544,27.517281422591942,2.7417751400000014,4.9,-10.3,1.074096507,33.66848375,31.34586466
6,6s,Space,NP,0.6411007084460197,0.664213110153147,3.605112488980082,6,2.336,36.928,8.0287308832,0.212,0.268,0.546,5,37.28,8.062786556,0.25,0.43,0.92,1.03,36.68,7.975720162,0.18,0.02,0.28,3.97,0.6000000000000014,0.08706639400000071,0.41,0.07,0.64,26.3635503,29.10532544,27.517281422591942,2.7417751400000014,4.9,-10.3,1.074096507,33.66848375,31.34586466
6,6s,Space,GP,1.19683359558883,1.12853613312162,-5.706512811717022,6,2.336,36.928,8.0287308832,0.212,0.268,0.546,5,37.28,8.062786556,0.25,0.43,0.92,1.03,36.68,7.975720162,0.18,0.02,0.28,3.97,0.6000000000000014,0.08706639400000071,0.41,0.07,0.64,26.3635503,29.10532544,27.517281422591942,2.7417751400000014,4.9,-10.3,1.074096507,33.66848375,31.34586466
6,6s,Space,R,0.5557328871428114,0.46432302296847866,-16.448525233821982,6,2.336,36.928,8.0287308832,0.212,0.268,0.546,5,37.28,8.062786556,0.25,0.43,0.92,1.03,36.68,7.975720162,0.18,0.02,0.28,3.97,0.6000000000000014,0.08706639400000071,0.41,0.07,0.64,26.3635503,29.10532544,27.517281422591942,2.7417751400000014,4.9,-10.3,1.074096507,33.66848375,31.34586466
6,6c,Conspecific,NP,0.6411007084460197,0.8163081964886708,27.329167747660257,6,2.336,36.928,8.0287308832,0.212,0.268,0.546,5,37.28,8.062786556,0.25,0.43,0.92,1.03,36.68,7.975720162,0.18,0.02,0.28,3.97,0.6000000000000014,0.08706639400000071,0.41,0.07,0.64,26.3635503,29.10532544,27.517281422591942,2.7417751400000014,4.9,-10.3,1.074096507,33.66848375,31.34586466
6,6c,Conspecific,GP,1.19683359558883,1.25048927194876,4.483135881018775,6,2.336,36.928,8.0287308832,0.212,0.268,0.546,5,37.28,8.062786556,0.25,0.43,0.92,1.03,36.68,7.975720162,0.18,0.02,0.28,3.97,0.6000000000000014,0.08706639400000071,0.41,0.07,0.64,26.3635503,29.10532544,27.517281422591942,2.7417751400000014,4.9,-10.3,1.074096507,33.66848375,31.34586466
6,6c,Conspecific,R,0.5557328871428114,0.4341810754600969,-21.872344519261524,6,2.336,36.928,8.0287308832,0.212,0.268,0.546,5,37.28,8.062786556,0.25,0.43,0.92,1.03,36.68,7.975720162,0.18,0.02,0.28,3.97,0.6000000000000014,0.08706639400000071,0.41,0.07,0.64,26.3635503,29.10532544,27.517281422591942,2.7417751400000014,4.9,-10.3,1.074096507,33.66848375,31.34586466
6,6h,Heterospecific,NP,0.6411007084460197,0.6959989071357384,8.563116210366987,6,2.336,36.928,8.0287308832,0.212,0.268,0.546,5,37.28,8.062786556,0.25,0.43,0.92,1.03,36.68,7.975720162,0.18,0.02,0.28,3.97,0.6000000000000014,0.08706639400000071,0.41,0.07,0.64,26.3635503,29.10532544,27.517281422591942,2.7417751400000014,4.9,-10.3,1.074096507,33.66848375,31.34586466
6,6h,Heterospecific,GP,1.19683359558883,1.24748801817228,4.232369710388065,6,2.336,36.928,8.0287308832,0.212,0.268,0.546,5,37.28,8.062786556,0.25,0.43,0.92,1.03,36.68,7.975720162,0.18,0.02,0.28,3.97,0.6000000000000014,0.08706639400000071,0.41,0.07,0.64,26.3635503,29.10532544,27.517281422591942,2.7417751400000014,4.9,-10.3,1.074096507,33.66848375,31.34586466
6,6h,Heterospecific,R,0.5557328871428114,0.5514891110365466,-0.7636359489328223,6,2.336,36.928,8.0287308832,0.212,0.268,0.546,5,37.28,8.062786556,0.25,0.43,0.92,1.03,36.68,7.975720162,0.18,0.02,0.28,3.97,0.6000000000000014,0.08706639400000071,0.41,0.07,0.64,26.3635503,29.10532544,27.517281422591942,2.7417751400000014,4.9,-10.3,1.074096507,33.66848375,31.34586466
20,20h,Heterospecific,NP,1.14580989117862,0.45601677645700733,-60.20135801167395,20,1.284,36.866,8.040370384000001,0.208,0.25,0.422,1.88,36.96,8.078929937,0.27,0.43,0.61,0.75,36.78,7.996044518,0.19,0.11,0.32,1.13,0.17999999999999972,0.08288541900000013,0.32,0.08000000000000002,0.29,26.15,30.51,27.35745192868627,4.360000000000003,3.8,-12.9,0.988305705,33.18108438,33.57370518
20,20h,Heterospecific,GP,1.80383390682046,0.9349581955029144,-48.16827691464539,20,1.284,36.866,8.040370384000001,0.208,0.25,0.422,1.88,36.96,8.078929937,0.27,0.43,0.61,0.75,36.78,7.996044518,0.19,0.11,0.32,1.13,0.17999999999999972,0.08288541900000013,0.32,0.08000000000000002,0.29,26.15,30.51,27.35745192868627,4.360000000000003,3.8,-12.9,0.988305705,33.18108438,33.57370518
20,20h,Heterospecific,R,0.6580240156418391,0.478941419045907,-27.215206791693497,20,1.284,36.866,8.040370384000001,0.208,0.25,0.422,1.88,36.96,8.078929937,0.27,0.43,0.61,0.75,36.78,7.996044518,0.19,0.11,0.32,1.13,0.17999999999999972,0.08288541900000013,0.32,0.08000000000000002,0.29,26.15,30.51,27.35745192868627,4.360000000000003,3.8,-12.9,0.988305705,33.18108438,33.57370518
20,20c,Conspecific,NP,1.14580989117862,0.3972333510282623,-65.33165282596276,20,1.284,36.866,8.040370384000001,0.208,0.25,0.422,1.88,36.96,8.078929937,0.27,0.43,0.61,0.75,36.78,7.996044518,0.19,0.11,0.32,1.13,0.17999999999999972,0.08288541900000013,0.32,0.08000000000000002,0.29,26.15,30.51,27.35745192868627,4.360000000000003,3.8,-12.9,0.988305705,33.18108438,33.57370518
20,20c,Conspecific,GP,1.80383390682046,0.76548327978883,-57.56353858886519,20,1.284,36.866,8.040370384000001,0.208,0.25,0.422,1.88,36.96,8.078929937,0.27,0.43,0.61,0.75,36.78,7.996044518,0.19,0.11,0.32,1.13,0.17999999999999972,0.08288541900000013,0.32,0.08000000000000002,0.29,26.15,30.51,27.35745192868627,4.360000000000003,3.8,-12.9,0.988305705,33.18108438,33.57370518
20,20c,Conspecific,R,0.6580240156418391,0.36824992876056767,-44.03700776766099,20,1.284,36.866,8.040370384000001,0.208,0.25,0.422,1.88,36.96,8.078929937,0.27,0.43,0.61,0.75,36.78,7.996044518,0.19,0.11,0.32,1.13,0.17999999999999972,0.08288541900000013,0.32,0.08000000000000002,0.29,26.15,30.51,27.35745192868627,4.360000000000003,3.8,-12.9,0.988305705,33.18108438,33.57370518
20,20s,Space,NP,1.14580989117862,0.5506540968700603,-51.94193198108648,20,1.284,36.866,8.040370384000001,0.208,0.25,0.422,1.88,36.96,8.078929937,0.27,0.43,0.61,0.75,36.78,7.996044518,0.19,0.11,0.32,1.13,0.17999999999999972,0.08288541900000013,0.32,0.08000000000000002,0.29,26.15,30.51,27.35745192868627,4.360000000000003,3.8,-12.9,0.988305705,33.18108438,33.57370518
20,20s,Space,GP,1.80383390682046,0.956062630033302,-46.99830031920664,20,1.284,36.866,8.040370384000001,0.208,0.25,0.422,1.88,36.96,8.078929937,0.27,0.43,0.61,0.75,36.78,7.996044518,0.19,0.11,0.32,1.13,0.17999999999999972,0.08288541900000013,0.32,0.08000000000000002,0.29,26.15,30.51,27.35745192868627,4.360000000000003,3.8,-12.9,0.988305705,33.18108438,33.57370518
20,20s,Space,R,0.6580240156418391,0.4054085331632418,-38.3900095549241,20,1.284,36.866,8.040370384000001,0.208,0.25,0.422,1.88,36.96,8.078929937,0.27,0.43,0.61,0.75,36.78,7.996044518,0.19,0.11,0.32,1.13,0.17999999999999972,0.08288541900000013,0.32,0.08000000000000002,0.29,26.15,30.51,27.35745192868627,4.360000000000003,3.8,-12.9,0.988305705,33.18108438,33.57370518
20,20m,Monoculture,NP,1.14580989117862,0.4876471076008943,-57.440836271776,20,1.284,36.866,8.040370384000001,0.208,0.25,0.422,1.88,36.96,8.078929937,0.27,0.43,0.61,0.75,36.78,7.996044518,0.19,0.11,0.32,1.13,0.17999999999999972,0.08288541900000013,0.32,0.08000000000000002,0.29,26.15,30.51,27.35745192868627,4.360000000000003,3.8,-12.9,0.988305705,33.18108438,33.57370518
20,20m,Monoculture,GP,1.80383390682046,0.9711032696287059,-46.16448521358446,20,1.284,36.866,8.040370384000001,0.208,0.25,0.422,1.88,36.96,8.078929937,0.27,0.43,0.61,0.75,36.78,7.996044518,0.19,0.11,0.32,1.13,0.17999999999999972,0.08288541900000013,0.32,0.08000000000000002,0.29,26.15,30.51,27.35745192868627,4.360000000000003,3.8,-12.9,0.988305705,33.18108438,33.57370518
20,20m,Monoculture,R,0.6580240156418391,0.4834561620278115,-26.529100680885243,20,1.284,36.866,8.040370384000001,0.208,0.25,0.422,1.88,36.96,8.078929937,0.27,0.43,0.61,0.75,36.78,7.996044518,0.19,0.11,0.32,1.13,0.17999999999999972,0.08288541900000013,0.32,0.08000000000000002,0.29,26.15,30.51,27.35745192868627,4.360000000000003,3.8,-12.9,0.988305705,33.18108438,33.57370518
15,15s,Space,NP,0.8131597211236777,1.15479153291257,42.012879255357475,15,2.332,36.88,8.0270678658,0.218,0.324,0.562,7.61,36.99,8.065322221,0.28,0.47,1.08,0.65,36.62,7.981840619,0.18,0.15,0.39,6.96,0.37000000000000455,0.08348160200000088,0.31999999999999995,0.10000000000000003,0.6900000000000001,23.03,28.53497041,27.085402755161606,5.5049704099999985,4.6,-10.8,1.139493642,34.29045768,30.09271523
15,15s,Space,GP,1.40231577790974,1.78059826212261,26.97555644540557,15,2.332,36.88,8.0270678658,0.218,0.324,0.562,7.61,36.99,8.065322221,0.28,0.47,1.08,0.65,36.62,7.981840619,0.18,0.15,0.39,6.96,0.37000000000000455,0.08348160200000088,0.31999999999999995,0.10000000000000003,0.6900000000000001,23.03,28.53497041,27.085402755161606,5.5049704099999985,4.6,-10.8,1.139493642,34.29045768,30.09271523
15,15s,Space,R,0.5891560567860665,0.6258067292100333,6.220876795174044,15,2.332,36.88,8.0270678658,0.218,0.324,0.562,7.61,36.99,8.065322221,0.28,0.47,1.08,0.65,36.62,7.981840619,0.18,0.15,0.39,6.96,0.37000000000000455,0.08348160200000088,0.31999999999999995,0.10000000000000003,0.6900000000000001,23.03,28.53497041,27.085402755161606,5.5049704099999985,4.6,-10.8,1.139493642,34.29045768,30.09271523
15,15c,Conspecific,NP,0.8131597211236777,1.20651188722282,48.37329689124078,15,2.332,36.88,8.0270678658,0.218,0.324,0.562,7.61,36.99,8.065322221,0.28,0.47,1.08,0.65,36.62,7.981840619,0.18,0.15,0.39,6.96,0.37000000000000455,0.08348160200000088,0.31999999999999995,0.10000000000000003,0.6900000000000001,23.03,28.53497041,27.085402755161606,5.5049704099999985,4.6,-10.8,1.139493642,34.29045768,30.09271523
15,15c,Conspecific,GP,1.40231577790974,1.82681627633301,30.27139144480146,15,2.332,36.88,8.0270678658,0.218,0.324,0.562,7.61,36.99,8.065322221,0.28,0.47,1.08,0.65,36.62,7.981840619,0.18,0.15,0.39,6.96,0.37000000000000455,0.08348160200000088,0.31999999999999995,0.10000000000000003,0.6900000000000001,23.03,28.53497041,27.085402755161606,5.5049704099999985,4.6,-10.8,1.139493642,34.29045768,30.09271523
15,15c,Conspecific,R,0.5891560567860665,0.6203043891101909,5.286940864877669,15,2.332,36.88,8.0270678658,0.218,0.324,0.562,7.61,36.99,8.065322221,0.28,0.47,1.08,0.65,36.62,7.981840619,0.18,0.15,0.39,6.96,0.37000000000000455,0.08348160200000088,0.31999999999999995,0.10000000000000003,0.6900000000000001,23.03,28.53497041,27.085402755161606,5.5049704099999985,4.6,-10.8,1.139493642,34.29045768,30.09271523
15,15h,Heterospecific,NP,0.8131597211236777,1.08636943275114,33.5985298496983,15,2.332,36.88,8.0270678658,0.218,0.324,0.562,7.61,36.99,8.065322221,0.28,0.47,1.08,0.65,36.62,7.981840619,0.18,0.15,0.39,6.96,0.37000000000000455,0.08348160200000088,0.31999999999999995,0.10000000000000003,0.6900000000000001,23.03,28.53497041,27.085402755161606,5.5049704099999985,4.6,-10.8,1.139493642,34.29045768,30.09271523
15,15h,Heterospecific,GP,1.40231577790974,1.53970152527246,9.797062083085454,15,2.332,36.88,8.0270678658,0.218,0.324,0.562,7.61,36.99,8.065322221,0.28,0.47,1.08,0.65,36.62,7.981840619,0.18,0.15,0.39,6.96,0.37000000000000455,0.08348160200000088,0.31999999999999995,0.10000000000000003,0.6900000000000001,23.03,28.53497041,27.085402755161606,5.5049704099999985,4.6,-10.8,1.139493642,34.29045768,30.09271523
15,15h,Heterospecific,R,0.5891560567860665,0.453332092521319,-23.0539875980716,15,2.332,36.88,8.0270678658,0.218,0.324,0.562,7.61,36.99,8.065322221,0.28,0.47,1.08,0.65,36.62,7.981840619,0.18,0.15,0.39,6.96,0.37000000000000455,0.08348160200000088,0.31999999999999995,0.10000000000000003,0.6900000000000001,23.03,28.53497041,27.085402755161606,5.5049704099999985,4.6,-10.8,1.139493642,34.29045768,30.09271523
15,15m,Monoculture,NP,0.8131597211236777,1.3446124423644301,65.35649853713313,15,2.332,36.88,8.0270678658,0.218,0.324,0.562,7.61,36.99,8.065322221,0.28,0.47,1.08,0.65,36.62,7.981840619,0.18,0.15,0.39,6.96,0.37000000000000455,0.08348160200000088,0.31999999999999995,0.10000000000000003,0.6900000000000001,23.03,28.53497041,27.085402755161606,5.5049704099999985,4.6,-10.8,1.139493642,34.29045768,30.09271523
15,15m,Monoculture,GP,1.40231577790974,2.07691552366683,48.10612248566674,15,2.332,36.88,8.0270678658,0.218,0.324,0.562,7.61,36.99,8.065322221,0.28,0.47,1.08,0.65,36.62,7.981840619,0.18,0.15,0.39,6.96,0.37000000000000455,0.08348160200000088,0.31999999999999995,0.10000000000000003,0.6900000000000001,23.03,28.53497041,27.085402755161606,5.5049704099999985,4.6,-10.8,1.139493642,34.29045768,30.09271523
15,15m,Monoculture,R,0.5891560567860665,0.7323030813024021,24.296962216975896,15,2.332,36.88,8.0270678658,0.218,0.324,0.562,7.61,36.99,8.065322221,0.28,0.47,1.08,0.65,36.62,7.981840619,0.18,0.15,0.39,6.96,0.37000000000000455,0.08348160200000088,0.31999999999999995,0.10000000000000003,0.6900000000000001,23.03,28.53497041,27.085402755161606,5.5049704099999985,4.6,-10.8,1.139493642,34.29045768,30.09271523
17,17c,Conspecific,NP,1.06204310113197,1.27138687513311,19.711419788708465,17,3.018,36.784,8.0289547784,0.228,0.26,0.56,7.39,36.92,8.0771141,0.29,0.33,0.99,1.25,36.56,7.97454096,0.21,0.11,0.39,6.14,0.35999999999999943,0.10257313999999962,0.22000000000000003,0.07999999999999999,0.6,26.04,28.84682021,27.333767510902845,2.8068202100000015,4.3,-10.2,1.079862347,33.29377794,30.83150183
17,17c,Conspecific,GP,1.57153268787873,1.86351156522152,18.579243027830746,17,3.018,36.784,8.0289547784,0.228,0.26,0.56,7.39,36.92,8.0771141,0.29,0.33,0.99,1.25,36.56,7.97454096,0.21,0.11,0.39,6.14,0.35999999999999943,0.10257313999999962,0.22000000000000003,0.07999999999999999,0.6,26.04,28.84682021,27.333767510902845,2.8068202100000015,4.3,-10.2,1.079862347,33.29377794,30.83150183
17,17c,Conspecific,R,0.5094895867467636,0.5921246900884028,16.219193775733075,17,3.018,36.784,8.0289547784,0.228,0.26,0.56,7.39,36.92,8.0771141,0.29,0.33,0.99,1.25,36.56,7.97454096,0.21,0.11,0.39,6.14,0.35999999999999943,0.10257313999999962,0.22000000000000003,0.07999999999999999,0.6,26.04,28.84682021,27.333767510902845,2.8068202100000015,4.3,-10.2,1.079862347,33.29377794,30.83150183
17,17s,Space,NP,1.06204310113197,0.84336576467546,-20.590250642693736,17,3.018,36.784,8.0289547784,0.228,0.26,0.56,7.39,36.92,8.0771141,0.29,0.33,0.99,1.25,36.56,7.97454096,0.21,0.11,0.39,6.14,0.35999999999999943,0.10257313999999962,0.22000000000000003,0.07999999999999999,0.6,26.04,28.84682021,27.333767510902845,2.8068202100000015,4.3,-10.2,1.079862347,33.29377794,30.83150183
17,17s,Space,GP,1.57153268787873,1.26810054427628,-19.308038957307694,17,3.018,36.784,8.0289547784,0.228,0.26,0.56,7.39,36.92,8.0771141,0.29,0.33,0.99,1.25,36.56,7.97454096,0.21,0.11,0.39,6.14,0.35999999999999943,0.10257313999999962,0.22000000000000003,0.07999999999999999,0.6,26.04,28.84682021,27.333767510902845,2.8068202100000015,4.3,-10.2,1.079862347,33.29377794,30.83150183
17,17s,Space,R,0.5094895867467636,0.42473477960082084,-16.63523835435507,17,3.018,36.784,8.0289547784,0.228,0.26,0.56,7.39,36.92,8.0771141,0.29,0.33,0.99,1.25,36.56,7.97454096,0.21,0.11,0.39,6.14,0.35999999999999943,0.10257313999999962,0.22000000000000003,0.07999999999999999,0.6,26.04,28.84682021,27.333767510902845,2.8068202100000015,4.3,-10.2,1.079862347,33.29377794,30.83150183
17,17h,Heterospecific,NP,1.06204310113197,0.8829608373507863,-16.862052358356284,17,3.018,36.784,8.0289547784,0.228,0.26,0.56,7.39,36.92,8.0771141,0.29,0.33,0.99,1.25,36.56,7.97454096,0.21,0.11,0.39,6.14,0.35999999999999943,0.10257313999999962,0.22000000000000003,0.07999999999999999,0.6,26.04,28.84682021,27.333767510902845,2.8068202100000015,4.3,-10.2,1.079862347,33.29377794,30.83150183
17,17h,Heterospecific,GP,1.57153268787873,1.34745674659076,-14.258433376300289,17,3.018,36.784,8.0289547784,0.228,0.26,0.56,7.39,36.92,8.0771141,0.29,0.33,0.99,1.25,36.56,7.97454096,0.21,0.11,0.39,6.14,0.35999999999999943,0.10257313999999962,0.22000000000000003,0.07999999999999999,0.6,26.04,28.84682021,27.333767510902845,2.8068202100000015,4.3,-10.2,1.079862347,33.29377794,30.83150183
17,17h,Heterospecific,R,0.5094895867467636,0.4644959092399805,-8.831127991070549,17,3.018,36.784,8.0289547784,0.228,0.26,0.56,7.39,36.92,8.0771141,0.29,0.33,0.99,1.25,36.56,7.97454096,0.21,0.11,0.39,6.14,0.35999999999999943,0.10257313999999962,0.22000000000000003,0.07999999999999999,0.6,26.04,28.84682021,27.333767510902845,2.8068202100000015,4.3,-10.2,1.079862347,33.29377794,30.83150183
12,12c,Conspecific,NP,0.5973919824751872,0.5787340522147716,-3.1232307777399044,12,1.674,36.812,8.039321146399999,0.22,0.392,0.532,4.18,37,8.063808704,0.24,0.76,0.75,0.85,36.41,8.016727837,0.19,0.17,0.39,3.3299999999999996,0.5900000000000034,0.04708086700000002,0.59,0.04999999999999999,0.36,23.05,28.58988166,27.216502268922625,5.539881659999999,3.8,-15.5,1.101526748,34.28097032,31.12132353
12,12c,Conspecific,GP,1.06713622551746,0.9598503127915514,-10.053628595907243,12,1.674,36.812,8.039321146399999,0.22,0.392,0.532,4.18,37,8.063808704,0.24,0.76,0.75,0.85,36.41,8.016727837,0.19,0.17,0.39,3.3299999999999996,0.5900000000000034,0.04708086700000002,0.59,0.04999999999999999,0.36,23.05,28.58988166,27.216502268922625,5.539881659999999,3.8,-15.5,1.101526748,34.28097032,31.12132353
12,12c,Conspecific,R,0.4697442430422727,0.3811162605767798,-18.86728443791001,12,1.674,36.812,8.039321146399999,0.22,0.392,0.532,4.18,37,8.063808704,0.24,0.76,0.75,0.85,36.41,8.016727837,0.19,0.17,0.39,3.3299999999999996,0.5900000000000034,0.04708086700000002,0.59,0.04999999999999999,0.36,23.05,28.58988166,27.216502268922625,5.539881659999999,3.8,-15.5,1.101526748,34.28097032,31.12132353
12,12m,Monoculture,NP,0.5973919824751872,0.3837954209862035,-35.75484234053233,12,1.674,36.812,8.039321146399999,0.22,0.392,0.532,4.18,37,8.063808704,0.24,0.76,0.75,0.85,36.41,8.016727837,0.19,0.17,0.39,3.3299999999999996,0.5900000000000034,0.04708086700000002,0.59,0.04999999999999999,0.36,23.05,28.58988166,27.216502268922625,5.539881659999999,3.8,-15.5,1.101526748,34.28097032,31.12132353
12,12m,Monoculture,GP,1.06713622551746,0.5352797554065524,-49.839604109869626,12,1.674,36.812,8.039321146399999,0.22,0.392,0.532,4.18,37,8.063808704,0.24,0.76,0.75,0.85,36.41,8.016727837,0.19,0.17,0.39,3.3299999999999996,0.5900000000000034,0.04708086700000002,0.59,0.04999999999999999,0.36,23.05,28.58988166,27.216502268922625,5.539881659999999,3.8,-15.5,1.101526748,34.28097032,31.12132353
12,12m,Monoculture,R,0.4697442430422727,0.15148433442034884,-67.75174221630287,12,1.674,36.812,8.039321146399999,0.22,0.392,0.532,4.18,37,8.063808704,0.24,0.76,0.75,0.85,36.41,8.016727837,0.19,0.17,0.39,3.3299999999999996,0.5900000000000034,0.04708086700000002,0.59,0.04999999999999999,0.36,23.05,28.58988166,27.216502268922625,5.539881659999999,3.8,-15.5,1.101526748,34.28097032,31.12132353
12,12s,Space,NP,0.5973919824751872,0.6563691037053794,9.872432667380474,12,1.674,36.812,8.039321146399999,0.22,0.392,0.532,4.18,37,8.063808704,0.24,0.76,0.75,0.85,36.41,8.016727837,0.19,0.17,0.39,3.3299999999999996,0.5900000000000034,0.04708086700000002,0.59,0.04999999999999999,0.36,23.05,28.58988166,27.216502268922625,5.539881659999999,3.8,-15.5,1.101526748,34.28097032,31.12132353
12,12s,Space,GP,1.06713622551746,1.17010214903137,9.64880781401469,12,1.674,36.812,8.039321146399999,0.22,0.392,0.532,4.18,37,8.063808704,0.24,0.76,0.75,0.85,36.41,8.016727837,0.19,0.17,0.39,3.3299999999999996,0.5900000000000034,0.04708086700000002,0.59,0.04999999999999999,0.36,23.05,28.58988166,27.216502268922625,5.539881659999999,3.8,-15.5,1.101526748,34.28097032,31.12132353
12,12s,Space,R,0.4697442430422727,0.5137330453259922,9.364415410144977,12,1.674,36.812,8.039321146399999,0.22,0.392,0.532,4.18,37,8.063808704,0.24,0.76,0.75,0.85,36.41,8.016727837,0.19,0.17,0.39,3.3299999999999996,0.5900000000000034,0.04708086700000002,0.59,0.04999999999999999,0.36,23.05,28.58988166,27.216502268922625,5.539881659999999,3.8,-15.5,1.101526748,34.28097032,31.12132353
12,12h,Heterospecific,NP,0.5973919824751872,0.3482908908142298,-41.69809755880075,12,1.674,36.812,8.039321146399999,0.22,0.392,0.532,4.18,37,8.063808704,0.24,0.76,0.75,0.85,36.41,8.016727837,0.19,0.17,0.39,3.3299999999999996,0.5900000000000034,0.04708086700000002,0.59,0.04999999999999999,0.36,23.05,28.58988166,27.216502268922625,5.539881659999999,3.8,-15.5,1.101526748,34.28097032,31.12132353
12,12h,Heterospecific,GP,1.06713622551746,0.6263416024017648,-41.3063124065488,12,1.674,36.812,8.039321146399999,0.22,0.392,0.532,4.18,37,8.063808704,0.24,0.76,0.75,0.85,36.41,8.016727837,0.19,0.17,0.39,3.3299999999999996,0.5900000000000034,0.04708086700000002,0.59,0.04999999999999999,0.36,23.05,28.58988166,27.216502268922625,5.539881659999999,3.8,-15.5,1.101526748,34.28097032,31.12132353
12,12h,Heterospecific,R,0.4697442430422727,0.278050711587535,-40.80806402506288,12,1.674,36.812,8.039321146399999,0.22,0.392,0.532,4.18,37,8.063808704,0.24,0.76,0.75,0.85,36.41,8.016727837,0.19,0.17,0.39,3.3299999999999996,0.5900000000000034,0.04708086700000002,0.59,0.04999999999999999,0.36,23.05,28.58988166,27.216502268922625,5.539881659999999,3.8,-15.5,1.101526748,34.28097032,31.12132353
10,10h,Heterospecific,NP,0.42711971637375007,0.5063821505639355,18.55742808201976,10,1.74,36.908,8.0366671486,0.214,0.256,0.496,3.66,36.97,8.073036027,0.22,0.43,0.65,0.88,36.82,7.996563393,0.21,0.03,0.3,2.78,0.14999999999999858,0.07647263400000082,0.4,0.01,0.35000000000000003,26.16,28.83904903,27.42368716526006,2.6790490300000016,4,-11.3,0.977659115,32.9105972,33.6626506
10,10h,Heterospecific,GP,0.9135326184778353,0.8926149698370835,-2.289753887015602,10,1.74,36.908,8.0366671486,0.214,0.256,0.496,3.66,36.97,8.073036027,0.22,0.43,0.65,0.88,36.82,7.996563393,0.21,0.03,0.3,2.78,0.14999999999999858,0.07647263400000082,0.4,0.01,0.35000000000000003,26.16,28.83904903,27.42368716526006,2.6790490300000016,4,-11.3,0.977659115,32.9105972,33.6626506
10,10h,Heterospecific,R,0.4864129021040853,0.3862328192731481,-20.59568781946086,10,1.74,36.908,8.0366671486,0.214,0.256,0.496,3.66,36.97,8.073036027,0.22,0.43,0.65,0.88,36.82,7.996563393,0.21,0.03,0.3,2.78,0.14999999999999858,0.07647263400000082,0.4,0.01,0.35000000000000003,26.16,28.83904903,27.42368716526006,2.6790490300000016,4,-11.3,0.977659115,32.9105972,33.6626506
10,10c,Conspecific,NP,0.42711971637375007,0.5794361865844468,35.66130627353492,10,1.74,36.908,8.0366671486,0.214,0.256,0.496,3.66,36.97,8.073036027,0.22,0.43,0.65,0.88,36.82,7.996563393,0.21,0.03,0.3,2.78,0.14999999999999858,0.07647263400000082,0.4,0.01,0.35000000000000003,26.16,28.83904903,27.42368716526006,2.6790490300000016,4,-11.3,0.977659115,32.9105972,33.6626506
10,10c,Conspecific,GP,0.9135326184778353,0.9215101211111743,0.8732586523983572,10,1.74,36.908,8.0366671486,0.214,0.256,0.496,3.66,36.97,8.073036027,0.22,0.43,0.65,0.88,36.82,7.996563393,0.21,0.03,0.3,2.78,0.14999999999999858,0.07647263400000082,0.4,0.01,0.35000000000000003,26.16,28.83904903,27.42368716526006,2.6790490300000016,4,-11.3,0.977659115,32.9105972,33.6626506
10,10c,Conspecific,R,0.4864129021040853,0.3420739345267274,-29.67416508751888,10,1.74,36.908,8.0366671486,0.214,0.256,0.496,3.66,36.97,8.073036027,0.22,0.43,0.65,0.88,36.82,7.996563393,0.21,0.03,0.3,2.78,0.14999999999999858,0.07647263400000082,0.4,0.01,0.35000000000000003,26.16,28.83904903,27.42368716526006,2.6790490300000016,4,-11.3,0.977659115,32.9105972,33.6626506
10,10s,Space,NP,0.42711971637375007,0.39107356621865613,-8.439355237713226,10,1.74,36.908,8.0366671486,0.214,0.256,0.496,3.66,36.97,8.073036027,0.22,0.43,0.65,0.88,36.82,7.996563393,0.21,0.03,0.3,2.78,0.14999999999999858,0.07647263400000082,0.4,0.01,0.35000000000000003,26.16,28.83904903,27.42368716526006,2.6790490300000016,4,-11.3,0.977659115,32.9105972,33.6626506
10,10s,Space,GP,0.9135326184778353,0.8851725230119328,-3.1044425663921142,10,1.74,36.908,8.0366671486,0.214,0.256,0.496,3.66,36.97,8.073036027,0.22,0.43,0.65,0.88,36.82,7.996563393,0.21,0.03,0.3,2.78,0.14999999999999858,0.07647263400000082,0.4,0.01,0.35000000000000003,26.16,28.83904903,27.42368716526006,2.6790490300000016,4,-11.3,0.977659115,32.9105972,33.6626506
10,10s,Space,R,0.4864129021040853,0.49409895679327664,1.5801502501154252,10,1.74,36.908,8.0366671486,0.214,0.256,0.496,3.66,36.97,8.073036027,0.22,0.43,0.65,0.88,36.82,7.996563393,0.21,0.03,0.3,2.78,0.14999999999999858,0.07647263400000082,0.4,0.01,0.35000000000000003,26.16,28.83904903,27.42368716526006,2.6790490300000016,4,-11.3,0.977659115,32.9105972,33.6626506
4,4c,Conspecific,NP,1.08455048682754,0.8136973585896349,-24.97376853614145,4,1.42,36.902,8.0413463492,0.224,0.442,0.5640000000000001,3.01,37.04,8.07403398,0.24,1.07,1.06,0.84,36.81,8.012807674,0.21,0.02,0.29,2.17,0.22999999999999687,0.06122630600000001,1.05,0.03,0.77,23.17,28.86497041,27.38997928124388,5.69497041,3.9,-12.1,1.16017121,34.27198318,29.54045307
4,4c,Conspecific,GP,1.7004972668312,1.31652965472982,-22.57972533039623,4,1.42,36.902,8.0413463492,0.224,0.442,0.5640000000000001,3.01,37.04,8.07403398,0.24,1.07,1.06,0.84,36.81,8.012807674,0.21,0.02,0.29,2.17,0.22999999999999687,0.06122630600000001,1.05,0.03,0.77,23.17,28.86497041,27.38997928124388,5.69497041,3.9,-12.1,1.16017121,34.27198318,29.54045307
4,4c,Conspecific,R,0.6159467800036578,0.5028322961401948,-18.36432749316284,4,1.42,36.902,8.0413463492,0.224,0.442,0.5640000000000001,3.01,37.04,8.07403398,0.24,1.07,1.06,0.84,36.81,8.012807674,0.21,0.02,0.29,2.17,0.22999999999999687,0.06122630600000001,1.05,0.03,0.77,23.17,28.86497041,27.38997928124388,5.69497041,3.9,-12.1,1.16017121,34.27198318,29.54045307
4,4s,Space,NP,1.08455048682754,1.24467262115076,14.763917057618904,4,1.42,36.902,8.0413463492,0.224,0.442,0.5640000000000001,3.01,37.04,8.07403398,0.24,1.07,1.06,0.84,36.81,8.012807674,0.21,0.02,0.29,2.17,0.22999999999999687,0.06122630600000001,1.05,0.03,0.77,23.17,28.86497041,27.38997928124388,5.69497041,3.9,-12.1,1.16017121,34.27198318,29.54045307
4,4s,Space,GP,1.7004972668312,1.83974495885982,8.188645447699065,4,1.42,36.902,8.0413463492,0.224,0.442,0.5640000000000001,3.01,37.04,8.07403398,0.24,1.07,1.06,0.84,36.81,8.012807674,0.21,0.02,0.29,2.17,0.22999999999999687,0.06122630600000001,1.05,0.03,0.77,23.17,28.86497041,27.38997928124388,5.69497041,3.9,-12.1,1.16017121,34.27198318,29.54045307
4,4s,Space,R,0.6159467800036578,0.5950723377090519,-3.38900096116776,4,1.42,36.902,8.0413463492,0.224,0.442,0.5640000000000001,3.01,37.04,8.07403398,0.24,1.07,1.06,0.84,36.81,8.012807674,0.21,0.02,0.29,2.17,0.22999999999999687,0.06122630600000001,1.05,0.03,0.77,23.17,28.86497041,27.38997928124388,5.69497041,3.9,-12.1,1.16017121,34.27198318,29.54045307
4,4h,Heterospecific,NP,1.08455048682754,1.35544932303947,24.97798299868424,4,1.42,36.902,8.0413463492,0.224,0.442,0.5640000000000001,3.01,37.04,8.07403398,0.24,1.07,1.06,0.84,36.81,8.012807674,0.21,0.02,0.29,2.17,0.22999999999999687,0.06122630600000001,1.05,0.03,0.77,23.17,28.86497041,27.38997928124388,5.69497041,3.9,-12.1,1.16017121,34.27198318,29.54045307
4,4h,Heterospecific,GP,1.7004972668312,1.9721977011240601,15.977704850955837,4,1.42,36.902,8.0413463492,0.224,0.442,0.5640000000000001,3.01,37.04,8.07403398,0.24,1.07,1.06,0.84,36.81,8.012807674,0.21,0.02,0.29,2.17,0.22999999999999687,0.06122630600000001,1.05,0.03,0.77,23.17,28.86497041,27.38997928124388,5.69497041,3.9,-12.1,1.16017121,34.27198318,29.54045307
4,4h,Heterospecific,R,0.6159467800036578,0.6167483780845888,0.1301408022502043,4,1.42,36.902,8.0413463492,0.224,0.442,0.5640000000000001,3.01,37.04,8.07403398,0.24,1.07,1.06,0.84,36.81,8.012807674,0.21,0.02,0.29,2.17,0.22999999999999687,0.06122630600000001,1.05,0.03,0.77,23.17,28.86497041,27.38997928124388,5.69497041,3.9,-12.1,1.16017121,34.27198318,29.54045307
4,4m,Monoculture,NP,1.08455048682754,0.9366135720175184,-13.640389876432351,4,1.42,36.902,8.0413463492,0.224,0.442,0.5640000000000001,3.01,37.04,8.07403398,0.24,1.07,1.06,0.84,36.81,8.012807674,0.21,0.02,0.29,2.17,0.22999999999999687,0.06122630600000001,1.05,0.03,0.77,23.17,28.86497041,27.38997928124388,5.69497041,3.9,-12.1,1.16017121,34.27198318,29.54045307
4,4m,Monoculture,GP,1.7004972668312,1.4349964238109398,-15.613129653246013,4,1.42,36.902,8.0413463492,0.224,0.442,0.5640000000000001,3.01,37.04,8.07403398,0.24,1.07,1.06,0.84,36.81,8.012807674,0.21,0.02,0.29,2.17,0.22999999999999687,0.06122630600000001,1.05,0.03,0.77,23.17,28.86497041,27.38997928124388,5.69497041,3.9,-12.1,1.16017121,34.27198318,29.54045307
4,4m,Monoculture,R,0.6159467800036578,0.4983828517934247,-19.086702297483384,4,1.42,36.902,8.0413463492,0.224,0.442,0.5640000000000001,3.01,37.04,8.07403398,0.24,1.07,1.06,0.84,36.81,8.012807674,0.21,0.02,0.29,2.17,0.22999999999999687,0.06122630600000001,1.05,0.03,0.77,23.17,28.86497041,27.38997928124388,5.69497041,3.9,-12.1,1.16017121,34.27198318,29.54045307
16,16h,Heterospecific,NP,1.37239957501704,1.5053278755323,9.6858307839107,16,1.048,36.97,8.0428305154,0.202,0.37,0.37,1.37,37.18,8.089299604,0.21,0.86,0.47,0.66,36.87,8.004249093,0.19,0.02,0.3,0.7100000000000001,0.3100000000000023,0.08505051100000038,0.84,0.01999999999999999,0.16999999999999998,26.60680945,28.79512555,27.498727465096323,2.1883161000000015,3.7,-10.5,0.876701361,33.50280224,38.21461187
16,16h,Heterospecific,GP,2.10839287514405,2.13092234500804,1.0685612785734144,16,1.048,36.97,8.0428305154,0.202,0.37,0.37,1.37,37.18,8.089299604,0.21,0.86,0.47,0.66,36.87,8.004249093,0.19,0.02,0.3,0.7100000000000001,0.3100000000000023,0.08505051100000038,0.84,0.01999999999999999,0.16999999999999998,26.60680945,28.79512555,27.498727465096323,2.1883161000000015,3.7,-10.5,0.876701361,33.50280224,38.21461187
16,16h,Heterospecific,R,0.7359933001270093,0.6255944694757394,-14.9999776672177,16,1.048,36.97,8.0428305154,0.202,0.37,0.37,1.37,37.18,8.089299604,0.21,0.86,0.47,0.66,36.87,8.004249093,0.19,0.02,0.3,0.7100000000000001,0.3100000000000023,0.08505051100000038,0.84,0.01999999999999999,0.16999999999999998,26.60680945,28.79512555,27.498727465096323,2.1883161000000015,3.7,-10.5,0.876701361,33.50280224,38.21461187
16,16s,Space,NP,1.37239957501704,0.7276283134790952,-46.98130728654147,16,1.048,36.97,8.0428305154,0.202,0.37,0.37,1.37,37.18,8.089299604,0.21,0.86,0.47,0.66,36.87,8.004249093,0.19,0.02,0.3,0.7100000000000001,0.3100000000000023,0.08505051100000038,0.84,0.01999999999999999,0.16999999999999998,26.60680945,28.79512555,27.498727465096323,2.1883161000000015,3.7,-10.5,0.876701361,33.50280224,38.21461187
16,16s,Space,GP,2.10839287514405,1.0671180752231801,-49.38713330881123,16,1.048,36.97,8.0428305154,0.202,0.37,0.37,1.37,37.18,8.089299604,0.21,0.86,0.47,0.66,36.87,8.004249093,0.19,0.02,0.3,0.7100000000000001,0.3100000000000023,0.08505051100000038,0.84,0.01999999999999999,0.16999999999999998,26.60680945,28.79512555,27.498727465096323,2.1883161000000015,3.7,-10.5,0.876701361,33.50280224,38.21461187
16,16s,Space,R,0.7359933001270093,0.3394897617440943,-53.87325378023019,16,1.048,36.97,8.0428305154,0.202,0.37,0.37,1.37,37.18,8.089299604,0.21,0.86,0.47,0.66,36.87,8.004249093,0.19,0.02,0.3,0.7100000000000001,0.3100000000000023,0.08505051100000038,0.84,0.01999999999999999,0.16999999999999998,26.60680945,28.79512555,27.498727465096323,2.1883161000000015,3.7,-10.5,0.876701361,33.50280224,38.21461187
16,16m,Monoculture,NP,1.37239957501704,1.28519248507902,-6.354351278266543,16,1.048,36.97,8.0428305154,0.202,0.37,0.37,1.37,37.18,8.089299604,0.21,0.86,0.47,0.66,36.87,8.004249093,0.19,0.02,0.3,0.7100000000000001,0.3100000000000023,0.08505051100000038,0.84,0.01999999999999999,0.16999999999999998,26.60680945,28.79512555,27.498727465096323,2.1883161000000015,3.7,-10.5,0.876701361,33.50280224,38.21461187
16,16m,Monoculture,GP,2.10839287514405,1.83410339879834,-13.009410133155086,16,1.048,36.97,8.0428305154,0.202,0.37,0.37,1.37,37.18,8.089299604,0.21,0.86,0.47,0.66,36.87,8.004249093,0.19,0.02,0.3,0.7100000000000001,0.3100000000000023,0.08505051100000038,0.84,0.01999999999999999,0.16999999999999998,26.60680945,28.79512555,27.498727465096323,2.1883161000000015,3.7,-10.5,0.876701361,33.50280224,38.21461187
16,16m,Monoculture,R,0.7359933001270093,0.5489109137193182,-25.41903389275508,16,1.048,36.97,8.0428305154,0.202,0.37,0.37,1.37,37.18,8.089299604,0.21,0.86,0.47,0.66,36.87,8.004249093,0.19,0.02,0.3,0.7100000000000001,0.3100000000000023,0.08505051100000038,0.84,0.01999999999999999,0.16999999999999998,26.60680945,28.79512555,27.498727465096323,2.1883161000000015,3.7,-10.5,0.876701361,33.50280224,38.21461187
16,16c,Conspecific,NP,1.37239957501704,0.7512965822952117,-45.25671706901516,16,1.048,36.97,8.0428305154,0.202,0.37,0.37,1.37,37.18,8.089299604,0.21,0.86,0.47,0.66,36.87,8.004249093,0.19,0.02,0.3,0.7100000000000001,0.3100000000000023,0.08505051100000038,0.84,0.01999999999999999,0.16999999999999998,26.60680945,28.79512555,27.498727465096323,2.1883161000000015,3.7,-10.5,0.876701361,33.50280224,38.21461187
16,16c,Conspecific,GP,2.10839287514405,1.08343414489103,-48.61327043627922,16,1.048,36.97,8.0428305154,0.202,0.37,0.37,1.37,37.18,8.089299604,0.21,0.86,0.47,0.66,36.87,8.004249093,0.19,0.02,0.3,0.7100000000000001,0.3100000000000023,0.08505051100000038,0.84,0.01999999999999999,0.16999999999999998,26.60680945,28.79512555,27.498727465096323,2.1883161000000015,3.7,-10.5,0.876701361,33.50280224,38.21461187
16,16c,Conspecific,R,0.7359933001270093,0.33213756259582283,-54.87220297542025,16,1.048,36.97,8.0428305154,0.202,0.37,0.37,1.37,37.18,8.089299604,0.21,0.86,0.47,0.66,36.87,8.004249093,0.19,0.02,0.3,0.7100000000000001,0.3100000000000023,0.08505051100000038,0.84,0.01999999999999999,0.16999999999999998,26.60680945,28.79512555,27.498727465096323,2.1883161000000015,3.7,-10.5,0.876701361,33.50280224,38.21461187
9,9s,Space,NP,1.05411307147285,0.723587377716202,-31.355810178392336,9,1.422,36.964,8.0391564122,0.222,0.272,0.536,2.37,37.2,8.071913728,0.24,0.45,0.66,0.97,36.82,8.004781258,0.21,0.16,0.45,1.4,0.38000000000000256,0.06713247000000067,0.29000000000000004,0.03,0.21,26.47385417,28.9309375,27.50862813421239,2.4570833299999997,3.6,-9.2,0.892029657,34.19833179,38.33766234
9,9s,Space,GP,1.67162728983466,0.9575282704074155,-42.7187940619153,9,1.422,36.964,8.0391564122,0.222,0.272,0.536,2.37,37.2,8.071913728,0.24,0.45,0.66,0.97,36.82,8.004781258,0.21,0.16,0.45,1.4,0.38000000000000256,0.06713247000000067,0.29000000000000004,0.03,0.21,26.47385417,28.9309375,27.50862813421239,2.4570833299999997,3.6,-9.2,0.892029657,34.19833179,38.33766234
9,9s,Space,R,0.6175142183618065,0.2339408926912136,-62.11570750357269,9,1.422,36.964,8.0391564122,0.222,0.272,0.536,2.37,37.2,8.071913728,0.24,0.45,0.66,0.97,36.82,8.004781258,0.21,0.16,0.45,1.4,0.38000000000000256,0.06713247000000067,0.29000000000000004,0.03,0.21,26.47385417,28.9309375,27.50862813421239,2.4570833299999997,3.6,-9.2,0.892029657,34.19833179,38.33766234
9,9c,Conspecific,NP,1.05411307147285,0.6108381276183453,-42.051935020134295,9,1.422,36.964,8.0391564122,0.222,0.272,0.536,2.37,37.2,8.071913728,0.24,0.45,0.66,0.97,36.82,8.004781258,0.21,0.16,0.45,1.4,0.38000000000000256,0.06713247000000067,0.29000000000000004,0.03,0.21,26.47385417,28.9309375,27.50862813421239,2.4570833299999997,3.6,-9.2,0.892029657,34.19833179,38.33766234
9,9c,Conspecific,GP,1.67162728983466,0.8003353395476551,-52.122381321806735,9,1.422,36.964,8.0391564122,0.222,0.272,0.536,2.37,37.2,8.071913728,0.24,0.45,0.66,0.97,36.82,8.004781258,0.21,0.16,0.45,1.4,0.38000000000000256,0.06713247000000067,0.29000000000000004,0.03,0.21,26.47385417,28.9309375,27.50862813421239,2.4570833299999997,3.6,-9.2,0.892029657,34.19833179,38.33766234
9,9c,Conspecific,R,0.6175142183618065,0.18949721192930977,-69.3128989916987,9,1.422,36.964,8.0391564122,0.222,0.272,0.536,2.37,37.2,8.071913728,0.24,0.45,0.66,0.97,36.82,8.004781258,0.21,0.16,0.45,1.4,0.38000000000000256,0.06713247000000067,0.29000000000000004,0.03,0.21,26.47385417,28.9309375,27.50862813421239,2.4570833299999997,3.6,-9.2,0.892029657,34.19833179,38.33766234
9,9m,Monoculture,NP,1.05411307147285,0.727003161533322,-31.03176678024461,9,1.422,36.964,8.0391564122,0.222,0.272,0.536,2.37,37.2,8.071913728,0.24,0.45,0.66,0.97,36.82,8.004781258,0.21,0.16,0.45,1.4,0.38000000000000256,0.06713247000000067,0.29000000000000004,0.03,0.21,26.47385417,28.9309375,27.50862813421239,2.4570833299999997,3.6,-9.2,0.892029657,34.19833179,38.33766234
9,9m,Monoculture,GP,1.67162728983466,0.9854202680573162,-41.050240442366565,9,1.422,36.964,8.0391564122,0.222,0.272,0.536,2.37,37.2,8.071913728,0.24,0.45,0.66,0.97,36.82,8.004781258,0.21,0.16,0.45,1.4,0.38000000000000256,0.06713247000000067,0.29000000000000004,0.03,0.21,26.47385417,28.9309375,27.50862813421239,2.4570833299999997,3.6,-9.2,0.892029657,34.19833179,38.33766234
9,9m,Monoculture,R,0.6175142183618065,0.25841710652399413,-58.152039444606686,9,1.422,36.964,8.0391564122,0.222,0.272,0.536,2.37,37.2,8.071913728,0.24,0.45,0.66,0.97,36.82,8.004781258,0.21,0.16,0.45,1.4,0.38000000000000256,0.06713247000000067,0.29000000000000004,0.03,0.21,26.47385417,28.9309375,27.50862813421239,2.4570833299999997,3.6,-9.2,0.892029657,34.19833179,38.33766234
9,9h,Heterospecific,NP,1.05411307147285,0.21032032543320858,-80.04765037783467,9,1.422,36.964,8.0391564122,0.222,0.272,0.536,2.37,37.2,8.071913728,0.24,0.45,0.66,0.97,36.82,8.004781258,0.21,0.16,0.45,1.4,0.38000000000000256,0.06713247000000067,0.29000000000000004,0.03,0.21,26.47385417,28.9309375,27.50862813421239,2.4570833299999997,3.6,-9.2,0.892029657,34.19833179,38.33766234
9,9h,Heterospecific,GP,1.67162728983466,0.629296624627531,-62.354250349085014,9,1.422,36.964,8.0391564122,0.222,0.272,0.536,2.37,37.2,8.071913728,0.24,0.45,0.66,0.97,36.82,8.004781258,0.21,0.16,0.45,1.4,0.38000000000000256,0.06713247000000067,0.29000000000000004,0.03,0.21,26.47385417,28.9309375,27.50862813421239,2.4570833299999997,3.6,-9.2,0.892029657,34.19833179,38.33766234
9,9h,Heterospecific,R,0.6175142183618065,0.4189762991943225,-32.151149441414,9,1.422,36.964,8.0391564122,0.222,0.272,0.536,2.37,37.2,8.071913728,0.24,0.45,0.66,0.97,36.82,8.004781258,0.21,0.16,0.45,1.4,0.38000000000000256,0.06713247000000067,0.29000000000000004,0.03,0.21,26.47385417,28.9309375,27.50862813421239,2.4570833299999997,3.6,-9.2,0.892029657,34.19833179,38.33766234
