,Rn,Time,EC,WL,T
3/21/2022 13:00,0.614102527,61,36.25816375,0.864872557,29.33109849
3/21/2022 13:01,0.609991334,62,36.25954959,0.863539224,29.32848943
3/21/2022 13:02,0.600703709,63,36.25953327,0.858942436,29.32932215
3/21/2022 13:03,0.587211634,64,36.26160249,0.86087577,29.32671308
3/21/2022 13:04,0.590502434,65,36.26080667,0.861136988,29.32728062
3/21/2022 13:05,0.572207935,66,36.26226148,0.855270321,29.32559748
3/21/2022 13:06,0.553247526,67,36.26192853,0.853985224,29.32636676
3/21/2022 13:07,0.534725877,68,36.26242653,0.850818557,29.32560954
3/21/2022 13:08,0.517510551,69,36.26189244,0.853215113,29.32723558
3/21/2022 13:09,0.531198568,70,36.26203826,0.848148446,29.32795985
3/21/2022 13:10,0.517854779,71,36.26143598,0.847482569,29.33000066
3/21/2022 13:11,0.5067677,72,36.26047375,0.847382569,29.33072493
3/21/2022 13:12,0.497955894,73,36.26133845,0.850543529,29.33239299
3/21/2022 13:13,0.49128494,74,36.26106024,0.848976862,29.33311725
3/21/2022 13:14,0.48367039,75,36.25977385,0.85104059,29.33469666
3/21/2022 13:15,0.480172313,76,36.25944846,0.853573924,29.33616167
3/21/2022 13:16,0.47734019,77,36.25961428,0.855105633,29.33784976
3/21/2022 13:17,0.474315987,78,36.25878121,0.854505633,29.33987033
3/21/2022 13:18,0.470198159,79,36.25687058,0.850670104,29.34233594
3/21/2022 13:19,0.451793209,80,36.25785545,0.853536771,29.34398614
3/21/2022 13:20,0.444388825,81,36.25744342,0.853054562,29.34630194
3/21/2022 13:21,0.435373929,82,36.25603503,0.854887896,29.34795213
3/21/2022 13:22,0.425131831,83,36.25201436,0.855415258,29.34955933
3/21/2022 13:23,0.414253065,84,36.25223093,0.857248592,29.35120953
3/21/2022 13:24,0.403363115,85,36.25275417,0.854889114,29.35303886
3/21/2022 13:25,0.392393687,86,36.251042,0.850955781,29.3554298
3/21/2022 13:26,0.381729182,87,36.2504668,0.850840602,29.35727909
3/21/2022 13:27,0.371467037,88,36.24977984,0.850573935,29.35967002
3/21/2022 13:28,0.361592366,89,36.25004298,0.852466948,29.36132593
3/21/2022 13:29,0.358309866,90,36.24591478,0.852900281,29.36297612
3/21/2022 13:30,0.348586017,91,36.24532572,0.852495775,29.36456922
3/21/2022 13:31,0.338594276,92,36.24617013,0.849962442,29.3664046
3/21/2022 13:32,0.328126011,93,36.24486107,0.849676296,29.36731016
3/21/2022 13:33,0.31700809,94,36.24416664,0.849609629,29.36914554
3/21/2022 13:34,0.307695957,95,36.24406483,0.847754436,29.37003852
3/21/2022 13:35,0.295864896,96,36.24436806,0.84948777,29.37168871
3/21/2022 13:36,0.284104104,97,36.24572715,0.849431447,29.37186276
3/21/2022 13:37,0.272656383,98,36.24500337,0.84926478,29.37351295
3/21/2022 13:38,0.261724947,99,36.24425898,0.848297188,29.37352648
3/21/2022 13:39,0.250773063,100,36.24298518,0.848130521,29.37443593
3/21/2022 13:40,0.240799467,101,36.24202399,0.846869443,29.37439635
3/21/2022 13:41,0.231688059,102,36.24203001,0.84483611,29.3753058
3/21/2022 13:42,0.224224514,103,36.2413491,0.845678435,29.37581119
3/21/2022 13:43,0.219594094,104,36.24277025,0.845878435,29.3759799
3/21/2022 13:44,0.208641994,105,36.24320611,0.843020424,29.37653717
3/21/2022 13:45,0.214001783,106,36.24220378,0.841953757,29.3765207
3/21/2022 13:46,0.225115686,107,36.24233963,0.83940756,29.37669039
3/21/2022 13:47,0.241048133,108,36.24150929,0.838440893,29.37667391
3/21/2022 13:48,0.25977513,109,36.24239343,0.840794661,29.37686603
3/21/2022 13:49,0.248816663,110,36.24182607,0.841661327,29.37740511
3/21/2022 13:50,0.264188888,111,36.24125551,0.844169412,29.37739544
3/21/2022 13:51,0.274426414,112,36.24162858,0.840069412,29.37793452
3/21/2022 13:52,0.278645406,113,36.24615154,0.840713836,29.37811117
3/21/2022 13:53,0.277046025,114,36.24637809,0.839147169,29.37827989
3/21/2022 13:54,0.272575442,115,36.24607007,0.841732659,29.37787601
3/21/2022 13:55,0.263582244,116,36.24689506,0.844365992,29.37804472
3/21/2022 13:56,0.25340318,117,36.24721135,0.843721088,29.37738527
3/21/2022 13:57,0.243431071,118,36.24680747,0.846421088,29.37736879
3/21/2022 13:58,0.23482804,119,36.24623279,0.848580397,29.37724933
3/21/2022 13:59,0.254116523,120,36.25088837,0.848980397,29.37741805
3/21/2022 14:00,0.25051623,121,36.25088253,0.850135403,29.37731092
3/21/2022 14:01,0.24973749,122,36.25004578,0.852335403,29.37673889
3/21/2022 14:02,0.251492317,123,36.25103841,0.853530563,29.37621382
3/21/2022 14:03,0.255121055,124,36.25156824,0.852963896,29.37564179
3/21/2022 14:04,0.250654238,125,36.25257641,0.85184678,29.3753367
3/21/2022 14:05,0.255190048,126,36.25174603,0.85454678,29.37532023
3/21/2022 14:06,0.25917843,127,36.25169432,0.855620902,29.37493202
3/21/2022 14:07,0.262484028,128,36.25194403,0.856254236,29.37473036
3/21/2022 14:08,0.265426934,129,36.25255825,0.856213816,29.37399851
3/21/2022 14:09,0.257741551,130,36.25377143,0.857513816,29.37342648
3/21/2022 14:10,0.262028962,131,36.25476884,0.857669312,29.37287672
3/21/2022 14:11,0.26737005,132,36.25561709,0.855869312,29.37267506
3/21/2022 14:12,0.273211209,133,36.25535502,0.851190295,29.37240961
3/21/2022 14:13,0.278319789,134,36.25528664,0.853556962,29.37183758
3/21/2022 14:14,0.285342027,135,36.25525317,0.85579026,29.37163417
3/21/2022 14:15,0.283072568,136,36.25592306,0.854656927,29.37087696
3/21/2022 14:16,0.275734992,137,36.25605459,0.855881045,29.37072961
3/21/2022 14:17,0.263092181,138,36.25695579,0.855881045,29.37034277
3/21/2022 14:18,0.246527269,139,36.25730793,0.854970235,29.36985084
3/21/2022 14:19,0.243441279,140,36.25678959,0.850103568,29.36964918
3/21/2022 14:20,0.23386668,141,36.25764487,0.848021201,29.36944822
3/21/2022 14:21,0.222719151,142,36.25789468,0.851854534,29.36924656
3/21/2022 14:22,0.21824898,143,36.25798625,0.850390781,29.36905978
3/21/2022 14:23,0.221139065,144,36.25806409,0.850024115,29.36885812
3/21/2022 14:24,0.228436055,145,36.25786351,0.852213761,29.36914916
3/21/2022 14:25,0.235843983,146,36.25856341,0.851680427,29.36857713
3/21/2022 14:26,0.254323858,147,36.25899305,0.85363235,29.36851246
3/21/2022 14:27,0.274528629,148,36.2596165,0.851199017,29.36849599
3/21/2022 14:28,0.294880827,149,36.25986182,0.84833508,29.36819582
3/21/2022 14:29,0.293181078,150,36.25977004,0.848201747,29.36799416
3/21/2022 14:30,0.295121585,151,36.26018535,0.848320165,29.36782295
3/21/2022 14:31,0.308495424,152,36.25993023,0.850953498,29.36817685
3/21/2022 14:32,0.317658908,153,36.26063684,0.848238822,29.36797892
3/21/2022 14:33,0.322408309,154,36.26145587,0.848338822,29.36759208
3/21/2022 14:34,0.326457516,155,36.26130194,0.848477275,29.36761706
3/21/2022 14:35,0.335562832,156,36.26098522,0.845677275,29.36760059
3/21/2022 14:36,0.332097322,157,36.26080807,0.844370891,29.36732785
3/21/2022 14:37,0.329205618,158,36.26196851,0.845137557,29.366941
3/21/2022 14:38,0.328101097,159,36.26219772,0.841906516,29.36727838
3/21/2022 14:39,0.338309944,160,36.26239469,0.837706516,29.36726191
3/21/2022 14:40,0.345742381,161,36.26223514,0.836276688,29.36782004
3/21/2022 14:41,0.349480962,162,36.26200324,0.838710021,29.36780357
3/21/2022 14:42,0.352416472,163,36.26185684,0.84020969,29.3675834
3/21/2022 14:43,0.353499567,164,36.26190518,0.835976357,29.36719655
3/21/2022 14:44,0.352415816,165,36.26241695,0.838530574,29.36722413
3/21/2022 14:45,0.349588116,166,36.26242502,0.836863907,29.36813358
3/21/2022 14:46,0.346144077,167,36.2632129,0.835855922,29.36810118
3/21/2022 14:47,0.343548764,168,36.26298325,0.834922589,29.36808471
3/21/2022 14:48,0.342711803,169,36.26238543,0.834952926,29.36814256
3/21/2022 14:49,0.343719364,170,36.26241036,0.838619593,29.36812609
3/21/2022 14:50,0.347516398,171,36.26215775,0.841104097,29.36808767
3/21/2022 14:51,0.349196039,172,36.26329495,0.841137431,29.3680712
3/21/2022 14:52,0.34854607,173,36.26038083,0.840947091,29.36829503
3/21/2022 14:53,0.344181489,174,36.26023378,0.839613758,29.36827855
3/21/2022 14:54,0.33551446,175,36.25777153,0.837201374,29.36834016
3/21/2022 14:55,0.331042893,176,36.25745469,0.839734707,29.36832369
3/21/2022 14:56,0.315202676,177,36.25634687,0.837717174,29.36898258
3/21/2022 14:57,0.297884755,178,36.25495002,0.83868384,29.36915129
3/21/2022 14:58,0.280726264,179,36.25363896,0.838845152,29.36972119
3/21/2022 14:59,0.265116919,180,36.24960378,0.837745152,29.3698899
3/21/2022 15:00,0.267588353,181,36.24996311,0.835769268,29.37006568
3/21/2022 15:01,0.258226918,182,36.2496761,0.832535935,29.37023439
3/21/2022 15:02,0.252878132,183,36.24890165,0.832692087,29.37076859
3/21/2022 15:03,0.251349005,184,36.24651796,0.83202542,29.37167804
3/21/2022 15:04,0.252899843,185,36.24635206,0.834463077,29.37187331
3/21/2022 15:05,0.23780101,186,36.24691797,0.834129744,29.37204203
3/21/2022 15:06,0.241133753,187,36.2462759,0.834341744,29.37248109
3/21/2022 15:07,0.242392582,188,36.24576149,0.831908411,29.37283499
3/21/2022 15:08,0.240197844,189,36.244132,0.834218015,29.37335901
3/21/2022 15:09,0.234134982,190,36.24364951,0.837718015,29.37389809
3/21/2022 15:10,0.224810682,191,36.24161799,0.840128501,29.37405348
3/21/2022 15:11,0.213682384,192,36.24138609,0.840061834,29.374037
3/21/2022 15:12,0.203089553,193,36.23931868,0.83916597,29.37446111
3/21/2022 15:13,0.195057603,194,36.23787501,0.84086597,29.37537056
3/21/2022 15:14,0.19083113,195,36.23418376,0.837353814,29.37565236
3/21/2022 15:15,0.193532063,196,36.23207661,0.840053814,29.37563589
3/21/2022 15:16,0.197369723,197,36.23042287,0.837755215,29.37658703
3/21/2022 15:17,0.203943679,198,36.22849177,0.838521881,29.37712611
3/21/2022 15:18,0.212209643,199,36.22814493,0.837632645,29.37820947
3/21/2022 15:19,0.221584328,200,36.22496513,0.834832645,29.37837818
3/21/2022 15:20,0.210182112,201,36.22417909,0.830498577,29.37948449
3/21/2022 15:21,0.22198824,202,36.22162404,0.826098577,29.38039394
3/21/2022 15:22,0.236045357,203,36.22262642,0.822645392,29.3810743
3/21/2022 15:23,0.253084475,204,36.22237777,0.823278725,29.38198375
3/21/2022 15:24,0.273253594,205,36.22379709,0.818732164,29.38262368
3/21/2022 15:25,0.279248478,206,36.22292641,0.814532164,29.3839035
3/21/2022 15:26,0.303520733,207,36.2238456,0.812990461,29.38376548
3/21/2022 15:27,0.327487727,208,36.2237372,0.809623794,29.38448975
3/21/2022 15:28,0.349146313,209,36.22333547,0.808346547,29.38439074
3/21/2022 15:29,0.367055651,210,36.22518251,0.803413213,29.38511501
3/21/2022 15:30,0.381091584,211,36.22577067,0.802380479,29.38601597
3/21/2022 15:31,0.390425702,212,36.22690533,0.800180479,29.38599949
3/21/2022 15:32,0.396554525,213,36.22652884,0.800369077,29.38673007
3/21/2022 15:33,0.401111635,214,36.22626719,0.79930241,29.38652841
3/21/2022 15:34,0.405662365,215,36.22624001,0.798014449,29.38658557
3/21/2022 15:35,0.429515998,216,36.22690148,0.796447782,29.38730983
3/21/2022 15:36,0.4368906,217,36.2276011,0.79427091,29.38719802
3/21/2022 15:37,0.446153563,218,36.22743947,0.795004244,29.38810747
3/21/2022 15:38,0.456914976,219,36.2242332,0.791413225,29.38590221
3/21/2022 15:39,0.468457303,220,36.22383165,0.790346558,29.38588573
3/21/2022 15:40,0.474633353,221,36.22640473,0.788515846,29.38601506
3/21/2022 15:41,0.485665633,222,36.22757144,0.786315846,29.38618377
3/21/2022 15:42,0.495469203,223,36.22845988,0.783715331,29.38593356
3/21/2022 15:43,0.503557405,224,36.22472679,0.780381998,29.38369486
3/21/2022 15:44,0.509767217,225,36.22444319,0.778463459,29.38255573
3/21/2022 15:45,0.51880875,226,36.22676987,0.776296793,29.38253926
3/21/2022 15:46,0.521614757,227,36.22550194,0.777711703,29.38082805
3/21/2022 15:47,0.523300369,228,36.22626274,0.775411703,29.38062639
3/21/2022 15:48,0.524483332,229,36.22695706,0.773436978,29.37971184
3/21/2022 15:49,0.525972142,230,36.22700163,0.770536978,29.37876944
3/21/2022 15:50,0.535017742,231,36.22599565,0.769585205,29.37701851
3/21/2022 15:51,0.5415327,232,36.22497969,0.771051872,29.37533537
3/21/2022 15:52,0.553818833,233,36.22342473,0.770757636,29.37274567
3/21/2022 15:53,0.574788414,234,36.22414978,0.769090969,29.37180327
3/21/2022 15:54,0.607493477,235,36.22486156,0.770457245,29.37053861
3/21/2022 15:55,0.610428611,236,36.22392674,0.769423912,29.36885547
3/21/2022 15:56,0.669099673,237,36.21737905,0.768519624,29.36340012
3/21/2022 15:57,0.738196372,238,36.21544764,0.767819624,29.36079106
3/21/2022 15:58,0.813409603,239,36.21629355,0.767820496,29.35915233
3/21/2022 15:59,0.888681412,240,36.21746749,0.769253829,29.35783956
3/21/2022 16:00,0.910216462,241,36.21308246,0.769114165,29.35410859
3/21/2022 16:01,0.97288797,242,36.20628694,0.768480831,29.34853656
3/21/2022 16:02,1.026878031,243,36.19866227,0.765193,29.34119337
3/21/2022 16:03,1.073298128,244,36.19963692,0.765093,29.33969542
3/21/2022 16:04,1.115475307,245,36.19985808,0.763502331,29.33854795
3/21/2022 16:05,1.189385824,246,36.19553597,0.763468998,29.33482778
3/21/2022 16:06,1.232247701,247,36.19477215,0.763599938,29.33415007
3/21/2022 16:07,1.278131198,248,36.18702522,0.760633271,29.32672619
3/21/2022 16:08,1.327532463,249,36.18787579,0.758729777,29.32741928
3/21/2022 16:09,1.379727364,250,36.18868597,0.757096444,29.32647688
3/21/2022 16:10,1.424832781,251,36.17944759,0.754632007,29.31702163
3/21/2022 16:11,1.479874671,252,36.17795055,0.754265341,29.31607924
3/21/2022 16:12,1.535753582,253,36.18072017,0.753536814,29.31436718
3/21/2022 16:13,1.592609203,254,36.18122741,0.751770147,29.31472108
3/21/2022 16:14,1.651056437,255,36.17522454,0.749836513,29.30606748
3/21/2022 16:15,1.701191637,256,36.16662269,0.747569846,29.29679175
3/21/2022 16:16,1.764493976,257,36.16602931,0.749347887,29.29301156
3/21/2022 16:17,1.830292806,258,36.16851036,0.748314554,29.29132842
3/21/2022 16:18,1.898112464,259,36.16088082,0.747109979,29.2829867
3/21/2022 16:19,1.966921061,260,36.15431629,0.745443312,29.27389615
3/21/2022 16:20,2.023614345,261,36.15146054,0.744150243,29.26792433
3/21/2022 16:21,2.088243661,262,36.1516283,0.745916909,29.26457452
3/21/2022 16:22,2.146295308,263,36.14361118,0.745280139,29.25238627
3/21/2022 16:23,2.193842597,264,36.13559137,0.743613472,29.24366609
3/21/2022 16:24,2.226889952,265,36.13230585,0.742703579,29.23796319
3/21/2022 16:25,2.297081285,266,36.12929752,0.741736912,29.23165042
3/21/2022 16:26,2.29740468,267,36.13578257,0.74303053,29.23410378
3/21/2022 16:27,2.284605215,268,36.12742153,0.742297197,29.2216799
3/21/2022 16:28,2.264262585,269,36.12298827,0.741203791,29.21478992
3/21/2022 16:29,2.243780075,270,36.12133267,0.740503791,29.21069937
3/21/2022 16:30,2.292308558,271,36.12315898,0.740203996,29.20749027
3/21/2022 16:31,2.287941436,272,36.12893973,0.741537329,29.20914046
3/21/2022 16:32,2.295863413,273,36.1353012,0.74232915,29.20885458
3/21/2022 16:33,2.316262766,274,36.13055859,0.74102915,29.20161589
3/21/2022 16:34,2.347753338,275,36.12991845,0.741038558,29.19708055
3/21/2022 16:35,2.325221805,276,36.13266597,0.740905225,29.19447148
3/21/2022 16:36,2.376888157,277,36.12568798,0.739511661,29.18571247
3/21/2022 16:37,2.437970623,278,36.13185507,0.740378328,29.18514044
3/21/2022 16:38,2.5080499,279,36.12379293,0.739357591,29.16883531
3/21/2022 16:39,2.586601114,280,36.12246737,0.739390924,29.16418921
3/21/2022 16:40,2.614725564,281,36.12044619,0.737787302,29.15449073
3/21/2022 16:41,2.704652945,282,36.11166309,0.735687302,29.14373351
3/21/2022 16:42,2.796689172,283,36.09856852,0.733640525,29.12754931
3/21/2022 16:43,2.888189142,284,36.09101069,0.732640525,29.1104958
3/21/2022 16:44,2.97634755,285,36.08875558,0.731876587,29.10055414
3/21/2022 16:45,3.05702065,286,36.08640007,0.730376587,29.0912784
3/21/2022 16:46,3.131821557,287,36.08698365,0.727791459,29.08490128
3/21/2022 16:47,3.197772589,288,36.07338221,0.725624792,29.06821814
3/21/2022 16:48,3.254146386,289,36.07172087,0.724789,29.06111547
3/21/2022 16:49,3.300752256,290,36.0719042,0.724322333,29.05276566
3/21/2022 16:50,3.38887474,291,36.06143351,0.722029827,29.03741463
3/21/2022 16:51,3.417677276,292,36.06239376,0.719396494,29.03202779
3/21/2022 16:52,3.440539144,293,36.07062516,0.719578599,29.03334284
3/21/2022 16:53,3.461071652,294,36.06539595,0.718211933,29.022956
3/21/2022 16:54,3.484113338,295,36.0589742,0.716917597,29.01233806
3/21/2022 16:55,3.529729555,296,36.05128047,0.715184263,28.99898825
3/21/2022 16:56,3.574699549,297,36.03628172,0.711611965,28.98058427
3/21/2022 16:57,3.636699918,298,36.04623094,0.712145299,28.98390113
3/21/2022 16:58,3.717286912,299,36.03549973,0.710307733,28.97021763
3/21/2022 16:59,3.816137369,300,36.02268699,0.707941066,28.95427523
3/21/2022 17:00,3.841374719,301,36.00488662,0.705933895,28.93650233
3/21/2022 17:01,3.96875494,302,35.99177328,0.702733895,28.91944882
3/21/2022 17:02,4.104852573,303,35.97836596,0.700752382,28.90440748
3/21/2022 17:03,4.2457039,304,35.96572705,0.699052382,28.88994656
3/21/2022 17:04,4.38716609,305,35.95335861,0.695589038,28.87269254
3/21/2022 17:05,4.494913823,306,35.935674,0.693589038,28.85489829
3/21/2022 17:06,4.627437203,307,35.92170022,0.691158708,28.83866605
3/21/2022 17:07,4.754496904,308,35.9105164,0.688925375,28.82420513
3/21/2022 17:08,4.878664514,309,35.90923771,0.690224943,28.81910065
3/21/2022 17:09,5.004949668,310,35.89475008,0.68659161,28.80038048
3/21/2022 17:10,5.152217268,311,35.88737344,0.685401053,28.7931385
3/21/2022 17:11,5.304724785,312,35.87507892,0.683701053,28.77923314
3/21/2022 17:12,5.47981231,313,35.85833592,0.680874837,28.76722242
3/21/2022 17:13,5.6809576,314,35.860554,0.682641504,28.76387261
3/21/2022 17:14,5.90942815,315,35.85109246,0.682276578,28.75771762
3/21/2022 17:15,6.049666616,316,35.83502391,0.679143245,28.74659004
3/21/2022 17:16,6.328333247,317,35.81449952,0.676064323,28.73300706
3/21/2022 17:17,6.627831522,318,35.8015608,0.674464323,28.72317577
3/21/2022 17:18,6.945218911,319,35.78309399,0.673515706,28.71127975
3/21/2022 17:19,7.277567511,320,35.77283854,0.673082372,28.70533735
3/21/2022 17:20,7.530331561,321,35.75937444,0.674352052,28.70057962
3/21/2022 17:21,7.883416743,322,35.73479332,0.670418719,28.68426686
3/21/2022 17:22,8.242642408,323,35.7103447,0.66884658,28.66941843
3/21/2022 17:23,8.606677914,324,35.69550014,0.669913246,28.66069825
3/21/2022 17:24,8.975450988,325,35.6554559,0.667594713,28.64200799
3/21/2022 17:25,9.316174338,326,35.63965018,0.667994713,28.63625077
3/21/2022 17:26,9.700385343,327,35.58839843,0.665951289,28.62117251
3/21/2022 17:27,10.09777032,328,35.55625455,0.663551289,28.60115604
3/21/2022 17:28,10.51038464,329,35.49560971,0.661685784,28.58456447
3/21/2022 17:29,10.93859897,330,35.44477801,0.659052451,28.56677022
3/21/2022 17:30,11.32256059,331,35.38680864,0.657423619,28.55335635
3/21/2022 17:31,11.77570594,332,35.33490803,0.656090286,28.53908062
3/21/2022 17:32,12.23537904,333,35.27569164,0.655070352,28.52664823
3/21/2022 17:33,12.69924381,334,35.2075021,0.652670352,28.50829843
3/21/2022 17:34,13.16683822,335,35.12518647,0.649150271,28.48940556
3/21/2022 17:35,13.62519453,336,35.07772075,0.648683604,28.48105576
3/21/2022 17:36,14.10610536,337,35.00605253,0.647522281,28.46669786
3/21/2022 17:37,14.59773747,338,34.92726968,0.644688948,28.44742213
3/21/2022 17:38,15.10001368,339,34.842954,0.643222788,28.42787406
3/21/2022 17:39,15.61010872,340,34.76596223,0.640422788,28.41211685
3/21/2022 17:40,16.09265456,341,34.68274141,0.639413773,28.39777484
3/21/2022 17:41,16.59953517,342,34.60810883,0.639213773,28.38146207
3/21/2022 17:42,17.0937412,343,34.52960913,0.639171398,28.36953598
3/21/2022 17:43,17.5703084,344,34.44016482,0.636771398,28.35007506
3/21/2022 17:44,18.02666451,345,34.36634405,0.636022259,28.33414158
3/21/2022 17:45,18.55230678,346,34.28716012,0.635988926,28.32356955
3/21/2022 17:46,18.96980826,347,34.21768561,0.635413587,28.30796045
3/21/2022 17:47,19.37128303,348,34.14060753,0.634980253,28.29238842
3/21/2022 17:48,19.75847585,349,34.06572268,0.631824682,28.27601178
3/21/2022 17:49,20.13230786,350,33.99865646,0.631558015,28.2622916
3/21/2022 17:50,20.5682125,351,33.91207985,0.628992372,28.2450224
3/21/2022 17:51,20.91458739,352,33.83410828,0.626325706,28.22574667
3/21/2022 17:52,21.24422928,353,33.71269777,0.622482458,28.19759497
3/21/2022 17:53,21.55541277,354,33.63814662,0.620082458,28.18461553
3/21/2022 17:54,21.84792472,355,33.52898596,0.617988796,28.16386615
3/21/2022 17:55,22.19653601,356,33.41181232,0.614588796,28.13588672
3/21/2022 17:56,22.45742244,357,33.34456798,0.613925574,28.12093826
3/21/2022 17:57,22.71120295,358,33.22759868,0.610258907,28.09684771
3/21/2022 17:58,22.96516814,359,33.21957731,0.610178133,28.09424982
3/21/2022 17:59,23.22474438,360,33.12550177,0.6097448,28.07627038
3/21/2022 18:00,23.50226531,361,33.06940288,0.609559876,28.06516077
3/21/2022 18:01,23.78171836,362,33.061219,0.608993209,28.06032948
3/21/2022 18:02,24.06924538,363,33.04204363,0.609489779,28.05241798
3/21/2022 18:03,24.36137808,364,32.98923881,0.609856445,28.04443854
3/21/2022 18:04,24.65665947,365,32.95833854,0.610785191,28.03542267
3/21/2022 18:05,24.95507144,366,32.93467018,0.610785191,28.02614694
3/21/2022 18:06,25.26046926,367,32.90690016,0.610734959,28.01787215
3/21/2022 18:07,25.57829456,368,32.8702661,0.611234959,28.00785568
3/21/2022 18:08,25.91411338,369,32.7893267,0.609048186,27.99157744
3/21/2022 18:09,26.26880024,370,32.77238107,0.610048186,27.98470911
3/21/2022 18:10,26.59168874,371,32.70257492,0.609582888,27.96687928
3/21/2022 18:11,26.96755989,372,32.62239126,0.607316221,27.95075169
3/21/2022 18:12,27.33554298,373,32.50084853,0.605382483,27.92439574
3/21/2022 18:13,27.68006068,374,32.43590811,0.604715817,27.90882372
3/21/2022 18:14,27.98953308,375,32.35065812,0.602445382,27.88751466
3/21/2022 18:15,28.37390239,376,32.23334989,0.600512049,27.86083152
3/21/2022 18:16,28.59558227,377,32.21614827,0.599858872,27.85206574
3/21/2022 18:17,28.77335153,378,32.12118297,0.598192205,27.83001223
3/21/2022 18:18,28.91310437,379,32.05958004,0.597494368,27.81320095
3/21/2022 18:19,29.02369211,380,32.03423973,0.595794368,27.80188818
3/21/2022 18:20,29.21616629,381,31.92407834,0.594262217,27.77601839
3/21/2022 18:21,29.30630304,382,31.87770841,0.593862217,27.76285377
3/21/2022 18:22,29.41000551,383,31.84141592,0.594242568,27.75298812
3/21/2022 18:23,29.54073333,384,31.72187096,0.592709235,27.72463832
3/21/2022 18:24,29.7036745,385,31.7454778,0.593227847,27.7287134
3/21/2022 18:25,29.79101056,386,31.69551664,0.593161181,27.71536359
3/21/2022 18:26,29.99853843,387,31.66451385,0.591219109,27.70642756
3/21/2022 18:27,30.20177553,388,31.67929274,0.591885775,27.70918887
3/21/2022 18:28,30.38029832,389,31.61526881,0.590671371,27.69561771
3/21/2022 18:29,30.52156191,390,31.61129426,0.589271371,27.69171235
3/21/2022 18:30,30.74242384,391,31.61147424,0.587779867,27.68654231
3/21/2022 18:31,30.80771702,392,31.53673127,0.586346534,27.67134065
3/21/2022 18:32,30.85172535,393,31.5719436,0.583055377,27.66870164
3/21/2022 18:33,30.89005275,394,31.57042576,0.582222044,27.66405553
3/21/2022 18:34,30.93247169,395,31.5096801,0.581989456,27.64904943
3/21/2022 18:35,30.99475636,396,31.54315374,0.578289456,27.64532925
3/21/2022 18:36,31.04587285,397,31.43529027,0.576570911,27.61713823
3/21/2022 18:37,31.08761969,398,31.38636362,0.576304244,27.60415879
3/21/2022 18:38,31.10793759,399,31.4553373,0.575559493,27.61345035
3/21/2022 18:39,31.09981605,400,31.33165392,0.57362616,27.58269314
3/21/2022 18:40,31.1655685,401,31.34123455,0.572705421,27.57739624
3/21/2022 18:41,31.10249043,402,31.40653375,0.572072087,27.5857131
3/21/2022 18:42,31.02415937,403,31.46243334,0.572685629,27.59623819
3/21/2022 18:43,30.94100092,404,31.46634307,0.571518962,27.5901106
3/21/2022 18:44,30.8613962,405,31.47290484,0.571721937,27.59197549
3/21/2022 18:45,30.7764276,406,31.52320829,0.572055271,27.60084791
3/21/2022 18:46,30.72769807,407,31.43114699,0.570302265,27.58084615
3/21/2022 18:47,30.70566694,408,31.45492263,0.571035598,27.58582968
3/21/2022 18:48,30.71829431,409,31.46496435,0.570972673,27.58583906
3/21/2022 18:49,30.77202415,410,31.37623128,0.568906006,27.56619296
3/21/2022 18:50,30.73044275,411,31.41424025,0.569559563,27.56924897
3/21/2022 18:51,30.86707592,412,31.41082517,0.56932623,27.56701028
3/21/2022 18:52,31.0360338,413,31.40908817,0.567995163,27.56643876
3/21/2022 18:53,31.22701973,414,31.44318499,0.568861829,27.56845933
3/21/2022 18:54,31.43140651,415,31.3839502,0.568925019,27.55250405
3/21/2022 18:55,31.62080002,416,31.39275255,0.567658353,27.55415424
3/21/2022 18:56,31.83410677,417,31.32873916,0.567759584,27.54296665
3/21/2022 18:57,32.04690808,418,31.26693183,0.567626251,27.52665388
3/21/2022 18:58,32.25667943,419,31.27421389,0.56683482,27.52312536
3/21/2022 18:59,32.45751605,420,31.21275446,0.56693482,27.51236815
3/21/2022 19:00,32.67497551,421,31.11131631,0.565780614,27.48730666
3/21/2022 19:01,32.8402583,422,31.11834237,0.565247281,27.48358648
3/21/2022 19:02,32.97964237,423,31.01760965,0.563570888,27.47106361
3/21/2022 19:03,33.08916485,424,30.91911355,0.562204221,27.44641751
3/21/2022 19:04,33.16895607,425,31.01413616,0.560703037,27.45722654
3/21/2022 19:05,33.29207896,426,30.92436366,0.559103037,27.44665451
3/21/2022 19:06,33.31445284,427,31.03054553,0.556985414,27.46308672
3/21/2022 19:07,33.30878178,428,31.11606531,0.555485414,27.47103321
3/21/2022 19:08,33.27507814,429,31.07083631,0.55509344,27.45983576
3/21/2022 19:09,33.2125026,430,31.17651246,0.552826773,27.47722669
3/21/2022 19:10,33.19219265,431,31.12478339,0.551723023,27.46482577
3/21/2022 19:11,33.07827098,432,31.07444856,0.55158969,27.45258707
3/21/2022 19:12,32.94760708,433,31.06869297,0.54977642,27.44290981
3/21/2022 19:13,32.80969756,434,31.01286385,0.548409754,27.42937482
3/21/2022 19:14,32.67334618,435,31.01987509,0.545790433,27.42378598
3/21/2022 19:15,32.51709705,436,31.02065527,0.543823766,27.41580655
3/21/2022 19:16,32.39543192,437,31.11489535,0.543811173,27.42837619
3/21/2022 19:17,32.27889674,438,31.1278737,0.541477839,27.42335971
3/21/2022 19:18,32.16087462,439,31.08068078,0.541651668,27.41265951
3/21/2022 19:19,32.03440362,440,31.17320198,0.541751668,27.42523563
3/21/2022 19:20,31.91406127,441,31.15319477,0.5397561,27.42161683
3/21/2022 19:21,31.75491761,442,31.08705913,0.539622766,27.40789666
3/21/2022 19:22,31.57310459,443,31.11569407,0.539847118,27.41268277
3/21/2022 19:23,31.36543681,444,31.11000416,0.538047118,27.41192555
3/21/2022 19:24,31.12970029,445,31.15985696,0.536326679,27.41685873
3/21/2022 19:25,30.94259443,446,31.19462012,0.536560012,27.42221263
3/21/2022 19:26,30.65328943,447,31.21670236,0.536321822,27.42002175
3/21/2022 19:27,30.34499992,448,31.25952979,0.534421822,27.42296824
3/21/2022 19:28,30.03332725,449,31.26430569,0.532541757,27.4195417
3/21/2022 19:29,29.73568898,450,31.28228969,0.53237509,27.41693263
3/21/2022 19:30,29.44048087,451,31.37845237,0.531451716,27.43272484
3/21/2022 19:31,29.18890582,452,31.40225559,0.529385049,27.43270836
3/21/2022 19:32,29.00623162,453,31.4125565,0.53033696,27.42508378
3/21/2022 19:33,28.86040564,454,31.50045137,0.52993696,27.4389562
3/21/2022 19:34,28.73752641,455,31.42017335,0.528095177,27.42926777
3/21/2022 19:35,28.6018972,456,31.41858498,0.52872851,27.42017722
3/21/2022 19:36,28.49200671,457,31.37401958,0.529350247,27.41205023
3/21/2022 19:37,28.35545993,458,31.28638119,0.527350247,27.40240413
3/21/2022 19:38,28.20898119,459,31.28475204,0.525269538,27.39729247
3/21/2022 19:39,28.06372639,460,31.25323397,0.526136204,27.38894266
3/21/2022 19:40,27.89378622,461,31.30616982,0.524297776,27.39994963
3/21/2022 19:41,27.79273775,462,31.30978195,0.521464443,27.39752575
3/21/2022 19:42,27.74457746,463,31.30259793,0.521028294,27.39165065
3/21/2022 19:43,27.74956229,464,31.35259351,0.519794961,27.4012638
3/21/2022 19:44,27.80925429,465,31.34715293,0.519086759,27.39934413
3/21/2022 19:45,27.87743863,466,31.32974163,0.518386759,27.39099432
3/21/2022 19:46,28.00541065,467,31.27166226,0.519136255,27.38308085
3/21/2022 19:47,28.20004752,468,31.26939242,0.519069588,27.38399031
3/21/2022 19:48,28.42247534,469,31.31750228,0.518246092,27.38869038
3/21/2022 19:49,28.66174188,470,31.2605774,0.519112759,27.37978502
3/21/2022 19:50,28.91017561,471,31.26958983,0.519609711,27.37436457
3/21/2022 19:51,29.14938991,472,31.33302852,0.517976377,27.37971847
3/21/2022 19:52,29.38060182,473,31.29304547,0.5177291,27.36690336
3/21/2022 19:53,29.59765776,474,31.26903613,0.519395767,27.35633133
3/21/2022 19:54,29.80011755,475,31.2768021,0.518834372,27.35463491
3/21/2022 19:55,29.9906278,476,31.25992721,0.517334372,27.3462851
3/21/2022 19:56,30.17897487,477,31.26289663,0.517480948,27.34301441
3/21/2022 19:57,30.3508967,478,31.27152965,0.517714281,27.34133127
3/21/2022 19:58,30.50699344,479,31.23175014,0.517511105,27.33389124
3/21/2022 19:59,30.63593199,480,31.21399402,0.517311105,27.32776366
3/21/2022 20:00,30.72124719,481,31.17718387,0.516705731,27.31801604
3/21/2022 20:01,30.7986579,482,31.15228353,0.516405731,27.31336994
3/21/2022 20:02,30.75120484,483,31.09610585,0.515061789,27.30383835
3/21/2022 20:03,30.63537971,484,31.03450979,0.514428456,27.28882188
3/21/2022 20:04,30.46669358,485,31.04791734,0.513324295,27.28856524
3/21/2022 20:05,30.27325668,486,31.0198077,0.511524295,27.28651173
3/21/2022 20:06,30.0749157,487,30.96987047,0.511669845,27.2763369
3/21/2022 20:07,29.93650047,488,30.97746317,0.511136512,27.27187599
3/21/2022 20:08,29.85824377,489,30.89952509,0.512941025,27.25927664
3/21/2022 20:09,29.84277868,490,30.80996229,0.514007692,27.2451861
3/21/2022 20:10,29.87830976,491,30.81418026,0.515862492,27.24581351
3/21/2022 20:11,29.93702083,492,30.77920186,0.517462492,27.2400563
3/21/2022 20:12,30.00154833,493,30.7725341,0.520829085,27.24055443
3/21/2022 20:13,30.04716131,494,30.78615406,0.523595751,27.24276018
3/21/2022 20:14,30.058645,495,30.71335363,0.525432512,27.22805626
3/21/2022 20:15,30.02619407,496,30.66324563,0.528365846,27.22063238
3/21/2022 20:16,29.97943677,497,30.65531394,0.52582433,27.21562447
3/21/2022 20:17,29.84853903,498,30.6043047,0.52602433,27.2030154
3/21/2022 20:18,29.67226968,499,30.62550081,0.526120519,27.20721506
3/21/2022 20:19,29.46023372,500,30.65529087,0.523253853,27.21053192
3/21/2022 20:20,29.22736047,501,30.67123812,0.523394055,27.2164913
3/21/2022 20:21,28.99519332,502,30.67326872,0.525094055,27.21814149
3/21/2022 20:22,28.78207726,503,30.67807846,0.525560772,27.22166286
3/21/2022 20:23,28.60605784,504,30.69232167,0.524860772,27.22886861
3/21/2022 20:24,28.47745633,505,30.67769402,0.526154165,27.22888479
3/21/2022 20:25,28.40044294,506,30.68141177,0.527620832,27.23016461
3/21/2022 20:26,28.36665711,507,30.75175432,0.527247638,27.24615313
3/21/2022 20:27,28.38459237,508,30.75577337,0.527614304,27.25169221
3/21/2022 20:28,28.44156527,509,30.80778603,0.528032192,27.25847824
3/21/2022 20:29,28.53068491,510,30.90982601,0.527465525,27.27642473
3/21/2022 20:30,28.64417192,511,30.94484684,0.527816921,27.28560886
3/21/2022 20:31,28.73756344,512,30.95274934,0.528983588,27.28577757
3/21/2022 20:32,28.86657016,513,31.02305746,0.529085037,27.29591758
3/21/2022 20:33,28.97986569,514,31.09480894,0.528485037,27.31256777
3/21/2022 20:34,29.06414908,515,31.08418224,0.530594592,27.30573548
3/21/2022 20:35,29.10880808,516,31.11895897,0.532194592,27.30349678
3/21/2022 20:36,29.09988528,517,31.13272204,0.531423239,27.31155984
3/21/2022 20:37,29.0525272,518,31.09127151,0.532489906,27.30802485
3/21/2022 20:38,28.96993813,519,31.11657575,0.532746839,27.31283302
3/21/2022 20:39,28.86275354,520,31.18265717,0.531480172,27.32781655
3/21/2022 20:40,28.74257304,521,31.12661945,0.531896244,27.31582939
3/21/2022 20:41,28.64617801,522,31.0694604,0.533896244,27.30322032
3/21/2022 20:42,28.5344712,523,31.17918344,0.531319742,27.32368761
3/21/2022 20:43,28.43806985,524,31.23696786,0.528586408,27.33367113
3/21/2022 20:44,28.36455945,525,31.33456342,0.528438209,27.35373582
3/21/2022 20:45,28.32295803,526,31.44515466,0.527804875,27.37575638
3/21/2022 20:46,28.33391208,527,31.49525511,0.527756608,27.3858382
3/21/2022 20:47,28.38803452,528,31.56409047,0.527056608,27.40008098
3/21/2022 20:48,28.50145269,529,31.59007932,0.528043808,27.40670022
3/21/2022 20:49,28.66975005,530,31.6402043,0.529410475,27.41686893
3/21/2022 20:50,28.87785837,531,31.65001251,0.528679323,27.41570821
3/21/2022 20:51,29.10170107,532,31.62700573,0.52814599,27.41161767
3/21/2022 20:52,29.3036831,533,31.65962861,0.528505974,27.4163372
3/21/2022 20:53,29.45325406,534,31.72345008,0.528939307,27.42335776
3/21/2022 20:54,29.52964949,535,31.63079666,0.527960517,27.41374353
3/21/2022 20:55,29.52435739,536,31.54578488,0.52709385,27.40631965
3/21/2022 20:56,29.41415287,537,31.54190032,0.528340335,27.40590688
3/21/2022 20:57,29.26876459,538,31.52828131,0.528507002,27.40366819
3/21/2022 20:58,29.08507537,539,31.54264774,0.530799432,27.41014242
3/21/2022 20:59,28.88670458,540,31.55195996,0.533732765,27.41494076
3/21/2022 21:00,28.69578419,541,31.59253408,0.533986282,27.42294376
3/21/2022 21:01,28.53639544,542,31.62769458,0.533886282,27.43163099
3/21/2022 21:02,28.4194946,543,31.68616758,0.537771751,27.44575243
3/21/2022 21:03,28.35614202,544,31.7387466,0.541171751,27.45555078
3/21/2022 21:04,28.34614888,545,31.86717408,0.545501787,27.48644007
3/21/2022 21:05,28.38295061,546,31.97601351,0.550168453,27.51642359
3/21/2022 21:06,28.45759686,547,32.02214415,0.551699958,27.51847273
3/21/2022 21:07,28.54380452,548,32.09524451,0.553366625,27.52697478
3/21/2022 21:08,28.63163801,549,32.12815494,0.554311782,27.53248687
3/21/2022 21:09,28.71227713,550,32.12761517,0.555845116,27.53043336
3/21/2022 21:10,28.78007242,551,32.23889102,0.557123277,27.55124396
3/21/2022 21:11,28.83455342,552,32.37986563,0.557823277,27.57752379
3/21/2022 21:12,28.87206538,553,32.32440329,0.559286041,27.56498853
3/21/2022 21:13,28.8925485,554,32.29689659,0.561052708,27.55774983
3/21/2022 21:14,28.89037105,555,32.23780197,0.562732867,27.54864387
3/21/2022 21:15,28.85813215,556,32.14834029,0.5637662,27.5336274
3/21/2022 21:16,28.74078474,557,32.2301879,0.568229827,27.5498644
3/21/2022 21:17,28.61932938,558,32.33159513,0.573096494,27.56984793
3/21/2022 21:18,28.43961887,559,32.25018238,0.573773239,27.55693485
3/21/2022 21:19,28.20125273,560,32.16263346,0.574339905,27.54265912
3/21/2022 21:20,27.91218014,561,32.11853423,0.576815382,27.53488417
3/21/2022 21:21,27.57308556,562,32.07380049,0.579548716,27.52653437
3/21/2022 21:22,27.23980862,563,32.05997806,0.58038225,27.52009101
3/21/2022 21:23,26.9248681,564,32.03186643,0.581215584,27.5130375
3/21/2022 21:24,26.64958338,565,31.99507169,0.582593664,27.50118238
3/21/2022 21:25,26.42534921,566,31.95728897,0.58376033,27.48894369
3/21/2022 21:26,26.30256526,567,32.01939121,0.584609844,27.49532515
3/21/2022 21:27,26.17449382,568,32.09965525,0.586009844,27.50419757
3/21/2022 21:28,26.0746683,569,31.96909045,0.585693604,27.48046004
3/21/2022 21:29,25.98982286,570,31.84370983,0.585026938,27.45766579
3/21/2022 21:30,25.91173804,571,31.80844613,0.587858482,27.45403482
3/21/2022 21:31,25.84315805,572,31.77190679,0.590758482,27.44975909
3/21/2022 21:32,25.77462849,573,31.60974266,0.589127827,27.41767955
3/21/2022 21:33,25.71761054,574,31.46085885,0.588261161,27.38895938
3/21/2022 21:34,25.67521551,575,31.25382323,0.585918102,27.34994893
3/21/2022 21:35,25.64663944,576,31.0388323,0.583184769,27.30882135
3/21/2022 21:36,25.62258618,577,31.0483636,0.585231856,27.3081723
3/21/2022 21:37,25.60362357,578,31.04185212,0.586965189,27.30426694
3/21/2022 21:38,25.57366621,579,31.0338657,0.587811444,27.29938124
3/21/2022 21:39,25.52409092,580,31.0306708,0.58887811,27.29603144
3/21/2022 21:40,25.45117532,581,30.91113031,0.587835868,27.27285399
3/21/2022 21:41,25.33708514,582,30.80108437,0.586702534,27.25061529
3/21/2022 21:42,25.22593693,583,30.77148056,0.588862436,27.24475874
3/21/2022 21:43,25.10926654,584,30.72406005,0.590962436,27.23640894
3/21/2022 21:44,24.99824021,585,30.68370714,0.592007335,27.23540101
3/21/2022 21:45,24.90243782,586,30.655898,0.593307335,27.23705121
3/21/2022 21:46,24.88040121,587,30.56270238,0.591997531,27.21735573
3/21/2022 21:47,24.83708333,588,30.47877779,0.590564198,27.19882074
3/21/2022 21:48,24.82765646,589,30.5399271,0.592224751,27.20841675
3/21/2022 21:49,24.85462763,590,30.590623,0.593858085,27.21599287
3/21/2022 21:50,24.91771471,591,30.73835121,0.595362989,27.2416078
3/21/2022 21:51,25.06052523,592,30.88215349,0.597029656,27.26603577
3/21/2022 21:52,25.18281898,593,30.79099257,0.59877538,27.25585006
3/21/2022 21:53,25.3221992,594,30.69050327,0.600542046,27.24490766
3/21/2022 21:54,25.46862404,595,30.92343702,0.604986757,27.28503594
3/21/2022 21:55,25.61444075,596,31.18936032,0.609553424,27.33001947
3/21/2022 21:56,25.75043196,597,31.20894225,0.612397468,27.33107529
3/21/2022 21:57,25.8841362,598,31.20452631,0.614897468,27.32716993
3/21/2022 21:58,26.01236023,599,31.23023924,0.615626886,27.32332062
3/21/2022 21:59,26.13843989,600,31.2414123,0.616326886,27.31774859
3/21/2022 22:00,26.26584068,601,31.15275922,0.617112212,27.29734528
3/21/2022 22:01,26.4216594,602,31.07326741,0.618045545,27.2786251
3/21/2022 22:02,26.56112359,603,31.13936077,0.61904584,27.28641882
3/21/2022 22:03,26.71082907,604,31.21330673,0.619912507,27.29529124
3/21/2022 22:04,26.87319314,605,31.32979505,0.621406941,27.31252748
3/21/2022 22:05,27.04979579,606,31.44968256,0.623106941,27.33121471
3/21/2022 22:06,27.26501236,607,31.47365681,0.623716508,27.33650077
3/21/2022 22:07,27.4691532,608,31.49798998,0.624216508,27.34037319
3/21/2022 22:08,27.6836992,609,31.55938668,0.625467331,27.34490392
3/21/2022 22:09,27.90447726,610,31.61234422,0.626933998,27.34859115
3/21/2022 22:10,28.1258917,611,31.62240325,0.629813349,27.35183759
3/21/2022 22:11,28.27305582,612,31.6182935,0.632546683,27.35404334
3/21/2022 22:12,28.47348225,613,31.57443361,0.632607333,27.34801577
3/21/2022 22:13,28.64955592,614,31.52565269,0.632340666,27.33966596
3/21/2022 22:14,28.79027482,615,31.47995933,0.632285475,27.32100976
3/21/2022 22:15,28.88567221,616,31.43565199,0.632552142,27.30265995
3/21/2022 22:16,28.85359453,617,31.42076287,0.634456246,27.29765267
3/21/2022 22:17,28.85617811,618,31.44006484,0.636589579,27.29930286
3/21/2022 22:18,28.82651878,619,31.44857645,0.638144939,27.29926211
3/21/2022 22:19,28.78430559,620,31.44728671,0.639511606,27.29757897
3/21/2022 22:20,28.75440855,621,31.43962632,0.64028192,27.29540845
3/21/2022 22:21,28.86530727,622,31.4424149,0.641115253,27.29428087
3/21/2022 22:22,28.90411631,623,31.52943823,0.641610854,27.30498659
3/21/2022 22:23,28.97946883,624,31.58598433,0.641944187,27.31052568
3/21/2022 22:24,29.0795217,625,31.46801754,0.641191578,27.28488078
3/21/2022 22:25,29.18357638,626,31.36700641,0.640658245,27.26208653
3/21/2022 22:26,29.18581187,627,31.36897472,0.641682116,27.26541456
3/21/2022 22:27,29.24934433,628,31.39843036,0.642982116,27.27539808
3/21/2022 22:28,29.28160802,629,31.52128009,0.645283745,27.30191299
3/21/2022 22:29,29.28412008,630,31.66032703,0.647550411,27.33022985
3/21/2022 22:30,29.26459154,631,31.88298082,0.650014535,27.37020597
3/21/2022 22:31,29.19476837,632,32.09837413,0.653014535,27.41111542
3/21/2022 22:32,29.14985889,633,32.09956719,0.656395993,27.42368427
3/21/2022 22:33,29.09399537,634,32.02335647,0.659429326,27.42403817
3/21/2022 22:34,29.02324816,635,31.99540275,0.661789666,27.42503357
3/21/2022 22:35,28.93052437,636,32.02855088,0.664023,27.43298006
3/21/2022 22:36,28.69973032,637,32.05015484,0.665420149,27.43739997
3/21/2022 22:37,28.54649664,638,32.05694787,0.666386816,27.4384946
3/21/2022 22:38,28.36087054,639,32.12409463,0.667798792,27.45141141
3/21/2022 22:39,28.14556277,640,32.24787191,0.670165458,27.47343198
3/21/2022 22:40,27.9063392,641,32.46005883,0.673811559,27.50487805
3/21/2022 22:41,27.66368924,642,32.66863773,0.677844892,27.53597269
3/21/2022 22:42,27.40349669,643,32.83310425,0.68174891,27.56427359
3/21/2022 22:43,27.15021174,644,32.95624381,0.68474891,27.58722008
3/21/2022 22:44,26.9180481,645,33.0533586,0.686811321,27.60458033
3/21/2022 22:45,26.72108578,646,33.13344904,0.688911321,27.61789719
3/21/2022 22:46,26.7068928,647,33.19532034,0.691431162,27.62864249
3/21/2022 22:47,26.59817109,648,33.2916705,0.694031162,27.64362602
3/21/2022 22:48,26.5286476,649,33.32557065,0.694692589,27.64012267
3/21/2022 22:49,26.4858042,650,33.27149477,0.694159256,27.62047657
3/21/2022 22:50,26.45328298,651,33.1395252,0.694919395,27.59863548
3/21/2022 22:51,26.39468973,652,33.00623324,0.696952729,27.58232271
3/21/2022 22:52,26.35570231,653,32.94618349,0.697925893,27.57147083
3/21/2022 22:53,26.30665883,654,32.93582284,0.697825893,27.56293584
3/21/2022 22:54,26.24700548,655,33.00184596,0.698783188,27.57151444
3/21/2022 22:55,26.17722685,656,33.10922154,0.701049854,27.59057204
3/21/2022 22:56,25.95464017,657,33.0879768,0.702115063,27.58303679
3/21/2022 22:57,25.84353247,658,32.94076139,0.70148173,27.55172402
3/21/2022 22:58,25.70239634,659,32.76239485,0.700475742,27.52082868
3/21/2022 22:59,25.52730475,660,32.60779286,0.699609075,27.4971085
3/21/2022 23:00,25.31679048,661,32.484558,0.698988224,27.46982107
3/21/2022 23:01,25.03475649,662,32.4293662,0.699521558,27.44628608
3/21/2022 23:02,24.77384576,663,32.43983358,0.700280209,27.43548266
3/21/2022 23:03,24.50053526,664,32.38212107,0.699980209,27.41916989
3/21/2022 23:04,24.22334759,665,32.26749477,0.698704789,27.39184917
3/21/2022 23:05,23.95058722,666,32.18766608,0.697404789,27.36646233
3/21/2022 23:06,23.72881423,667,32.14585477,0.697477834,27.35400976
3/21/2022 23:07,23.47851,668,32.12499666,0.6984445,27.35399329
3/21/2022 23:08,23.24281861,669,32.07616519,0.698984822,27.35425802
3/21/2022 23:09,23.02261481,670,32.03863651,0.699184822,27.35757488
3/21/2022 23:10,22.81775629,671,32.01836967,0.698657138,27.3617407
3/21/2022 23:11,22.63326362,672,32.04273359,0.698723805,27.37061311
3/21/2022 23:12,22.45537302,673,32.11927119,0.700006498,27.38561647
3/21/2022 23:13,22.28557368,674,32.1998299,0.701473165,27.3993037
3/21/2022 23:14,22.11736964,675,32.26809318,0.702504405,27.40993587
3/21/2022 23:15,21.94208734,676,32.21390911,0.701637739,27.40028977
3/21/2022 23:16,21.67818864,677,32.07281812,0.699434447,27.38011077
3/21/2022 23:17,21.45900773,678,32.02236068,0.69896778,27.38102022
3/21/2022 23:18,21.21043469,679,32.11836942,0.702329926,27.40681033
3/21/2022 23:19,20.93492651,680,32.28330843,0.707896593,27.43512719
3/21/2022 23:20,20.64054881,681,32.35834941,0.710383606,27.44190636
3/21/2022 23:21,20.57922701,682,32.26434026,0.708483606,27.42151952
3/21/2022 23:22,20.30124254,683,32.24991884,0.707868947,27.41881132
3/21/2022 23:23,20.06305123,684,32.42905354,0.71050228,27.45101707
3/21/2022 23:24,19.88254081,685,32.54138038,0.71260159,27.47214898
3/21/2022 23:25,19.77505723,686,32.56382535,0.713568257,27.48083621
3/21/2022 23:26,19.98154413,687,32.63026004,0.714773736,27.49906913
3/21/2022 23:27,20.036279,688,32.8024834,0.717140403,27.53294155
3/21/2022 23:28,20.1617922,689,33.05038283,0.721026882,27.57394313
3/21/2022 23:29,20.34414728,690,33.24598117,0.725126882,27.60392666
3/21/2022 23:30,20.56436641,691,33.27606641,0.727056395,27.61315173
3/21/2022 23:31,20.64672622,692,33.15299392,0.726423061,27.60276488
3/21/2022 23:32,20.87952842,693,33.15806813,0.726280402,27.60702062
3/21/2022 23:33,21.09393708,694,33.39588402,0.728047069,27.63774489
3/21/2022 23:34,21.27695025,695,33.60469717,0.730328031,27.66579914
3/21/2022 23:35,21.41800794,696,33.60931065,0.731994698,27.66615304
3/21/2022 23:36,21.19349409,697,33.54372855,0.733334078,27.65392979
3/21/2022 23:37,21.2251837,698,33.37986865,0.733567411,27.6228022
3/21/2022 23:38,21.19290582,699,33.15303525,0.732712946,27.57985649
3/21/2022 23:39,21.0961318,700,32.86239746,0.729979612,27.52613632
3/21/2022 23:40,20.93887909,701,32.594167,0.727160912,27.47314797
3/21/2022 23:41,20.63756529,702,32.51672668,0.727094245,27.44146483
3/21/2022 23:42,20.39032523,703,32.46255715,0.727574992,27.41471579
3/21/2022 23:43,20.11847921,704,32.49073681,0.728808325,27.41432895
3/21/2022 23:44,19.83327487,705,32.62849031,0.730954835,27.43686518
3/21/2022 23:45,19.54363215,706,32.8889414,0.733321502,27.48055241
3/21/2022 23:46,19.16903453,707,33.11393177,0.735465127,27.51296575
3/21/2022 23:47,18.8838264,708,33.18898883,0.736631793,27.5138752
3/21/2022 23:48,18.59486907,709,33.19215324,0.736447564,27.50804441
3/21/2022 23:49,18.29065838,710,33.22288654,0.735847564,27.51913905
3/21/2022 23:50,17.95441217,711,33.37263802,0.736729836,27.54925049
3/21/2022 23:51,17.18807968,712,33.68912209,0.74046317,27.59997476
3/21/2022 23:52,16.72367244,713,33.95633112,0.744106629,27.64318101
3/21/2022 23:53,16.17424966,714,34.01817979,0.745373296,27.65760898
3/21/2022 23:54,15.53821941,715,34.02574448,0.745659976,27.66142482
3/21/2022 23:55,14.82315775,716,34.03506358,0.744626642,27.66011205
3/21/2022 23:56,13.98605307,717,34.05977984,0.743654091,27.66137827
3/21/2022 23:57,13.16768499,718,34.10262349,0.743354091,27.66969513
3/21/2022 23:58,12.32654062,719,34.14307892,0.743405067,27.67871797
3/21/2022 23:59,11.47771691,720,34.20979663,0.745805067,27.69129409
3/22/2022 0:00,10.63325997,721,34.32304378,0.748315125,27.71033092
3/22/2022 0:01,9.992774534,722,34.51882569,0.748081792,27.74087001
3/22/2022 0:02,9.182208177,723,34.69156132,0.747485583,27.76930405
3/22/2022 0:03,8.400380857,724,34.77039137,0.746785583,27.78928757
3/22/2022 0:04,7.656248792,725,34.85479476,0.746471774,27.81161293
3/22/2022 0:05,6.959428964,726,35.04202247,0.749471774,27.85122609
3/22/2022 0:06,6.670940664,727,35.2685052,0.752664989,27.89654042
3/22/2022 0:07,6.09913204,728,35.57871986,0.756364989,27.95096839
3/22/2022 0:08,5.599961286,729,35.91901564,0.760865603,28.00829452
3/22/2022 0:09,5.173927149,730,36.26403772,0.768798936,28.06790768
3/22/2022 0:10,4.816970983,731,36.55880345,0.776055433,28.12280894
3/22/2022 0:11,4.681993483,732,36.64465242,0.777122099,28.15408876
3/22/2022 0:12,4.433718341,733,36.68807911,0.777344785,28.17754847
3/22/2022 0:13,4.223151869,734,36.69395924,0.775711452,28.18345793
3/22/2022 0:14,4.042044041,735,36.70312346,0.774595772,28.18798953
3/22/2022 0:15,3.884028091,736,36.72655256,0.777429105,28.19519528
3/22/2022 0:16,3.787844141,737,36.7491533,0.780256546,28.20300352
3/22/2022 0:17,3.664166052,738,36.75662593,0.78078988,28.20946853
3/22/2022 0:18,3.552652034,739,36.7611351,0.781107597,28.21511777
3/22/2022 0:19,3.449757594,740,36.76312359,0.784874264,28.21806426
3/22/2022 0:20,3.352675358,741,36.76600732,0.788631509,28.22123613
3/22/2022 0:21,3.280757324,742,36.77384042,0.788298175,28.22344188
3/22/2022 0:22,3.189900565,743,36.78111985,0.788034406,28.22535929
3/22/2022 0:23,3.101993151,744,36.7832484,0.786301073,28.22386134
3/22/2022 0:24,3.018090187,745,36.78522185,0.784618717,28.22201325
3/22/2022 0:25,2.938860775,746,36.78866843,0.787818717,28.22199678
3/22/2022 0:26,2.860114191,747,36.79238085,0.791138435,28.22201779
3/22/2022 0:27,2.790640011,748,36.79585029,0.794171768,28.22033465
3/22/2022 0:28,2.724624699,749,36.79897339,0.796819228,28.21855177
3/22/2022 0:29,2.659894599,750,36.80143214,0.798385894,28.21816493
3/22/2022 0:30,2.594354432,751,36.80404662,0.799861533,28.21788479
3/22/2022 0:31,2.515844048,752,36.80771928,0.8074282,28.22120165
3/22/2022 0:32,2.442796058,753,36.81133753,0.815573622,28.22455609
3/22/2022 0:33,2.363813152,754,36.81367879,0.816506956,28.22453962
3/22/2022 0:34,2.279244695,755,36.815872,0.817180826,28.22440496
3/22/2022 0:35,2.191132558,756,36.81940288,0.821980826,28.2254996
3/22/2022 0:36,2.194130908,757,36.82339215,0.826364312,28.22669973
3/22/2022 0:37,2.11182959,758,36.8359441,0.826964312,28.22927585
3/22/2022 0:38,2.041769057,759,36.84905746,0.827864883,28.23194671
3/22/2022 0:39,1.989256786,760,36.86260775,0.826898217,28.23155987
3/22/2022 0:40,1.956164171,761,36.87586827,0.82580351,28.23093566
3/22/2022 0:41,1.9248613,762,36.8787326,0.82560351,28.23036363
3/22/2022 0:42,1.899745517,763,36.88111099,0.825802534,28.22967089
3/22/2022 0:43,1.90082405,764,36.88277455,0.828269201,28.22909886
3/22/2022 0:44,1.897660961,765,36.88454663,0.830711693,28.22856413
3/22/2022 0:45,1.885263653,766,36.88620978,0.829845027,28.22799211
3/22/2022 0:46,1.896322541,767,36.88788624,0.828708017,28.22739499
3/22/2022 0:47,1.883377489,768,36.88957897,0.83384135,28.22700815
3/22/2022 0:48,1.849257292,769,36.891029,0.838453487,28.2267053
3/22/2022 0:49,1.818773148,770,36.8939873,0.837386821,28.22557772
3/22/2022 0:50,1.797911468,771,36.89692437,0.836868846,28.224618
3/22/2022 0:51,1.79222668,772,36.8968508,0.838735512,28.22626819
3/22/2022 0:52,1.830223086,773,36.89709621,0.840780513,28.22785078
3/22/2022 0:53,1.84538531,774,36.89639275,0.843480513,28.22931579
3/22/2022 0:54,1.867063412,775,36.89553795,0.846034821,28.23096196
3/22/2022 0:55,1.89204599,776,36.89815335,0.847501487,28.22983438
3/22/2022 0:56,1.955890242,777,36.90047164,0.848809978,28.22883136
3/22/2022 0:57,1.987842964,778,36.90086222,0.848676645,28.22955562
3/22/2022 0:58,2.02142289,779,36.90166416,0.848550012,28.23004343
3/22/2022 0:59,2.062533701,780,36.90226694,0.851016678,28.22984178
3/22/2022 1:00,2.113542403,781,36.90256573,0.853025307,28.22972286
3/22/2022 1:01,2.200164958,782,36.90406901,0.849625307,28.22803972
3/22/2022 1:02,2.218790087,783,36.90564284,0.847145496,28.22633399
3/22/2022 1:03,2.298658522,784,36.90535451,0.84927883,28.2265027
3/22/2022 1:04,2.382125791,785,36.90537967,0.851099995,28.22647852
3/22/2022 1:05,2.463381811,786,36.90575036,0.847766662,28.22646205
3/22/2022 1:06,2.464165404,787,36.90579973,0.844884605,28.22640772
3/22/2022 1:07,2.517131106,788,36.90643441,0.843284605,28.22583569
3/22/2022 1:08,2.558118841,789,36.90692886,0.841311517,28.22552024
3/22/2022 1:09,2.578156427,790,36.90738431,0.844378184,28.22550376
3/22/2022 1:10,2.578638028,791,36.90817682,0.846375699,28.22534345
3/22/2022 1:11,2.563763361,792,36.90898481,0.846909033,28.22421587
3/22/2022 1:12,2.590412711,793,36.90952387,0.84880493,28.22344809
3/22/2022 1:13,2.563764534,794,36.9110098,0.849338263,28.22046865
3/22/2022 1:14,2.542379249,795,36.91229616,0.84940339,28.21790243
3/22/2022 1:15,2.531044139,796,36.91411886,0.849836723,28.21547855
3/22/2022 1:16,2.531839828,797,36.91596666,0.85091757,28.21283274
3/22/2022 1:17,2.512245861,798,36.91753488,0.846984237,28.21040886
3/22/2022 1:18,2.534415612,799,36.91915191,0.843153643,28.20781726
3/22/2022 1:19,2.561305449,800,36.91915115,0.842320309,28.2076156
3/22/2022 1:20,2.586630247,801,36.91933653,0.840965003,28.20702363
3/22/2022 1:21,2.605049808,802,36.9213247,0.839998336,28.20571087
3/22/2022 1:22,2.566030174,803,36.92281569,0.838979712,28.20481062
3/22/2022 1:23,2.562059764,804,36.92381446,0.841513045,28.20497934
3/22/2022 1:24,2.546398752,805,36.92568105,0.843540352,28.20432629
3/22/2022 1:25,2.520990064,806,36.92517645,0.841073685,28.20597649
